Copyright 1986-2022 Xilinx, Inc. All Rights Reserved. Copyright 2022-2023 Advanced Micro Devices, Inc. All Rights Reserved.
--------------------------------------------------------------------------------------------------------------------------------------------------
| Tool Version      : Vivado v.2023.2 (win64) Build 4029153 Fri Oct 13 20:14:34 MDT 2023
| Date              : Tue Sep 29 21:34:06 2026
| Host              : YYJ running 64-bit major release  (build 9200)
| Command           : report_timing_summary -file C:/ddr2400/rfsoc4x2_25g_udp/build/timing_summary.rpt
| Design            : fpga
| Device            : xczu48dr-ffvg1517
| Speed File        : -2  PRODUCTION 1.32 01-31-2021
| Design State      : Routed
| Temperature Grade : E
--------------------------------------------------------------------------------------------------------------------------------------------------

Timing Summary Report

------------------------------------------------------------------------------------------------
| Timer Settings
| --------------
------------------------------------------------------------------------------------------------

  Enable Multi Corner Analysis               :  Yes
  Enable Pessimism Removal                   :  Yes
  Pessimism Removal Resolution               :  Nearest Common Node
  Enable Input Delay Default Clock           :  No
  Enable Preset / Clear Arcs                 :  No
  Disable Flight Delays                      :  No
  Ignore I/O Paths                           :  No
  Timing Early Launch at Borrowing Latches   :  No
  Borrow Time for Max Delay Exceptions       :  Yes
  Merge Timing Exceptions                    :  Yes
  Inter-SLR Compensation                     :  Conservative

  Corner  Analyze    Analyze    
  Name    Max Paths  Min Paths  
  ------  ---------  ---------  
  Slow    Yes        Yes        
  Fast    Yes        Yes        


------------------------------------------------------------------------------------------------
| Report Methodology
| ------------------
------------------------------------------------------------------------------------------------

Rule      Severity  Description                                                        Violations  
--------  --------  -----------------------------------------------------------------  ----------  
LUTAR-1   Warning   LUT drives async reset alert                                       12          
SYNTH-5   Warning   Mapped onto distributed RAM because of timing constraints          2           
SYNTH-16  Warning   Address collision                                                  1           
TIMING-9  Warning   Unknown CDC Logic                                                  1           
XDCV-2    Advisory  Incomplete constraint coverage due to missing replicated objects.  2           

Note: This report is based on the most recent report_methodology run and may not be up-to-date. Run report_methodology on the current design for the latest report.



check_timing report

Table of Contents
-----------------
1. checking no_clock (0)
2. checking constant_clock (0)
3. checking pulse_width_clock (0)
4. checking unconstrained_internal_endpoints (0)
5. checking no_input_delay (1)
6. checking no_output_delay (1)
7. checking multiple_clock (0)
8. checking generated_clocks (0)
9. checking loops (0)
10. checking partial_input_delay (0)
11. checking partial_output_delay (0)
12. checking latch_loops (0)

1. checking no_clock (0)
------------------------
 There are 0 register/latch pins with no clock.


2. checking constant_clock (0)
------------------------------
 There are 0 register/latch pins with constant_clock.


3. checking pulse_width_clock (0)
---------------------------------
 There are 0 register/latch pins which need pulse_width check


4. checking unconstrained_internal_endpoints (0)
------------------------------------------------
 There are 0 pins that are not constrained for maximum delay.

 There are 0 pins that are not constrained for maximum delay due to constant clock.


5. checking no_input_delay (1)
------------------------------
 There are 0 input ports with no input delay specified.

 There is 1 input port with no input delay but user has a false path constraint. (MEDIUM)


6. checking no_output_delay (1)
-------------------------------
 There is 1 port with no output delay specified. (HIGH)

 There are 0 ports with no output delay but user has a false path constraint

 There are 0 ports with no output delay but with a timing clock defined on it or propagating through it


7. checking multiple_clock (0)
------------------------------
 There are 0 register/latch pins with multiple clocks.


8. checking generated_clocks (0)
--------------------------------
 There are 0 generated clocks that are not connected to a clock source.


9. checking loops (0)
---------------------
 There are 0 combinational loops in the design.


10. checking partial_input_delay (0)
------------------------------------
 There are 0 input ports with partial input delay specified.


11. checking partial_output_delay (0)
-------------------------------------
 There are 0 ports with partial output delay specified.


12. checking latch_loops (0)
----------------------------
 There are 0 combinational latch loops in the design through latch input



------------------------------------------------------------------------------------------------
| Design Timing Summary
| ---------------------
------------------------------------------------------------------------------------------------

    WNS(ns)      TNS(ns)  TNS Failing Endpoints  TNS Total Endpoints      WHS(ns)      THS(ns)  THS Failing Endpoints  THS Total Endpoints     WPWS(ns)     TPWS(ns)  TPWS Failing Endpoints  TPWS Total Endpoints  
    -------      -------  ---------------------  -------------------      -------      -------  ---------------------  -------------------     --------     --------  ----------------------  --------------------  
      0.050        0.000                      0               104032        0.010        0.000                      0               103197        0.039        0.000                       0                 42105  


All user specified timing constraints are met.


------------------------------------------------------------------------------------------------
| Clock Summary
| -------------
------------------------------------------------------------------------------------------------

Clock                                                                                                Waveform(ns)             Period(ns)      Frequency(MHz)
-----                                                                                                ------------             ----------      --------------
c0_sys_clk_p                                                                                         {0.000 2.499}            4.998           200.080         
  mmcm_clkout0                                                                                       {0.000 1.666}            3.332           300.120         
    pll_clk[0]                                                                                       {0.000 0.208}            0.417           2400.960        
      pll_clk[0]_DIV                                                                                 {0.000 1.666}            3.332           300.120         
    pll_clk[1]                                                                                       {0.000 0.208}            0.417           2400.960        
      pll_clk[1]_DIV                                                                                 {0.000 1.666}            3.332           300.120         
    pll_clk[2]                                                                                       {0.000 0.208}            0.417           2400.960        
      pll_clk[2]_DIV                                                                                 {0.000 1.666}            3.332           300.120         
  mmcm_clkout5                                                                                       {0.000 6.664}            13.328          75.030          
  mmcm_clkout6                                                                                       {0.000 3.332}            6.664           150.060         
clk_100                                                                                              {0.000 5.000}            10.000          100.000         
  clk_125_mmcm                                                                                       {0.000 4.000}            8.000           125.000         
  clk_400_mmcm                                                                                       {0.000 1.250}            2.500           400.000         
dbg_hub/inst/BSCANID.u_xsdbm_id/SWITCH_N_EXT_BSCAN.bscan_inst/SERIES7_BSCAN.bscan_inst/INTERNAL_TCK  {0.000 25.000}           50.000          20.000          
qsfp0_mgt_refclk_0_p                                                                                 {0.000 3.200}            6.400           156.250         
  qpll0outclk_out[0]                                                                                 {0.000 0.039}            0.078           12890.630       
    GTYE4_CHANNEL_TXOUTCLKPCS[0]                                                                     {0.000 1.552}            3.103           322.266         
    GTYE4_CHANNEL_TXOUTCLKPCS[1]                                                                     {0.000 1.552}            3.103           322.266         
    GTYE4_CHANNEL_TXOUTCLKPCS[2]                                                                     {0.000 1.552}            3.103           322.266         
    GTYE4_CHANNEL_TXOUTCLKPCS[3]                                                                     {0.000 1.552}            3.103           322.266         
    rxoutclk_out[0]                                                                                  {0.000 1.552}            3.103           322.266         
    txoutclk_out[0]                                                                                  {0.000 1.552}            3.103           322.266         
  qpll0outrefclk_out[0]                                                                              {0.000 3.200}            6.400           156.250         


------------------------------------------------------------------------------------------------
| Intra Clock Table
| -----------------
------------------------------------------------------------------------------------------------

Clock                                                                                                    WNS(ns)      TNS(ns)  TNS Failing Endpoints  TNS Total Endpoints      WHS(ns)      THS(ns)  THS Failing Endpoints  THS Total Endpoints     WPWS(ns)     TPWS(ns)  TPWS Failing Endpoints  TPWS Total Endpoints  
-----                                                                                                    -------      -------  ---------------------  -------------------      -------      -------  ---------------------  -------------------     --------     --------  ----------------------  --------------------  
c0_sys_clk_p                                                                                               3.647        0.000                      0                   23        0.069        0.000                      0                   23        0.750        0.000                       0                    19  
  mmcm_clkout0                                                                                             0.212        0.000                      0                57612        0.010        0.000                      0                57612        0.500        0.000                       0                 25161  
    pll_clk[0]                                                                                                                                                                                                                                         0.039        0.000                       0                     9  
      pll_clk[0]_DIV                                                                                                                                                                                                                                   0.466        0.000                       0                    40  
    pll_clk[1]                                                                                                                                                                                                                                         0.039        0.000                       0                     9  
      pll_clk[1]_DIV                                                                                                                                                                                                                                   0.466        0.000                       0                    25  
    pll_clk[2]                                                                                                                                                                                                                                         0.039        0.000                       0                     9  
      pll_clk[2]_DIV                                                                                                                                                                                                                                   0.466        0.000                       0                    40  
  mmcm_clkout5                                                                                             9.278        0.000                      0                 1230        0.026        0.000                      0                 1230        6.132        0.000                       0                   872  
  mmcm_clkout6                                                                                             1.407        0.000                      0                 5713        0.010        0.000                      0                 5185        1.104        0.000                       0                  1747  
clk_100                                                                                                                                                                                                                                                2.000        0.000                       0                     1  
  clk_125_mmcm                                                                                             4.843        0.000                      0                 3540        0.014        0.000                      0                 3540        3.458        0.000                       0                  1414  
  clk_400_mmcm                                                                                             0.050        0.000                      0                23254        0.016        0.000                      0                23254        0.550        0.000                       0                  8827  
dbg_hub/inst/BSCANID.u_xsdbm_id/SWITCH_N_EXT_BSCAN.bscan_inst/SERIES7_BSCAN.bscan_inst/INTERNAL_TCK       14.826        0.000                      0                  997        0.013        0.000                      0                  997       24.468        0.000                       0                   483  
    GTYE4_CHANNEL_TXOUTCLKPCS[0]                                                                           2.006        0.000                      0                   34        0.080        0.000                      0                   34        1.277        0.000                       0                    15  
    GTYE4_CHANNEL_TXOUTCLKPCS[1]                                                                           2.090        0.000                      0                   34        0.107        0.000                      0                   34        1.277        0.000                       0                    15  
    GTYE4_CHANNEL_TXOUTCLKPCS[2]                                                                           2.038        0.000                      0                   34        0.142        0.000                      0                   34        1.277        0.000                       0                    15  
    GTYE4_CHANNEL_TXOUTCLKPCS[3]                                                                           1.810        0.000                      0                   34        0.129        0.000                      0                   34        1.277        0.000                       0                    15  
    rxoutclk_out[0]                                                                                        1.068        0.000                      0                  969        0.046        0.000                      0                  969        0.454        0.000                       0                   666  
    txoutclk_out[0]                                                                                        0.239        0.000                      0                 9105        0.019        0.000                      0                 9105        0.543        0.000                       0                  2723  


------------------------------------------------------------------------------------------------
| Inter Clock Table
| -----------------
------------------------------------------------------------------------------------------------

From Clock                                                                                           To Clock                                                                                                 WNS(ns)      TNS(ns)  TNS Failing Endpoints  TNS Total Endpoints      WHS(ns)      THS(ns)  THS Failing Endpoints  THS Total Endpoints  
----------                                                                                           --------                                                                                                 -------      -------  ---------------------  -------------------      -------      -------  ---------------------  -------------------  
mmcm_clkout5                                                                                         mmcm_clkout0                                                                                               1.944        0.000                      0                   28                                                                        
mmcm_clkout6                                                                                         mmcm_clkout0                                                                                               1.380        0.000                      0                  133                                                                        
clk_125_mmcm                                                                                         mmcm_clkout0                                                                                               7.450        0.000                      0                    8                                                                        
clk_400_mmcm                                                                                         mmcm_clkout0                                                                                               2.016        0.000                      0                    8                                                                        
mmcm_clkout0                                                                                         pll_clk[0]_DIV                                                                                             0.660        0.000                      0                  352        0.629        0.000                      0                  352  
mmcm_clkout0                                                                                         pll_clk[1]_DIV                                                                                             0.645        0.000                      0                  224        0.690        0.000                      0                  224  
mmcm_clkout0                                                                                         pll_clk[2]_DIV                                                                                             0.644        0.000                      0                  352        0.725        0.000                      0                  352  
mmcm_clkout0                                                                                         mmcm_clkout5                                                                                              11.457        0.000                      0                   10                                                                        
dbg_hub/inst/BSCANID.u_xsdbm_id/SWITCH_N_EXT_BSCAN.bscan_inst/SERIES7_BSCAN.bscan_inst/INTERNAL_TCK  mmcm_clkout5                                                                                              49.529        0.000                      0                    8                                                                        
mmcm_clkout0                                                                                         mmcm_clkout6                                                                                               2.098        0.000                      0                   36        0.093        0.000                      0                    1  
mmcm_clkout0                                                                                         clk_125_mmcm                                                                                               2.580        0.000                      0                    8                                                                        
mmcm_clkout0                                                                                         clk_400_mmcm                                                                                               2.864        0.000                      0                    8                                                                        
txoutclk_out[0]                                                                                      clk_400_mmcm                                                                                               2.529        0.000                      0                   27                                                                        
mmcm_clkout5                                                                                         dbg_hub/inst/BSCANID.u_xsdbm_id/SWITCH_N_EXT_BSCAN.bscan_inst/SERIES7_BSCAN.bscan_inst/INTERNAL_TCK       12.880        0.000                      0                    8                                                                        
clk_400_mmcm                                                                                         txoutclk_out[0]                                                                                            1.879        0.000                      0                   26                                                                        


------------------------------------------------------------------------------------------------
| Other Path Groups Table
| -----------------------
------------------------------------------------------------------------------------------------

Path Group                                                                                           From Clock                                                                                           To Clock                                                                                                 WNS(ns)      TNS(ns)  TNS Failing Endpoints  TNS Total Endpoints      WHS(ns)      THS(ns)  THS Failing Endpoints  THS Total Endpoints  
----------                                                                                           ----------                                                                                           --------                                                                                                 -------      -------  ---------------------  -------------------      -------      -------  ---------------------  -------------------  
**async_default**                                                                                    clk_125_mmcm                                                                                         clk_125_mmcm                                                                                               6.693        0.000                      0                    1        0.464        0.000                      0                    1  
**async_default**                                                                                    clk_400_mmcm                                                                                         clk_400_mmcm                                                                                               0.833        0.000                      0                    2        0.563        0.000                      0                    2  
**async_default**                                                                                    dbg_hub/inst/BSCANID.u_xsdbm_id/SWITCH_N_EXT_BSCAN.bscan_inst/SERIES7_BSCAN.bscan_inst/INTERNAL_TCK  dbg_hub/inst/BSCANID.u_xsdbm_id/SWITCH_N_EXT_BSCAN.bscan_inst/SERIES7_BSCAN.bscan_inst/INTERNAL_TCK       47.530        0.000                      0                  100        0.126        0.000                      0                  100  
**async_default**                                                                                    mmcm_clkout0                                                                                         mmcm_clkout0                                                                                               1.369        0.000                      0                    1        0.842        0.000                      0                    1  
**async_default**                                                                                    mmcm_clkout5                                                                                         mmcm_clkout5                                                                                              12.357        0.000                      0                  111        0.101        0.000                      0                  111  
**async_default**                                                                                    txoutclk_out[0]                                                                                      txoutclk_out[0]                                                                                            1.333        0.000                      0                    2        0.355        0.000                      0                    2  


------------------------------------------------------------------------------------------------
| Timing Details
| --------------
------------------------------------------------------------------------------------------------


---------------------------------------------------------------------------------------------------
From Clock:  c0_sys_clk_p
  To Clock:  c0_sys_clk_p

Setup :            0  Failing Endpoints,  Worst Slack        3.647ns,  Total Violation        0.000ns
Hold  :            0  Failing Endpoints,  Worst Slack        0.069ns,  Total Violation        0.000ns
PW    :            0  Failing Endpoints,  Worst Slack        0.750ns,  Total Violation        0.000ns
---------------------------------------------------------------------------------------------------


Max Delay Paths
--------------------------------------------------------------------------------------
Slack (MET) :             3.647ns  (required time - arrival time)
  Source:                 core_inst/ddr_inst/u_ddr4/inst/u_ddr4_infrastructure/rst_input_async_reg[1]/C
                            (rising edge-triggered cell FDPE clocked by c0_sys_clk_p  {rise@0.000ns fall@2.499ns period=4.998ns})
  Destination:            core_inst/ddr_inst/u_ddr4/inst/u_ddr4_infrastructure/rst_input_sync_r_reg[0]/D
                            (rising edge-triggered cell FDRE clocked by c0_sys_clk_p  {rise@0.000ns fall@2.499ns period=4.998ns})
  Path Group:             c0_sys_clk_p
  Path Type:              Setup (Max at Slow Process Corner)
  Requirement:            4.998ns  (c0_sys_clk_p rise@4.998ns - c0_sys_clk_p rise@0.000ns)
  Data Path Delay:        1.316ns  (logic 0.080ns (6.079%)  route 1.236ns (93.921%))
  Logic Levels:           0  
  Clock Path Skew:        -0.025ns (DCD - SCD + CPR)
    Destination Clock Delay (DCD):    2.337ns = ( 7.335 - 4.998 ) 
    Source Clock Delay      (SCD):    2.692ns
    Clock Pessimism Removal (CPR):    0.330ns
  Clock Uncertainty:      0.035ns  ((TSJ^2 + TIJ^2)^1/2 + DJ) / 2 + PE
    Total System Jitter     (TSJ):    0.071ns
    Total Input Jitter      (TIJ):    0.000ns
    Discrete Jitter          (DJ):    0.000ns
    Phase Error              (PE):    0.000ns
  Clock Net Delay (Source):      1.642ns (routing 0.795ns, distribution 0.847ns)
  Clock Net Delay (Destination): 1.455ns (routing 0.722ns, distribution 0.733ns)

    Location             Delay type                Incr(ns)  Path(ns)    Netlist Resource(s)
  -------------------------------------------------------------------    -------------------
                         (clock c0_sys_clk_p rise edge)
                                                      0.000     0.000 r  
    G13                                               0.000     0.000 r  c0_sys_clk_p (IN)
                         net (fo=0)                   0.100     0.100    core_inst/ddr_inst/u_ddr4/inst/u_ddr4_mem_intfc/u_mig_ddr4_phy/inst/u_ddr4_phy_pll/diff_input_clk.u_ibufg_sys_clk/I
    HPIOBDIFFINBUF_X0Y108
                         DIFFINBUF (Prop_DIFFINBUF_HPIOBDIFFINBUF_DIFF_IN_P_O)
                                                      0.549     0.649 r  core_inst/ddr_inst/u_ddr4/inst/u_ddr4_mem_intfc/u_mig_ddr4_phy/inst/u_ddr4_phy_pll/diff_input_clk.u_ibufg_sys_clk/DIFFINBUF_INST/O
                         net (fo=1, routed)           0.050     0.699    core_inst/ddr_inst/u_ddr4/inst/u_ddr4_mem_intfc/u_mig_ddr4_phy/inst/u_ddr4_phy_pll/diff_input_clk.u_ibufg_sys_clk/OUT
    G13                  IBUFCTRL (Prop_IBUFCTRL_HPIOB_M_I_O)
                                                      0.000     0.699 r  core_inst/ddr_inst/u_ddr4/inst/u_ddr4_mem_intfc/u_mig_ddr4_phy/inst/u_ddr4_phy_pll/diff_input_clk.u_ibufg_sys_clk/IBUFCTRL_INST/O
                         net (fo=2, routed)           0.323     1.022    core_inst/ddr_inst/u_ddr4/inst/u_ddr4_infrastructure/sys_clk_in
    BUFGCE_X0Y117        BUFGCE (Prop_BUFCE_BUFGCE_I_O)
                                                      0.028     1.050 r  core_inst/ddr_inst/u_ddr4/inst/u_ddr4_infrastructure/u_bufg_inst/O
    X4Y3 (CLOCK_ROOT)    net (fo=17, routed)          1.642     2.692    core_inst/ddr_inst/u_ddr4/inst/u_ddr4_infrastructure/sys_clk_in_bufg
    SLICE_X81Y180        FDPE                                         r  core_inst/ddr_inst/u_ddr4/inst/u_ddr4_infrastructure/rst_input_async_reg[1]/C
  -------------------------------------------------------------------    -------------------
    SLICE_X81Y180        FDPE (Prop_BFF2_SLICEL_C_Q)
                                                      0.080     2.772 r  core_inst/ddr_inst/u_ddr4/inst/u_ddr4_infrastructure/rst_input_async_reg[1]/Q
                         net (fo=1, routed)           1.236     4.008    core_inst/ddr_inst/u_ddr4/inst/u_ddr4_infrastructure/rst_input_async[1]
    SLICE_X81Y181        FDRE                                         r  core_inst/ddr_inst/u_ddr4/inst/u_ddr4_infrastructure/rst_input_sync_r_reg[0]/D
  -------------------------------------------------------------------    -------------------

                         (clock c0_sys_clk_p rise edge)
                                                      4.998     4.998 r  
    G13                                               0.000     4.998 r  c0_sys_clk_p (IN)
                         net (fo=0)                   0.079     5.077    core_inst/ddr_inst/u_ddr4/inst/u_ddr4_mem_intfc/u_mig_ddr4_phy/inst/u_ddr4_phy_pll/diff_input_clk.u_ibufg_sys_clk/I
    HPIOBDIFFINBUF_X0Y108
                         DIFFINBUF (Prop_DIFFINBUF_HPIOBDIFFINBUF_DIFF_IN_P_O)
                                                      0.453     5.530 r  core_inst/ddr_inst/u_ddr4/inst/u_ddr4_mem_intfc/u_mig_ddr4_phy/inst/u_ddr4_phy_pll/diff_input_clk.u_ibufg_sys_clk/DIFFINBUF_INST/O
                         net (fo=1, routed)           0.040     5.570    core_inst/ddr_inst/u_ddr4/inst/u_ddr4_mem_intfc/u_mig_ddr4_phy/inst/u_ddr4_phy_pll/diff_input_clk.u_ibufg_sys_clk/OUT
    G13                  IBUFCTRL (Prop_IBUFCTRL_HPIOB_M_I_O)
                                                      0.000     5.570 r  core_inst/ddr_inst/u_ddr4/inst/u_ddr4_mem_intfc/u_mig_ddr4_phy/inst/u_ddr4_phy_pll/diff_input_clk.u_ibufg_sys_clk/IBUFCTRL_INST/O
                         net (fo=2, routed)           0.286     5.856    core_inst/ddr_inst/u_ddr4/inst/u_ddr4_infrastructure/sys_clk_in
    BUFGCE_X0Y117        BUFGCE (Prop_BUFCE_BUFGCE_I_O)
                                                      0.024     5.880 r  core_inst/ddr_inst/u_ddr4/inst/u_ddr4_infrastructure/u_bufg_inst/O
    X4Y3 (CLOCK_ROOT)    net (fo=17, routed)          1.455     7.335    core_inst/ddr_inst/u_ddr4/inst/u_ddr4_infrastructure/sys_clk_in_bufg
    SLICE_X81Y181        FDRE                                         r  core_inst/ddr_inst/u_ddr4/inst/u_ddr4_infrastructure/rst_input_sync_r_reg[0]/C
                         clock pessimism              0.330     7.665    
                         clock uncertainty           -0.035     7.630    
    SLICE_X81Y181        FDRE (Setup_AFF2_SLICEL_C_D)
                                                      0.025     7.655    core_inst/ddr_inst/u_ddr4/inst/u_ddr4_infrastructure/rst_input_sync_r_reg[0]
  -------------------------------------------------------------------
                         required time                          7.655    
                         arrival time                          -4.008    
  -------------------------------------------------------------------
                         slack                                  3.647    





Min Delay Paths
--------------------------------------------------------------------------------------
Slack (MET) :             0.069ns  (arrival time - required time)
  Source:                 core_inst/ddr_inst/u_ddr4/inst/u_ddr4_infrastructure/rst_input_sync_r_reg[2]/C
                            (rising edge-triggered cell FDRE clocked by c0_sys_clk_p  {rise@0.000ns fall@2.499ns period=4.998ns})
  Destination:            core_inst/ddr_inst/u_ddr4/inst/u_ddr4_infrastructure/rst_input_sync_r_reg[3]/D
                            (rising edge-triggered cell FDRE clocked by c0_sys_clk_p  {rise@0.000ns fall@2.499ns period=4.998ns})
  Path Group:             c0_sys_clk_p
  Path Type:              Hold (Min at Fast Process Corner)
  Requirement:            0.000ns  (c0_sys_clk_p rise@0.000ns - c0_sys_clk_p rise@0.000ns)
  Data Path Delay:        0.122ns  (logic 0.040ns (32.787%)  route 0.082ns (67.213%))
  Logic Levels:           0  
  Clock Path Skew:        0.006ns (DCD - SCD - CPR)
    Destination Clock Delay (DCD):    1.787ns
    Source Clock Delay      (SCD):    1.496ns
    Clock Pessimism Removal (CPR):    0.286ns
  Clock Net Delay (Source):      0.908ns (routing 0.437ns, distribution 0.471ns)
  Clock Net Delay (Destination): 1.031ns (routing 0.489ns, distribution 0.542ns)

    Location             Delay type                Incr(ns)  Path(ns)    Netlist Resource(s)
  -------------------------------------------------------------------    -------------------
                         (clock c0_sys_clk_p rise edge)
                                                      0.000     0.000 r  
    G13                                               0.000     0.000 r  c0_sys_clk_p (IN)
                         net (fo=0)                   0.079     0.079    core_inst/ddr_inst/u_ddr4/inst/u_ddr4_mem_intfc/u_mig_ddr4_phy/inst/u_ddr4_phy_pll/diff_input_clk.u_ibufg_sys_clk/I
    HPIOBDIFFINBUF_X0Y108
                         DIFFINBUF (Prop_DIFFINBUF_HPIOBDIFFINBUF_DIFF_IN_P_O)
                                                      0.308     0.387 r  core_inst/ddr_inst/u_ddr4/inst/u_ddr4_mem_intfc/u_mig_ddr4_phy/inst/u_ddr4_phy_pll/diff_input_clk.u_ibufg_sys_clk/DIFFINBUF_INST/O
                         net (fo=1, routed)           0.040     0.427    core_inst/ddr_inst/u_ddr4/inst/u_ddr4_mem_intfc/u_mig_ddr4_phy/inst/u_ddr4_phy_pll/diff_input_clk.u_ibufg_sys_clk/OUT
    G13                  IBUFCTRL (Prop_IBUFCTRL_HPIOB_M_I_O)
                                                      0.000     0.427 r  core_inst/ddr_inst/u_ddr4/inst/u_ddr4_mem_intfc/u_mig_ddr4_phy/inst/u_ddr4_phy_pll/diff_input_clk.u_ibufg_sys_clk/IBUFCTRL_INST/O
                         net (fo=2, routed)           0.144     0.571    core_inst/ddr_inst/u_ddr4/inst/u_ddr4_infrastructure/sys_clk_in
    BUFGCE_X0Y117        BUFGCE (Prop_BUFCE_BUFGCE_I_O)
                                                      0.017     0.588 r  core_inst/ddr_inst/u_ddr4/inst/u_ddr4_infrastructure/u_bufg_inst/O
    X4Y3 (CLOCK_ROOT)    net (fo=17, routed)          0.908     1.496    core_inst/ddr_inst/u_ddr4/inst/u_ddr4_infrastructure/sys_clk_in_bufg
    SLICE_X81Y181        FDRE                                         r  core_inst/ddr_inst/u_ddr4/inst/u_ddr4_infrastructure/rst_input_sync_r_reg[2]/C
  -------------------------------------------------------------------    -------------------
    SLICE_X81Y181        FDRE (Prop_CFF2_SLICEL_C_Q)
                                                      0.040     1.536 r  core_inst/ddr_inst/u_ddr4/inst/u_ddr4_infrastructure/rst_input_sync_r_reg[2]/Q
                         net (fo=1, routed)           0.082     1.618    core_inst/ddr_inst/u_ddr4/inst/u_ddr4_infrastructure/rst_input_sync_r[2]
    SLICE_X81Y181        FDRE                                         r  core_inst/ddr_inst/u_ddr4/inst/u_ddr4_infrastructure/rst_input_sync_r_reg[3]/D
  -------------------------------------------------------------------    -------------------

                         (clock c0_sys_clk_p rise edge)
                                                      0.000     0.000 r  
    G13                                               0.000     0.000 r  c0_sys_clk_p (IN)
                         net (fo=0)                   0.100     0.100    core_inst/ddr_inst/u_ddr4/inst/u_ddr4_mem_intfc/u_mig_ddr4_phy/inst/u_ddr4_phy_pll/diff_input_clk.u_ibufg_sys_clk/I
    HPIOBDIFFINBUF_X0Y108
                         DIFFINBUF (Prop_DIFFINBUF_HPIOBDIFFINBUF_DIFF_IN_P_O)
                                                      0.406     0.506 r  core_inst/ddr_inst/u_ddr4/inst/u_ddr4_mem_intfc/u_mig_ddr4_phy/inst/u_ddr4_phy_pll/diff_input_clk.u_ibufg_sys_clk/DIFFINBUF_INST/O
                         net (fo=1, routed)           0.050     0.556    core_inst/ddr_inst/u_ddr4/inst/u_ddr4_mem_intfc/u_mig_ddr4_phy/inst/u_ddr4_phy_pll/diff_input_clk.u_ibufg_sys_clk/OUT
    G13                  IBUFCTRL (Prop_IBUFCTRL_HPIOB_M_I_O)
                                                      0.000     0.556 r  core_inst/ddr_inst/u_ddr4/inst/u_ddr4_mem_intfc/u_mig_ddr4_phy/inst/u_ddr4_phy_pll/diff_input_clk.u_ibufg_sys_clk/IBUFCTRL_INST/O
                         net (fo=2, routed)           0.181     0.737    core_inst/ddr_inst/u_ddr4/inst/u_ddr4_infrastructure/sys_clk_in
    BUFGCE_X0Y117        BUFGCE (Prop_BUFCE_BUFGCE_I_O)
                                                      0.019     0.756 r  core_inst/ddr_inst/u_ddr4/inst/u_ddr4_infrastructure/u_bufg_inst/O
    X4Y3 (CLOCK_ROOT)    net (fo=17, routed)          1.031     1.787    core_inst/ddr_inst/u_ddr4/inst/u_ddr4_infrastructure/sys_clk_in_bufg
    SLICE_X81Y181        FDRE                                         r  core_inst/ddr_inst/u_ddr4/inst/u_ddr4_infrastructure/rst_input_sync_r_reg[3]/C
                         clock pessimism             -0.286     1.502    
    SLICE_X81Y181        FDRE (Hold_DFF2_SLICEL_C_D)
                                                      0.047     1.549    core_inst/ddr_inst/u_ddr4/inst/u_ddr4_infrastructure/rst_input_sync_r_reg[3]
  -------------------------------------------------------------------
                         required time                         -1.549    
                         arrival time                           1.618    
  -------------------------------------------------------------------
                         slack                                  0.069    





Pulse Width Checks
--------------------------------------------------------------------------------------
Clock Name:         c0_sys_clk_p
Waveform(ns):       { 0.000 2.499 }
Period(ns):         4.998
Sources:            { c0_sys_clk_p }

Check Type        Corner  Lib Pin            Reference Pin  Required(ns)  Actual(ns)  Slack(ns)  Location       Pin
Min Period        n/a     BUFGCE/I           n/a            1.290         4.998       3.708      BUFGCE_X0Y117  core_inst/ddr_inst/u_ddr4/inst/u_ddr4_infrastructure/u_bufg_inst/I
Max Period        n/a     MMCME4_ADV/CLKIN1  n/a            100.000       4.998       95.002     MMCM_X0Y4      core_inst/ddr_inst/u_ddr4/inst/u_ddr4_infrastructure/gen_mmcme4.u_mmcme_adv_inst/CLKIN1
Low Pulse Width   Slow    MMCME4_ADV/CLKIN1  n/a            1.749         2.499       0.750      MMCM_X0Y4      core_inst/ddr_inst/u_ddr4/inst/u_ddr4_infrastructure/gen_mmcme4.u_mmcme_adv_inst/CLKIN1
High Pulse Width  Slow    MMCME4_ADV/CLKIN1  n/a            1.749         2.499       0.750      MMCM_X0Y4      core_inst/ddr_inst/u_ddr4/inst/u_ddr4_infrastructure/gen_mmcme4.u_mmcme_adv_inst/CLKIN1



---------------------------------------------------------------------------------------------------
From Clock:  mmcm_clkout0
  To Clock:  mmcm_clkout0

Setup :            0  Failing Endpoints,  Worst Slack        0.212ns,  Total Violation        0.000ns
Hold  :            0  Failing Endpoints,  Worst Slack        0.010ns,  Total Violation        0.000ns
PW    :            0  Failing Endpoints,  Worst Slack        0.500ns,  Total Violation        0.000ns
---------------------------------------------------------------------------------------------------


Max Delay Paths
--------------------------------------------------------------------------------------
Slack (MET) :             0.212ns  (required time - arrival time)
  Source:                 core_inst/ddr_inst/u_ddr4/inst/u_ddr4_mem_intfc/u_io_write_data_sync/SYNC[6].sync_reg_reg[1]/C
                            (rising edge-triggered cell FDRE clocked by mmcm_clkout0  {rise@0.000ns fall@1.666ns period=3.332ns})
  Destination:            core_inst/ddr_inst/u_ddr4/inst/u_ddr4_mem_intfc/u_ddr_cal_top/u_ddr_cal/u_ddr_cal_addr_decode/cal_DQOut_A_reg[38]/D
                            (rising edge-triggered cell FDRE clocked by mmcm_clkout0  {rise@0.000ns fall@1.666ns period=3.332ns})
  Path Group:             mmcm_clkout0
  Path Type:              Setup (Max at Slow Process Corner)
  Requirement:            3.332ns  (mmcm_clkout0 rise@3.332ns - mmcm_clkout0 rise@0.000ns)
  Data Path Delay:        3.016ns  (logic 0.081ns (2.686%)  route 2.935ns (97.314%))
  Logic Levels:           0  
  Clock Path Skew:        -0.077ns (DCD - SCD + CPR)
    Destination Clock Delay (DCD):    2.859ns = ( 6.191 - 3.332 ) 
    Source Clock Delay      (SCD):    2.407ns
    Clock Pessimism Removal (CPR):    -0.528ns
  Clock Uncertainty:      0.052ns  ((TSJ^2 + DJ^2)^1/2) / 2 + PE
    Total System Jitter     (TSJ):    0.071ns
    Discrete Jitter          (DJ):    0.077ns
    Phase Error              (PE):    0.000ns
  Clock Net Delay (Source):      1.178ns (routing 0.171ns, distribution 1.007ns)
  Clock Net Delay (Destination): 1.085ns (routing 0.155ns, distribution 0.930ns)

    Location             Delay type                Incr(ns)  Path(ns)    Netlist Resource(s)
  -------------------------------------------------------------------    -------------------
                         (clock mmcm_clkout0 rise edge)
                                                      0.000     0.000 r  
    G13                                               0.000     0.000 r  c0_sys_clk_p (IN)
                         net (fo=0)                   0.100     0.100    core_inst/ddr_inst/u_ddr4/inst/u_ddr4_mem_intfc/u_mig_ddr4_phy/inst/u_ddr4_phy_pll/diff_input_clk.u_ibufg_sys_clk/I
    HPIOBDIFFINBUF_X0Y108
                         DIFFINBUF (Prop_DIFFINBUF_HPIOBDIFFINBUF_DIFF_IN_P_O)
                                                      0.549     0.649 r  core_inst/ddr_inst/u_ddr4/inst/u_ddr4_mem_intfc/u_mig_ddr4_phy/inst/u_ddr4_phy_pll/diff_input_clk.u_ibufg_sys_clk/DIFFINBUF_INST/O
                         net (fo=1, routed)           0.050     0.699    core_inst/ddr_inst/u_ddr4/inst/u_ddr4_mem_intfc/u_mig_ddr4_phy/inst/u_ddr4_phy_pll/diff_input_clk.u_ibufg_sys_clk/OUT
    G13                  IBUFCTRL (Prop_IBUFCTRL_HPIOB_M_I_O)
                                                      0.000     0.699 r  core_inst/ddr_inst/u_ddr4/inst/u_ddr4_mem_intfc/u_mig_ddr4_phy/inst/u_ddr4_phy_pll/diff_input_clk.u_ibufg_sys_clk/IBUFCTRL_INST/O
                         net (fo=2, routed)           0.384     1.083    core_inst/ddr_inst/u_ddr4/inst/u_ddr4_infrastructure/mmcm_clk_in
    MMCM_X0Y4            MMCME4_ADV (Prop_MMCM_CLKIN1_CLKOUT0)
                                                     -0.127     0.956 r  core_inst/ddr_inst/u_ddr4/inst/u_ddr4_infrastructure/gen_mmcme4.u_mmcme_adv_inst/CLKOUT0
                         net (fo=1, routed)           0.245     1.201    core_inst/ddr_inst/u_ddr4/inst/u_ddr4_infrastructure/mmcm_clkout0
    BUFGCE_X0Y118        BUFGCE (Prop_BUFCE_BUFGCE_I_O)
                                                      0.028     1.229 r  core_inst/ddr_inst/u_ddr4/inst/u_ddr4_infrastructure/u_bufg_divClk/O
    X4Y4 (CLOCK_ROOT)    net (fo=25160, routed)       1.178     2.407    core_inst/ddr_inst/u_ddr4/inst/u_ddr4_mem_intfc/u_io_write_data_sync/SYNC[30].sync_reg_reg[1]_0
    SLICE_X84Y191        FDRE                                         r  core_inst/ddr_inst/u_ddr4/inst/u_ddr4_mem_intfc/u_io_write_data_sync/SYNC[6].sync_reg_reg[1]/C
  -------------------------------------------------------------------    -------------------
    SLICE_X84Y191        FDRE (Prop_AFF2_SLICEL_C_Q)
                                                      0.081     2.488 r  core_inst/ddr_inst/u_ddr4/inst/u_ddr4_mem_intfc/u_io_write_data_sync/SYNC[6].sync_reg_reg[1]/Q
                         net (fo=37, routed)          2.935     5.423    core_inst/ddr_inst/u_ddr4/inst/u_ddr4_mem_intfc/u_ddr_cal_top/u_ddr_cal/u_ddr_cal_addr_decode/io_write_data[6]
    SLICE_X95Y319        FDRE                                         r  core_inst/ddr_inst/u_ddr4/inst/u_ddr4_mem_intfc/u_ddr_cal_top/u_ddr_cal/u_ddr_cal_addr_decode/cal_DQOut_A_reg[38]/D
  -------------------------------------------------------------------    -------------------

                         (clock mmcm_clkout0 rise edge)
                                                      3.332     3.332 r  
    G13                                               0.000     3.332 r  c0_sys_clk_p (IN)
                         net (fo=0)                   0.079     3.411    core_inst/ddr_inst/u_ddr4/inst/u_ddr4_mem_intfc/u_mig_ddr4_phy/inst/u_ddr4_phy_pll/diff_input_clk.u_ibufg_sys_clk/I
    HPIOBDIFFINBUF_X0Y108
                         DIFFINBUF (Prop_DIFFINBUF_HPIOBDIFFINBUF_DIFF_IN_P_O)
                                                      0.453     3.864 r  core_inst/ddr_inst/u_ddr4/inst/u_ddr4_mem_intfc/u_mig_ddr4_phy/inst/u_ddr4_phy_pll/diff_input_clk.u_ibufg_sys_clk/DIFFINBUF_INST/O
                         net (fo=1, routed)           0.040     3.904    core_inst/ddr_inst/u_ddr4/inst/u_ddr4_mem_intfc/u_mig_ddr4_phy/inst/u_ddr4_phy_pll/diff_input_clk.u_ibufg_sys_clk/OUT
    G13                  IBUFCTRL (Prop_IBUFCTRL_HPIOB_M_I_O)
                                                      0.000     3.904 r  core_inst/ddr_inst/u_ddr4/inst/u_ddr4_mem_intfc/u_mig_ddr4_phy/inst/u_ddr4_phy_pll/diff_input_clk.u_ibufg_sys_clk/IBUFCTRL_INST/O
                         net (fo=2, routed)           0.333     4.237    core_inst/ddr_inst/u_ddr4/inst/u_ddr4_infrastructure/mmcm_clk_in
    MMCM_X0Y4            MMCME4_ADV (Prop_MMCM_CLKIN1_CLKOUT0)
                                                      0.630     4.867 r  core_inst/ddr_inst/u_ddr4/inst/u_ddr4_infrastructure/gen_mmcme4.u_mmcme_adv_inst/CLKOUT0
                         net (fo=1, routed)           0.215     5.082    core_inst/ddr_inst/u_ddr4/inst/u_ddr4_infrastructure/mmcm_clkout0
    BUFGCE_X0Y118        BUFGCE (Prop_BUFCE_BUFGCE_I_O)
                                                      0.024     5.106 r  core_inst/ddr_inst/u_ddr4/inst/u_ddr4_infrastructure/u_bufg_divClk/O
    X4Y4 (CLOCK_ROOT)    net (fo=25160, routed)       1.085     6.191    core_inst/ddr_inst/u_ddr4/inst/u_ddr4_mem_intfc/u_ddr_cal_top/u_ddr_cal/u_ddr_cal_addr_decode/odt_shift_reg[0][17]
    SLICE_X95Y319        FDRE                                         r  core_inst/ddr_inst/u_ddr4/inst/u_ddr4_mem_intfc/u_ddr_cal_top/u_ddr_cal/u_ddr_cal_addr_decode/cal_DQOut_A_reg[38]/C
                         clock pessimism             -0.528     5.662    
                         clock uncertainty           -0.052     5.610    
    SLICE_X95Y319        FDRE (Setup_GFF2_SLICEL_C_D)
                                                      0.025     5.635    core_inst/ddr_inst/u_ddr4/inst/u_ddr4_mem_intfc/u_ddr_cal_top/u_ddr_cal/u_ddr_cal_addr_decode/cal_DQOut_A_reg[38]
  -------------------------------------------------------------------
                         required time                          5.635    
                         arrival time                          -5.423    
  -------------------------------------------------------------------
                         slack                                  0.212    





Min Delay Paths
--------------------------------------------------------------------------------------
Slack (MET) :             0.010ns  (arrival time - required time)
  Source:                 core_inst/ddr_inst/u_ddr4/inst/u_ddr4_mem_intfc/u_ddr_cal_top/mcal_clb2phy_fifo_rden_reg[97]/C
                            (rising edge-triggered cell FDSE clocked by mmcm_clkout0  {rise@0.000ns fall@1.666ns period=3.332ns})
  Destination:            core_inst/ddr_inst/u_ddr4/inst/u_ddr4_mem_intfc/u_mig_ddr4_phy/inst/generate_block1.u_ddr_xiphy/byte_num[0].xiphy_byte_wrapper.u_xiphy_byte_wrapper/I_BITSLICE_UPPER[0].GEN_RXTX_BITSLICE_EN.u_xiphy_bitslice_upper/xiphy_rxtx_bitslice/FIFO_RD_EN
                            (rising edge-triggered cell RXTX_BITSLICE clocked by mmcm_clkout0  {rise@0.000ns fall@1.666ns period=3.332ns})
  Path Group:             mmcm_clkout0
  Path Type:              Hold (Min at Fast Process Corner)
  Requirement:            0.000ns  (mmcm_clkout0 rise@0.000ns - mmcm_clkout0 rise@0.000ns)
  Data Path Delay:        0.193ns  (logic 0.040ns (20.725%)  route 0.153ns (79.275%))
  Logic Levels:           0  
  Clock Path Skew:        0.144ns (DCD - SCD - CPR)
    Destination Clock Delay (DCD):    1.549ns
    Source Clock Delay      (SCD):    1.677ns
    Clock Pessimism Removal (CPR):    -0.272ns
  Clock Net Delay (Source):      0.661ns (routing 0.096ns, distribution 0.565ns)
  Clock Net Delay (Destination): 0.881ns (routing 0.108ns, distribution 0.773ns)

    Location             Delay type                Incr(ns)  Path(ns)    Netlist Resource(s)
  -------------------------------------------------------------------    -------------------
                         (clock mmcm_clkout0 rise edge)
                                                      0.000     0.000 r  
    G13                                               0.000     0.000 r  c0_sys_clk_p (IN)
                         net (fo=0)                   0.079     0.079    core_inst/ddr_inst/u_ddr4/inst/u_ddr4_mem_intfc/u_mig_ddr4_phy/inst/u_ddr4_phy_pll/diff_input_clk.u_ibufg_sys_clk/I
    HPIOBDIFFINBUF_X0Y108
                         DIFFINBUF (Prop_DIFFINBUF_HPIOBDIFFINBUF_DIFF_IN_P_O)
                                                      0.308     0.387 r  core_inst/ddr_inst/u_ddr4/inst/u_ddr4_mem_intfc/u_mig_ddr4_phy/inst/u_ddr4_phy_pll/diff_input_clk.u_ibufg_sys_clk/DIFFINBUF_INST/O
                         net (fo=1, routed)           0.040     0.427    core_inst/ddr_inst/u_ddr4/inst/u_ddr4_mem_intfc/u_mig_ddr4_phy/inst/u_ddr4_phy_pll/diff_input_clk.u_ibufg_sys_clk/OUT
    G13                  IBUFCTRL (Prop_IBUFCTRL_HPIOB_M_I_O)
                                                      0.000     0.427 r  core_inst/ddr_inst/u_ddr4/inst/u_ddr4_mem_intfc/u_mig_ddr4_phy/inst/u_ddr4_phy_pll/diff_input_clk.u_ibufg_sys_clk/IBUFCTRL_INST/O
                         net (fo=2, routed)           0.196     0.623    core_inst/ddr_inst/u_ddr4/inst/u_ddr4_infrastructure/mmcm_clk_in
    MMCM_X0Y4            MMCME4_ADV (Prop_MMCM_CLKIN1_CLKOUT0)
                                                      0.230     0.853 r  core_inst/ddr_inst/u_ddr4/inst/u_ddr4_infrastructure/gen_mmcme4.u_mmcme_adv_inst/CLKOUT0
                         net (fo=1, routed)           0.146     0.999    core_inst/ddr_inst/u_ddr4/inst/u_ddr4_infrastructure/mmcm_clkout0
    BUFGCE_X0Y118        BUFGCE (Prop_BUFCE_BUFGCE_I_O)
                                                      0.017     1.016 r  core_inst/ddr_inst/u_ddr4/inst/u_ddr4_infrastructure/u_bufg_divClk/O
    X4Y4 (CLOCK_ROOT)    net (fo=25160, routed)       0.661     1.677    core_inst/ddr_inst/u_ddr4/inst/u_ddr4_mem_intfc/u_ddr_cal_top/dReg_reg[10]
    SLICE_X81Y185        FDSE                                         r  core_inst/ddr_inst/u_ddr4/inst/u_ddr4_mem_intfc/u_ddr_cal_top/mcal_clb2phy_fifo_rden_reg[97]/C
  -------------------------------------------------------------------    -------------------
    SLICE_X81Y185        FDSE (Prop_GFF2_SLICEL_C_Q)
                                                      0.040     1.717 r  core_inst/ddr_inst/u_ddr4/inst/u_ddr4_mem_intfc/u_ddr_cal_top/mcal_clb2phy_fifo_rden_reg[97]/Q
                         net (fo=1, routed)           0.153     1.870    core_inst/ddr_inst/u_ddr4/inst/u_ddr4_mem_intfc/u_mig_ddr4_phy/inst/generate_block1.u_ddr_xiphy/byte_num[0].xiphy_byte_wrapper.u_xiphy_byte_wrapper/I_BITSLICE_UPPER[0].GEN_RXTX_BITSLICE_EN.u_xiphy_bitslice_upper/ch0_mcal_clb2phy_fifo_rden[0]
    BITSLICE_RX_TX_X0Y162
                         RXTX_BITSLICE                                r  core_inst/ddr_inst/u_ddr4/inst/u_ddr4_mem_intfc/u_mig_ddr4_phy/inst/generate_block1.u_ddr_xiphy/byte_num[0].xiphy_byte_wrapper.u_xiphy_byte_wrapper/I_BITSLICE_UPPER[0].GEN_RXTX_BITSLICE_EN.u_xiphy_bitslice_upper/xiphy_rxtx_bitslice/FIFO_RD_EN
  -------------------------------------------------------------------    -------------------

                         (clock mmcm_clkout0 rise edge)
                                                      0.000     0.000 r  
    G13                                               0.000     0.000 r  c0_sys_clk_p (IN)
                         net (fo=0)                   0.100     0.100    core_inst/ddr_inst/u_ddr4/inst/u_ddr4_mem_intfc/u_mig_ddr4_phy/inst/u_ddr4_phy_pll/diff_input_clk.u_ibufg_sys_clk/I
    HPIOBDIFFINBUF_X0Y108
                         DIFFINBUF (Prop_DIFFINBUF_HPIOBDIFFINBUF_DIFF_IN_P_O)
                                                      0.406     0.506 r  core_inst/ddr_inst/u_ddr4/inst/u_ddr4_mem_intfc/u_mig_ddr4_phy/inst/u_ddr4_phy_pll/diff_input_clk.u_ibufg_sys_clk/DIFFINBUF_INST/O
                         net (fo=1, routed)           0.050     0.556    core_inst/ddr_inst/u_ddr4/inst/u_ddr4_mem_intfc/u_mig_ddr4_phy/inst/u_ddr4_phy_pll/diff_input_clk.u_ibufg_sys_clk/OUT
    G13                  IBUFCTRL (Prop_IBUFCTRL_HPIOB_M_I_O)
                                                      0.000     0.556 r  core_inst/ddr_inst/u_ddr4/inst/u_ddr4_mem_intfc/u_mig_ddr4_phy/inst/u_ddr4_phy_pll/diff_input_clk.u_ibufg_sys_clk/IBUFCTRL_INST/O
                         net (fo=2, routed)           0.222     0.778    core_inst/ddr_inst/u_ddr4/inst/u_ddr4_infrastructure/mmcm_clk_in
    MMCM_X0Y4            MMCME4_ADV (Prop_MMCM_CLKIN1_CLKOUT0)
                                                     -0.295     0.483 r  core_inst/ddr_inst/u_ddr4/inst/u_ddr4_infrastructure/gen_mmcme4.u_mmcme_adv_inst/CLKOUT0
                         net (fo=1, routed)           0.166     0.649    core_inst/ddr_inst/u_ddr4/inst/u_ddr4_infrastructure/mmcm_clkout0
    BUFGCE_X0Y118        BUFGCE (Prop_BUFCE_BUFGCE_I_O)
                                                      0.019     0.668 r  core_inst/ddr_inst/u_ddr4/inst/u_ddr4_infrastructure/u_bufg_divClk/O
    X4Y4 (CLOCK_ROOT)    net (fo=25160, routed)       0.881     1.549    core_inst/ddr_inst/u_ddr4/inst/u_ddr4_mem_intfc/u_mig_ddr4_phy/inst/generate_block1.u_ddr_xiphy/byte_num[0].xiphy_byte_wrapper.u_xiphy_byte_wrapper/I_BITSLICE_UPPER[0].GEN_RXTX_BITSLICE_EN.u_xiphy_bitslice_upper/div_clk
    BITSLICE_RX_TX_X0Y162
                         RXTX_BITSLICE                                r  core_inst/ddr_inst/u_ddr4/inst/u_ddr4_mem_intfc/u_mig_ddr4_phy/inst/generate_block1.u_ddr_xiphy/byte_num[0].xiphy_byte_wrapper.u_xiphy_byte_wrapper/I_BITSLICE_UPPER[0].GEN_RXTX_BITSLICE_EN.u_xiphy_bitslice_upper/xiphy_rxtx_bitslice/FIFO_RD_CLK
                         clock pessimism              0.272     1.821    
    BITSLICE_RX_TX_X0Y162
                         RXTX_BITSLICE (Hold_RXTX_BITSLICE_BITSLICE_RX_TX_FIFO_RD_CLK_FIFO_RD_EN)
                                                      0.039     1.860    core_inst/ddr_inst/u_ddr4/inst/u_ddr4_mem_intfc/u_mig_ddr4_phy/inst/generate_block1.u_ddr_xiphy/byte_num[0].xiphy_byte_wrapper.u_xiphy_byte_wrapper/I_BITSLICE_UPPER[0].GEN_RXTX_BITSLICE_EN.u_xiphy_bitslice_upper/xiphy_rxtx_bitslice
  -------------------------------------------------------------------
                         required time                         -1.860    
                         arrival time                           1.870    
  -------------------------------------------------------------------
                         slack                                  0.010    





Pulse Width Checks
--------------------------------------------------------------------------------------
Clock Name:         mmcm_clkout0
Waveform(ns):       { 0.000 1.666 }
Period(ns):         3.332
Sources:            { core_inst/ddr_inst/u_ddr4/inst/u_ddr4_infrastructure/gen_mmcme4.u_mmcme_adv_inst/CLKOUT0 }

Check Type        Corner  Lib Pin                    Reference Pin  Required(ns)  Actual(ns)  Slack(ns)  Location               Pin
Min Period        n/a     RXTX_BITSLICE/FIFO_RD_CLK  n/a            1.694         3.332       1.638      BITSLICE_RX_TX_X0Y156  core_inst/ddr_inst/u_ddr4/inst/u_ddr4_mem_intfc/u_mig_ddr4_phy/inst/generate_block1.u_ddr_xiphy/byte_num[0].xiphy_byte_wrapper.u_xiphy_byte_wrapper/I_BITSLICE_LOWER[0].GEN_RXTX_BITSLICE_EN.u_xiphy_bitslice_lower/xiphy_rxtx_bitslice/FIFO_RD_CLK
Max Period        n/a     PLLE4_ADV/CLKIN            n/a            14.286        3.332       10.954     PLL_X0Y7               core_inst/ddr_inst/u_ddr4/inst/u_ddr4_mem_intfc/u_mig_ddr4_phy/inst/u_ddr4_phy_pll/plle_loop[0].gen_plle4.PLLE4_BASE_INST_OTHER/CLKIN
Low Pulse Width   Slow    PLLE4_ADV/CLKIN            n/a            1.166         1.666       0.500      PLL_X0Y7               core_inst/ddr_inst/u_ddr4/inst/u_ddr4_mem_intfc/u_mig_ddr4_phy/inst/u_ddr4_phy_pll/plle_loop[0].gen_plle4.PLLE4_BASE_INST_OTHER/CLKIN
High Pulse Width  Slow    PLLE4_ADV/CLKIN            n/a            1.166         1.666       0.500      PLL_X0Y7               core_inst/ddr_inst/u_ddr4/inst/u_ddr4_mem_intfc/u_mig_ddr4_phy/inst/u_ddr4_phy_pll/plle_loop[0].gen_plle4.PLLE4_BASE_INST_OTHER/CLKIN



---------------------------------------------------------------------------------------------------
From Clock:  pll_clk[0]
  To Clock:  pll_clk[0]

Setup :           NA  Failing Endpoints,  Worst Slack           NA  ,  Total Violation           NA
Hold  :           NA  Failing Endpoints,  Worst Slack           NA  ,  Total Violation           NA
PW    :            0  Failing Endpoints,  Worst Slack        0.039ns,  Total Violation        0.000ns
---------------------------------------------------------------------------------------------------


Pulse Width Checks
--------------------------------------------------------------------------------------
Clock Name:         pll_clk[0]
Waveform(ns):       { 0.000 0.208 }
Period(ns):         0.417
Sources:            { core_inst/ddr_inst/u_ddr4/inst/u_ddr4_mem_intfc/u_mig_ddr4_phy/inst/u_ddr4_phy_pll/plle_loop[0].gen_plle4.PLLE4_BASE_INST_OTHER/CLKOUTPHY }

Check Type        Corner  Lib Pin                   Reference Pin             Required(ns)  Actual(ns)  Slack(ns)  Location                Pin
Min Period        n/a     BITSLICE_CONTROL/PLL_CLK  n/a                       0.375         0.417       0.042      BITSLICE_CONTROL_X0Y24  core_inst/ddr_inst/u_ddr4/inst/u_ddr4_mem_intfc/u_mig_ddr4_phy/inst/generate_block1.u_ddr_xiphy/byte_num[0].xiphy_byte_wrapper.u_xiphy_byte_wrapper/I_CONTROL[0].GEN_I_CONTROL.u_xiphy_control/xiphy_control/PLL_CLK
Low Pulse Width   Slow    BITSLICE_CONTROL/PLL_CLK  n/a                       0.169         0.208       0.039      BITSLICE_CONTROL_X0Y24  core_inst/ddr_inst/u_ddr4/inst/u_ddr4_mem_intfc/u_mig_ddr4_phy/inst/generate_block1.u_ddr_xiphy/byte_num[0].xiphy_byte_wrapper.u_xiphy_byte_wrapper/I_CONTROL[0].GEN_I_CONTROL.u_xiphy_control/xiphy_control/PLL_CLK
High Pulse Width  Slow    BITSLICE_CONTROL/PLL_CLK  n/a                       0.169         0.208       0.039      BITSLICE_CONTROL_X0Y24  core_inst/ddr_inst/u_ddr4/inst/u_ddr4_mem_intfc/u_mig_ddr4_phy/inst/generate_block1.u_ddr_xiphy/byte_num[0].xiphy_byte_wrapper.u_xiphy_byte_wrapper/I_CONTROL[0].GEN_I_CONTROL.u_xiphy_control/xiphy_control/PLL_CLK
Max Skew          Fast    BITSLICE_CONTROL/PLL_CLK  BITSLICE_CONTROL/RIU_CLK  -0.300        -1.451      1.151      BITSLICE_CONTROL_X0Y28  core_inst/ddr_inst/u_ddr4/inst/u_ddr4_mem_intfc/u_mig_ddr4_phy/inst/generate_block1.u_ddr_xiphy/byte_num[2].xiphy_byte_wrapper.u_xiphy_byte_wrapper/I_CONTROL[0].GEN_I_CONTROL.u_xiphy_control/xiphy_control/PLL_CLK



---------------------------------------------------------------------------------------------------
From Clock:  pll_clk[0]_DIV
  To Clock:  pll_clk[0]_DIV

Setup :           NA  Failing Endpoints,  Worst Slack           NA  ,  Total Violation           NA
Hold  :           NA  Failing Endpoints,  Worst Slack           NA  ,  Total Violation           NA
PW    :            0  Failing Endpoints,  Worst Slack        0.466ns,  Total Violation        0.000ns
---------------------------------------------------------------------------------------------------


Pulse Width Checks
--------------------------------------------------------------------------------------
Clock Name:         pll_clk[0]_DIV
Waveform(ns):       { 0.000 1.666 }
Period(ns):         3.332
Sources:            { core_inst/ddr_inst/u_ddr4/inst/u_ddr4_mem_intfc/u_mig_ddr4_phy/inst/generate_block1.u_ddr_xiphy/byte_num[0].xiphy_byte_wrapper.u_xiphy_byte_wrapper/I_CONTROL[0].GEN_I_CONTROL.u_xiphy_control/xiphy_control/RX_DIV4_CLK_Q core_inst/ddr_inst/u_ddr4/inst/u_ddr4_mem_intfc/u_mig_ddr4_phy/inst/generate_block1.u_ddr_xiphy/byte_num[0].xiphy_byte_wrapper.u_xiphy_byte_wrapper/I_CONTROL[0].GEN_I_CONTROL.u_xiphy_control/xiphy_control/TX_DIV4_CLK_Q core_inst/ddr_inst/u_ddr4/inst/u_ddr4_mem_intfc/u_mig_ddr4_phy/inst/generate_block1.u_ddr_xiphy/byte_num[0].xiphy_byte_wrapper.u_xiphy_byte_wrapper/I_CONTROL[1].GEN_I_CONTROL.u_xiphy_control/xiphy_control/RX_DIV4_CLK_Q core_inst/ddr_inst/u_ddr4/inst/u_ddr4_mem_intfc/u_mig_ddr4_phy/inst/generate_block1.u_ddr_xiphy/byte_num[0].xiphy_byte_wrapper.u_xiphy_byte_wrapper/I_CONTROL[1].GEN_I_CONTROL.u_xiphy_control/xiphy_control/TX_DIV4_CLK_Q core_inst/ddr_inst/u_ddr4/inst/u_ddr4_mem_intfc/u_mig_ddr4_phy/inst/generate_block1.u_ddr_xiphy/byte_num[1].xiphy_byte_wrapper.u_xiphy_byte_wrapper/I_CONTROL[0].GEN_I_CONTROL.u_xiphy_control/xiphy_control/RX_DIV4_CLK_Q core_inst/ddr_inst/u_ddr4/inst/u_ddr4_mem_intfc/u_mig_ddr4_phy/inst/generate_block1.u_ddr_xiphy/byte_num[1].xiphy_byte_wrapper.u_xiphy_byte_wrapper/I_CONTROL[0].GEN_I_CONTROL.u_xiphy_control/xiphy_control/TX_DIV4_CLK_Q core_inst/ddr_inst/u_ddr4/inst/u_ddr4_mem_intfc/u_mig_ddr4_phy/inst/generate_block1.u_ddr_xiphy/byte_num[1].xiphy_byte_wrapper.u_xiphy_byte_wrapper/I_CONTROL[1].GEN_I_CONTROL.u_xiphy_control/xiphy_control/RX_DIV4_CLK_Q core_inst/ddr_inst/u_ddr4/inst/u_ddr4_mem_intfc/u_mig_ddr4_phy/inst/generate_block1.u_ddr_xiphy/byte_num[1].xiphy_byte_wrapper.u_xiphy_byte_wrapper/I_CONTROL[1].GEN_I_CONTROL.u_xiphy_control/xiphy_control/TX_DIV4_CLK_Q core_inst/ddr_inst/u_ddr4/inst/u_ddr4_mem_intfc/u_mig_ddr4_phy/inst/generate_block1.u_ddr_xiphy/byte_num[2].xiphy_byte_wrapper.u_xiphy_byte_wrapper/I_CONTROL[0].GEN_I_CONTROL.u_xiphy_control/xiphy_control/RX_DIV4_CLK_Q core_inst/ddr_inst/u_ddr4/inst/u_ddr4_mem_intfc/u_mig_ddr4_phy/inst/generate_block1.u_ddr_xiphy/byte_num[2].xiphy_byte_wrapper.u_xiphy_byte_wrapper/I_CONTROL[0].GEN_I_CONTROL.u_xiphy_control/xiphy_control/TX_DIV4_CLK_Q core_inst/ddr_inst/u_ddr4/inst/u_ddr4_mem_intfc/u_mig_ddr4_phy/inst/generate_block1.u_ddr_xiphy/byte_num[2].xiphy_byte_wrapper.u_xiphy_byte_wrapper/I_CONTROL[1].GEN_I_CONTROL.u_xiphy_control/xiphy_control/RX_DIV4_CLK_Q core_inst/ddr_inst/u_ddr4/inst/u_ddr4_mem_intfc/u_mig_ddr4_phy/inst/generate_block1.u_ddr_xiphy/byte_num[2].xiphy_byte_wrapper.u_xiphy_byte_wrapper/I_CONTROL[1].GEN_I_CONTROL.u_xiphy_control/xiphy_control/TX_DIV4_CLK_Q core_inst/ddr_inst/u_ddr4/inst/u_ddr4_mem_intfc/u_mig_ddr4_phy/inst/generate_block1.u_ddr_xiphy/byte_num[3].xiphy_byte_wrapper.u_xiphy_byte_wrapper/I_CONTROL[0].GEN_I_CONTROL.u_xiphy_control/xiphy_control/RX_DIV4_CLK_Q core_inst/ddr_inst/u_ddr4/inst/u_ddr4_mem_intfc/u_mig_ddr4_phy/inst/generate_block1.u_ddr_xiphy/byte_num[3].xiphy_byte_wrapper.u_xiphy_byte_wrapper/I_CONTROL[0].GEN_I_CONTROL.u_xiphy_control/xiphy_control/TX_DIV4_CLK_Q core_inst/ddr_inst/u_ddr4/inst/u_ddr4_mem_intfc/u_mig_ddr4_phy/inst/generate_block1.u_ddr_xiphy/byte_num[3].xiphy_byte_wrapper.u_xiphy_byte_wrapper/I_CONTROL[1].GEN_I_CONTROL.u_xiphy_control/xiphy_control/RX_DIV4_CLK_Q core_inst/ddr_inst/u_ddr4/inst/u_ddr4_mem_intfc/u_mig_ddr4_phy/inst/generate_block1.u_ddr_xiphy/byte_num[3].xiphy_byte_wrapper.u_xiphy_byte_wrapper/I_CONTROL[1].GEN_I_CONTROL.u_xiphy_control/xiphy_control/TX_DIV4_CLK_Q }

Check Type        Corner  Lib Pin                           Reference Pin  Required(ns)  Actual(ns)  Slack(ns)  Location               Pin
Min Period        n/a     RXTX_BITSLICE/TX_BIT_CTRL_IN[26]  n/a            2.667         3.332       0.665      BITSLICE_RX_TX_X0Y156  core_inst/ddr_inst/u_ddr4/inst/u_ddr4_mem_intfc/u_mig_ddr4_phy/inst/generate_block1.u_ddr_xiphy/byte_num[0].xiphy_byte_wrapper.u_xiphy_byte_wrapper/I_BITSLICE_LOWER[0].GEN_RXTX_BITSLICE_EN.u_xiphy_bitslice_lower/xiphy_rxtx_bitslice/TX_BIT_CTRL_IN[26]
Low Pulse Width   Slow    RXTX_BITSLICE/TX_BIT_CTRL_IN[26]  n/a            1.200         1.666       0.466      BITSLICE_RX_TX_X0Y156  core_inst/ddr_inst/u_ddr4/inst/u_ddr4_mem_intfc/u_mig_ddr4_phy/inst/generate_block1.u_ddr_xiphy/byte_num[0].xiphy_byte_wrapper.u_xiphy_byte_wrapper/I_BITSLICE_LOWER[0].GEN_RXTX_BITSLICE_EN.u_xiphy_bitslice_lower/xiphy_rxtx_bitslice/TX_BIT_CTRL_IN[26]
High Pulse Width  Slow    RXTX_BITSLICE/TX_BIT_CTRL_IN[26]  n/a            1.200         1.666       0.466      BITSLICE_RX_TX_X0Y156  core_inst/ddr_inst/u_ddr4/inst/u_ddr4_mem_intfc/u_mig_ddr4_phy/inst/generate_block1.u_ddr_xiphy/byte_num[0].xiphy_byte_wrapper.u_xiphy_byte_wrapper/I_BITSLICE_LOWER[0].GEN_RXTX_BITSLICE_EN.u_xiphy_bitslice_lower/xiphy_rxtx_bitslice/TX_BIT_CTRL_IN[26]



---------------------------------------------------------------------------------------------------
From Clock:  pll_clk[1]
  To Clock:  pll_clk[1]

Setup :           NA  Failing Endpoints,  Worst Slack           NA  ,  Total Violation           NA
Hold  :           NA  Failing Endpoints,  Worst Slack           NA  ,  Total Violation           NA
PW    :            0  Failing Endpoints,  Worst Slack        0.039ns,  Total Violation        0.000ns
---------------------------------------------------------------------------------------------------


Pulse Width Checks
--------------------------------------------------------------------------------------
Clock Name:         pll_clk[1]
Waveform(ns):       { 0.000 0.208 }
Period(ns):         0.417
Sources:            { core_inst/ddr_inst/u_ddr4/inst/u_ddr4_mem_intfc/u_mig_ddr4_phy/inst/u_ddr4_phy_pll/plle_loop[1].gen_plle4.PLLE4_BASE_INST_OTHER/CLKOUTPHY }

Check Type        Corner  Lib Pin                   Reference Pin  Required(ns)  Actual(ns)  Slack(ns)  Location                Pin
Min Period        n/a     BITSLICE_CONTROL/PLL_CLK  n/a            0.375         0.417       0.042      BITSLICE_CONTROL_X0Y32  core_inst/ddr_inst/u_ddr4/inst/u_ddr4_mem_intfc/u_mig_ddr4_phy/inst/generate_block1.u_ddr_xiphy/byte_num[4].xiphy_byte_wrapper.u_xiphy_byte_wrapper/I_CONTROL[0].GEN_I_CONTROL.u_xiphy_control/xiphy_control/PLL_CLK
Low Pulse Width   Slow    BITSLICE_CONTROL/PLL_CLK  n/a            0.169         0.208       0.039      BITSLICE_CONTROL_X0Y32  core_inst/ddr_inst/u_ddr4/inst/u_ddr4_mem_intfc/u_mig_ddr4_phy/inst/generate_block1.u_ddr_xiphy/byte_num[4].xiphy_byte_wrapper.u_xiphy_byte_wrapper/I_CONTROL[0].GEN_I_CONTROL.u_xiphy_control/xiphy_control/PLL_CLK
High Pulse Width  Slow    BITSLICE_CONTROL/PLL_CLK  n/a            0.169         0.208       0.039      BITSLICE_CONTROL_X0Y32  core_inst/ddr_inst/u_ddr4/inst/u_ddr4_mem_intfc/u_mig_ddr4_phy/inst/generate_block1.u_ddr_xiphy/byte_num[4].xiphy_byte_wrapper.u_xiphy_byte_wrapper/I_CONTROL[0].GEN_I_CONTROL.u_xiphy_control/xiphy_control/PLL_CLK



---------------------------------------------------------------------------------------------------
From Clock:  pll_clk[1]_DIV
  To Clock:  pll_clk[1]_DIV

Setup :           NA  Failing Endpoints,  Worst Slack           NA  ,  Total Violation           NA
Hold  :           NA  Failing Endpoints,  Worst Slack           NA  ,  Total Violation           NA
PW    :            0  Failing Endpoints,  Worst Slack        0.466ns,  Total Violation        0.000ns
---------------------------------------------------------------------------------------------------


Pulse Width Checks
--------------------------------------------------------------------------------------
Clock Name:         pll_clk[1]_DIV
Waveform(ns):       { 0.000 1.666 }
Period(ns):         3.332
Sources:            { core_inst/ddr_inst/u_ddr4/inst/u_ddr4_mem_intfc/u_mig_ddr4_phy/inst/generate_block1.u_ddr_xiphy/byte_num[4].xiphy_byte_wrapper.u_xiphy_byte_wrapper/I_CONTROL[0].GEN_I_CONTROL.u_xiphy_control/xiphy_control/RX_DIV4_CLK_Q core_inst/ddr_inst/u_ddr4/inst/u_ddr4_mem_intfc/u_mig_ddr4_phy/inst/generate_block1.u_ddr_xiphy/byte_num[4].xiphy_byte_wrapper.u_xiphy_byte_wrapper/I_CONTROL[0].GEN_I_CONTROL.u_xiphy_control/xiphy_control/TX_DIV4_CLK_Q core_inst/ddr_inst/u_ddr4/inst/u_ddr4_mem_intfc/u_mig_ddr4_phy/inst/generate_block1.u_ddr_xiphy/byte_num[4].xiphy_byte_wrapper.u_xiphy_byte_wrapper/I_CONTROL[1].GEN_I_CONTROL.u_xiphy_control/xiphy_control/RX_DIV4_CLK_Q core_inst/ddr_inst/u_ddr4/inst/u_ddr4_mem_intfc/u_mig_ddr4_phy/inst/generate_block1.u_ddr_xiphy/byte_num[4].xiphy_byte_wrapper.u_xiphy_byte_wrapper/I_CONTROL[1].GEN_I_CONTROL.u_xiphy_control/xiphy_control/TX_DIV4_CLK_Q core_inst/ddr_inst/u_ddr4/inst/u_ddr4_mem_intfc/u_mig_ddr4_phy/inst/generate_block1.u_ddr_xiphy/byte_num[5].xiphy_byte_wrapper.u_xiphy_byte_wrapper/I_CONTROL[0].GEN_I_CONTROL.u_xiphy_control/xiphy_control/RX_DIV4_CLK_Q core_inst/ddr_inst/u_ddr4/inst/u_ddr4_mem_intfc/u_mig_ddr4_phy/inst/generate_block1.u_ddr_xiphy/byte_num[5].xiphy_byte_wrapper.u_xiphy_byte_wrapper/I_CONTROL[0].GEN_I_CONTROL.u_xiphy_control/xiphy_control/TX_DIV4_CLK_Q core_inst/ddr_inst/u_ddr4/inst/u_ddr4_mem_intfc/u_mig_ddr4_phy/inst/generate_block1.u_ddr_xiphy/byte_num[5].xiphy_byte_wrapper.u_xiphy_byte_wrapper/I_CONTROL[1].GEN_I_CONTROL.u_xiphy_control/xiphy_control/RX_DIV4_CLK_Q core_inst/ddr_inst/u_ddr4/inst/u_ddr4_mem_intfc/u_mig_ddr4_phy/inst/generate_block1.u_ddr_xiphy/byte_num[5].xiphy_byte_wrapper.u_xiphy_byte_wrapper/I_CONTROL[1].GEN_I_CONTROL.u_xiphy_control/xiphy_control/TX_DIV4_CLK_Q core_inst/ddr_inst/u_ddr4/inst/u_ddr4_mem_intfc/u_mig_ddr4_phy/inst/generate_block1.u_ddr_xiphy/byte_num[6].xiphy_byte_wrapper.u_xiphy_byte_wrapper/I_CONTROL[0].GEN_I_CONTROL.u_xiphy_control/xiphy_control/RX_DIV4_CLK_Q core_inst/ddr_inst/u_ddr4/inst/u_ddr4_mem_intfc/u_mig_ddr4_phy/inst/generate_block1.u_ddr_xiphy/byte_num[6].xiphy_byte_wrapper.u_xiphy_byte_wrapper/I_CONTROL[0].GEN_I_CONTROL.u_xiphy_control/xiphy_control/TX_DIV4_CLK_Q core_inst/ddr_inst/u_ddr4/inst/u_ddr4_mem_intfc/u_mig_ddr4_phy/inst/generate_block1.u_ddr_xiphy/byte_num[6].xiphy_byte_wrapper.u_xiphy_byte_wrapper/I_CONTROL[1].GEN_I_CONTROL.u_xiphy_control/xiphy_control/RX_DIV4_CLK_Q core_inst/ddr_inst/u_ddr4/inst/u_ddr4_mem_intfc/u_mig_ddr4_phy/inst/generate_block1.u_ddr_xiphy/byte_num[6].xiphy_byte_wrapper.u_xiphy_byte_wrapper/I_CONTROL[1].GEN_I_CONTROL.u_xiphy_control/xiphy_control/TX_DIV4_CLK_Q core_inst/ddr_inst/u_ddr4/inst/u_ddr4_mem_intfc/u_mig_ddr4_phy/inst/generate_block1.u_ddr_xiphy/byte_num[7].xiphy_byte_wrapper.u_xiphy_byte_wrapper/I_CONTROL[0].GEN_I_CONTROL.u_xiphy_control/xiphy_control/RX_DIV4_CLK_Q core_inst/ddr_inst/u_ddr4/inst/u_ddr4_mem_intfc/u_mig_ddr4_phy/inst/generate_block1.u_ddr_xiphy/byte_num[7].xiphy_byte_wrapper.u_xiphy_byte_wrapper/I_CONTROL[0].GEN_I_CONTROL.u_xiphy_control/xiphy_control/TX_DIV4_CLK_Q core_inst/ddr_inst/u_ddr4/inst/u_ddr4_mem_intfc/u_mig_ddr4_phy/inst/generate_block1.u_ddr_xiphy/byte_num[7].xiphy_byte_wrapper.u_xiphy_byte_wrapper/I_CONTROL[1].GEN_I_CONTROL.u_xiphy_control/xiphy_control/RX_DIV4_CLK_Q core_inst/ddr_inst/u_ddr4/inst/u_ddr4_mem_intfc/u_mig_ddr4_phy/inst/generate_block1.u_ddr_xiphy/byte_num[7].xiphy_byte_wrapper.u_xiphy_byte_wrapper/I_CONTROL[1].GEN_I_CONTROL.u_xiphy_control/xiphy_control/TX_DIV4_CLK_Q }

Check Type        Corner  Lib Pin                           Reference Pin  Required(ns)  Actual(ns)  Slack(ns)  Location               Pin
Min Period        n/a     RXTX_BITSLICE/TX_BIT_CTRL_IN[26]  n/a            2.667         3.332       0.665      BITSLICE_RX_TX_X0Y209  core_inst/ddr_inst/u_ddr4/inst/u_ddr4_mem_intfc/u_mig_ddr4_phy/inst/generate_block1.u_ddr_xiphy/byte_num[4].xiphy_byte_wrapper.u_xiphy_byte_wrapper/I_BITSLICE_LOWER[1].GEN_RXTX_BITSLICE_EN.u_xiphy_bitslice_lower/xiphy_rxtx_bitslice/TX_BIT_CTRL_IN[26]
Low Pulse Width   Slow    RXTX_BITSLICE/TX_BIT_CTRL_IN[26]  n/a            1.200         1.666       0.466      BITSLICE_RX_TX_X0Y209  core_inst/ddr_inst/u_ddr4/inst/u_ddr4_mem_intfc/u_mig_ddr4_phy/inst/generate_block1.u_ddr_xiphy/byte_num[4].xiphy_byte_wrapper.u_xiphy_byte_wrapper/I_BITSLICE_LOWER[1].GEN_RXTX_BITSLICE_EN.u_xiphy_bitslice_lower/xiphy_rxtx_bitslice/TX_BIT_CTRL_IN[26]
High Pulse Width  Slow    RXTX_BITSLICE/TX_BIT_CTRL_IN[26]  n/a            1.200         1.666       0.466      BITSLICE_RX_TX_X0Y209  core_inst/ddr_inst/u_ddr4/inst/u_ddr4_mem_intfc/u_mig_ddr4_phy/inst/generate_block1.u_ddr_xiphy/byte_num[4].xiphy_byte_wrapper.u_xiphy_byte_wrapper/I_BITSLICE_LOWER[1].GEN_RXTX_BITSLICE_EN.u_xiphy_bitslice_lower/xiphy_rxtx_bitslice/TX_BIT_CTRL_IN[26]



---------------------------------------------------------------------------------------------------
From Clock:  pll_clk[2]
  To Clock:  pll_clk[2]

Setup :           NA  Failing Endpoints,  Worst Slack           NA  ,  Total Violation           NA
Hold  :           NA  Failing Endpoints,  Worst Slack           NA  ,  Total Violation           NA
PW    :            0  Failing Endpoints,  Worst Slack        0.039ns,  Total Violation        0.000ns
---------------------------------------------------------------------------------------------------


Pulse Width Checks
--------------------------------------------------------------------------------------
Clock Name:         pll_clk[2]
Waveform(ns):       { 0.000 0.208 }
Period(ns):         0.417
Sources:            { core_inst/ddr_inst/u_ddr4/inst/u_ddr4_mem_intfc/u_mig_ddr4_phy/inst/u_ddr4_phy_pll/plle_loop[2].gen_plle4.PLLE4_BASE_INST_OTHER/CLKOUTPHY }

Check Type        Corner  Lib Pin                   Reference Pin             Required(ns)  Actual(ns)  Slack(ns)  Location                Pin
Min Period        n/a     BITSLICE_CONTROL/PLL_CLK  n/a                       0.375         0.417       0.042      BITSLICE_CONTROL_X0Y44  core_inst/ddr_inst/u_ddr4/inst/u_ddr4_mem_intfc/u_mig_ddr4_phy/inst/generate_block1.u_ddr_xiphy/byte_num[10].xiphy_byte_wrapper.u_xiphy_byte_wrapper/I_CONTROL[0].GEN_I_CONTROL.u_xiphy_control/xiphy_control/PLL_CLK
Low Pulse Width   Slow    BITSLICE_CONTROL/PLL_CLK  n/a                       0.169         0.208       0.039      BITSLICE_CONTROL_X0Y44  core_inst/ddr_inst/u_ddr4/inst/u_ddr4_mem_intfc/u_mig_ddr4_phy/inst/generate_block1.u_ddr_xiphy/byte_num[10].xiphy_byte_wrapper.u_xiphy_byte_wrapper/I_CONTROL[0].GEN_I_CONTROL.u_xiphy_control/xiphy_control/PLL_CLK
High Pulse Width  Slow    BITSLICE_CONTROL/PLL_CLK  n/a                       0.169         0.208       0.039      BITSLICE_CONTROL_X0Y44  core_inst/ddr_inst/u_ddr4/inst/u_ddr4_mem_intfc/u_mig_ddr4_phy/inst/generate_block1.u_ddr_xiphy/byte_num[10].xiphy_byte_wrapper.u_xiphy_byte_wrapper/I_CONTROL[0].GEN_I_CONTROL.u_xiphy_control/xiphy_control/PLL_CLK
Max Skew          Fast    BITSLICE_CONTROL/PLL_CLK  BITSLICE_CONTROL/RIU_CLK  -0.300        -1.451      1.151      BITSLICE_CONTROL_X0Y44  core_inst/ddr_inst/u_ddr4/inst/u_ddr4_mem_intfc/u_mig_ddr4_phy/inst/generate_block1.u_ddr_xiphy/byte_num[10].xiphy_byte_wrapper.u_xiphy_byte_wrapper/I_CONTROL[0].GEN_I_CONTROL.u_xiphy_control/xiphy_control/PLL_CLK



---------------------------------------------------------------------------------------------------
From Clock:  pll_clk[2]_DIV
  To Clock:  pll_clk[2]_DIV

Setup :           NA  Failing Endpoints,  Worst Slack           NA  ,  Total Violation           NA
Hold  :           NA  Failing Endpoints,  Worst Slack           NA  ,  Total Violation           NA
PW    :            0  Failing Endpoints,  Worst Slack        0.466ns,  Total Violation        0.000ns
---------------------------------------------------------------------------------------------------


Pulse Width Checks
--------------------------------------------------------------------------------------
Clock Name:         pll_clk[2]_DIV
Waveform(ns):       { 0.000 1.666 }
Period(ns):         3.332
Sources:            { core_inst/ddr_inst/u_ddr4/inst/u_ddr4_mem_intfc/u_mig_ddr4_phy/inst/generate_block1.u_ddr_xiphy/byte_num[10].xiphy_byte_wrapper.u_xiphy_byte_wrapper/I_CONTROL[0].GEN_I_CONTROL.u_xiphy_control/xiphy_control/RX_DIV4_CLK_Q core_inst/ddr_inst/u_ddr4/inst/u_ddr4_mem_intfc/u_mig_ddr4_phy/inst/generate_block1.u_ddr_xiphy/byte_num[10].xiphy_byte_wrapper.u_xiphy_byte_wrapper/I_CONTROL[0].GEN_I_CONTROL.u_xiphy_control/xiphy_control/TX_DIV4_CLK_Q core_inst/ddr_inst/u_ddr4/inst/u_ddr4_mem_intfc/u_mig_ddr4_phy/inst/generate_block1.u_ddr_xiphy/byte_num[10].xiphy_byte_wrapper.u_xiphy_byte_wrapper/I_CONTROL[1].GEN_I_CONTROL.u_xiphy_control/xiphy_control/RX_DIV4_CLK_Q core_inst/ddr_inst/u_ddr4/inst/u_ddr4_mem_intfc/u_mig_ddr4_phy/inst/generate_block1.u_ddr_xiphy/byte_num[10].xiphy_byte_wrapper.u_xiphy_byte_wrapper/I_CONTROL[1].GEN_I_CONTROL.u_xiphy_control/xiphy_control/TX_DIV4_CLK_Q core_inst/ddr_inst/u_ddr4/inst/u_ddr4_mem_intfc/u_mig_ddr4_phy/inst/generate_block1.u_ddr_xiphy/byte_num[11].xiphy_byte_wrapper.u_xiphy_byte_wrapper/I_CONTROL[0].GEN_I_CONTROL.u_xiphy_control/xiphy_control/RX_DIV4_CLK_Q core_inst/ddr_inst/u_ddr4/inst/u_ddr4_mem_intfc/u_mig_ddr4_phy/inst/generate_block1.u_ddr_xiphy/byte_num[11].xiphy_byte_wrapper.u_xiphy_byte_wrapper/I_CONTROL[0].GEN_I_CONTROL.u_xiphy_control/xiphy_control/TX_DIV4_CLK_Q core_inst/ddr_inst/u_ddr4/inst/u_ddr4_mem_intfc/u_mig_ddr4_phy/inst/generate_block1.u_ddr_xiphy/byte_num[11].xiphy_byte_wrapper.u_xiphy_byte_wrapper/I_CONTROL[1].GEN_I_CONTROL.u_xiphy_control/xiphy_control/RX_DIV4_CLK_Q core_inst/ddr_inst/u_ddr4/inst/u_ddr4_mem_intfc/u_mig_ddr4_phy/inst/generate_block1.u_ddr_xiphy/byte_num[11].xiphy_byte_wrapper.u_xiphy_byte_wrapper/I_CONTROL[1].GEN_I_CONTROL.u_xiphy_control/xiphy_control/TX_DIV4_CLK_Q core_inst/ddr_inst/u_ddr4/inst/u_ddr4_mem_intfc/u_mig_ddr4_phy/inst/generate_block1.u_ddr_xiphy/byte_num[8].xiphy_byte_wrapper.u_xiphy_byte_wrapper/I_CONTROL[0].GEN_I_CONTROL.u_xiphy_control/xiphy_control/RX_DIV4_CLK_Q core_inst/ddr_inst/u_ddr4/inst/u_ddr4_mem_intfc/u_mig_ddr4_phy/inst/generate_block1.u_ddr_xiphy/byte_num[8].xiphy_byte_wrapper.u_xiphy_byte_wrapper/I_CONTROL[0].GEN_I_CONTROL.u_xiphy_control/xiphy_control/TX_DIV4_CLK_Q core_inst/ddr_inst/u_ddr4/inst/u_ddr4_mem_intfc/u_mig_ddr4_phy/inst/generate_block1.u_ddr_xiphy/byte_num[8].xiphy_byte_wrapper.u_xiphy_byte_wrapper/I_CONTROL[1].GEN_I_CONTROL.u_xiphy_control/xiphy_control/RX_DIV4_CLK_Q core_inst/ddr_inst/u_ddr4/inst/u_ddr4_mem_intfc/u_mig_ddr4_phy/inst/generate_block1.u_ddr_xiphy/byte_num[8].xiphy_byte_wrapper.u_xiphy_byte_wrapper/I_CONTROL[1].GEN_I_CONTROL.u_xiphy_control/xiphy_control/TX_DIV4_CLK_Q core_inst/ddr_inst/u_ddr4/inst/u_ddr4_mem_intfc/u_mig_ddr4_phy/inst/generate_block1.u_ddr_xiphy/byte_num[9].xiphy_byte_wrapper.u_xiphy_byte_wrapper/I_CONTROL[0].GEN_I_CONTROL.u_xiphy_control/xiphy_control/RX_DIV4_CLK_Q core_inst/ddr_inst/u_ddr4/inst/u_ddr4_mem_intfc/u_mig_ddr4_phy/inst/generate_block1.u_ddr_xiphy/byte_num[9].xiphy_byte_wrapper.u_xiphy_byte_wrapper/I_CONTROL[0].GEN_I_CONTROL.u_xiphy_control/xiphy_control/TX_DIV4_CLK_Q core_inst/ddr_inst/u_ddr4/inst/u_ddr4_mem_intfc/u_mig_ddr4_phy/inst/generate_block1.u_ddr_xiphy/byte_num[9].xiphy_byte_wrapper.u_xiphy_byte_wrapper/I_CONTROL[1].GEN_I_CONTROL.u_xiphy_control/xiphy_control/RX_DIV4_CLK_Q core_inst/ddr_inst/u_ddr4/inst/u_ddr4_mem_intfc/u_mig_ddr4_phy/inst/generate_block1.u_ddr_xiphy/byte_num[9].xiphy_byte_wrapper.u_xiphy_byte_wrapper/I_CONTROL[1].GEN_I_CONTROL.u_xiphy_control/xiphy_control/TX_DIV4_CLK_Q }

Check Type        Corner  Lib Pin                           Reference Pin  Required(ns)  Actual(ns)  Slack(ns)  Location               Pin
Min Period        n/a     RXTX_BITSLICE/TX_BIT_CTRL_IN[26]  n/a            2.667         3.332       0.665      BITSLICE_RX_TX_X0Y286  core_inst/ddr_inst/u_ddr4/inst/u_ddr4_mem_intfc/u_mig_ddr4_phy/inst/generate_block1.u_ddr_xiphy/byte_num[10].xiphy_byte_wrapper.u_xiphy_byte_wrapper/I_BITSLICE_LOWER[0].GEN_RXTX_BITSLICE_EN.u_xiphy_bitslice_lower/xiphy_rxtx_bitslice/TX_BIT_CTRL_IN[26]
Low Pulse Width   Slow    RXTX_BITSLICE/TX_BIT_CTRL_IN[26]  n/a            1.200         1.666       0.466      BITSLICE_RX_TX_X0Y286  core_inst/ddr_inst/u_ddr4/inst/u_ddr4_mem_intfc/u_mig_ddr4_phy/inst/generate_block1.u_ddr_xiphy/byte_num[10].xiphy_byte_wrapper.u_xiphy_byte_wrapper/I_BITSLICE_LOWER[0].GEN_RXTX_BITSLICE_EN.u_xiphy_bitslice_lower/xiphy_rxtx_bitslice/TX_BIT_CTRL_IN[26]
High Pulse Width  Slow    RXTX_BITSLICE/TX_BIT_CTRL_IN[26]  n/a            1.200         1.666       0.466      BITSLICE_RX_TX_X0Y286  core_inst/ddr_inst/u_ddr4/inst/u_ddr4_mem_intfc/u_mig_ddr4_phy/inst/generate_block1.u_ddr_xiphy/byte_num[10].xiphy_byte_wrapper.u_xiphy_byte_wrapper/I_BITSLICE_LOWER[0].GEN_RXTX_BITSLICE_EN.u_xiphy_bitslice_lower/xiphy_rxtx_bitslice/TX_BIT_CTRL_IN[26]



---------------------------------------------------------------------------------------------------
From Clock:  mmcm_clkout5
  To Clock:  mmcm_clkout5

Setup :            0  Failing Endpoints,  Worst Slack        9.278ns,  Total Violation        0.000ns
Hold  :            0  Failing Endpoints,  Worst Slack        0.026ns,  Total Violation        0.000ns
PW    :            0  Failing Endpoints,  Worst Slack        6.132ns,  Total Violation        0.000ns
---------------------------------------------------------------------------------------------------


Max Delay Paths
--------------------------------------------------------------------------------------
Slack (MET) :             9.278ns  (required time - arrival time)
  Source:                 dbg_hub/inst/BSCANID.u_xsdbm_id/CORE_XSDB.UUT_MASTER/U_XSDB_ADDRESS_CONTROLLER/addr_reg[1]/C
                            (rising edge-triggered cell FDRE clocked by mmcm_clkout5  {rise@0.000ns fall@6.664ns period=13.328ns})
  Destination:            core_inst/ddr_inst/u_ddr4/inst/u_ddr4_mem_intfc/u_ddr_cal_top/u_ddr_cal/U_XSDB_SLAVE/reg_do_reg[7]/D
                            (rising edge-triggered cell FDRE clocked by mmcm_clkout5  {rise@0.000ns fall@6.664ns period=13.328ns})
  Path Group:             mmcm_clkout5
  Path Type:              Setup (Max at Slow Process Corner)
  Requirement:            13.328ns  (mmcm_clkout5 rise@13.328ns - mmcm_clkout5 rise@0.000ns)
  Data Path Delay:        4.016ns  (logic 0.315ns (7.843%)  route 3.701ns (92.157%))
  Logic Levels:           3  (LUT6=3)
  Clock Path Skew:        0.002ns (DCD - SCD + CPR)
    Destination Clock Delay (DCD):    3.325ns = ( 16.653 - 13.328 ) 
    Source Clock Delay      (SCD):    2.890ns
    Clock Pessimism Removal (CPR):    -0.433ns
  Clock Uncertainty:      0.061ns  ((TSJ^2 + DJ^2)^1/2) / 2 + PE
    Total System Jitter     (TSJ):    0.071ns
    Discrete Jitter          (DJ):    0.100ns
    Phase Error              (PE):    0.000ns
  Clock Net Delay (Source):      1.670ns (routing 0.827ns, distribution 0.843ns)
  Clock Net Delay (Destination): 1.559ns (routing 0.751ns, distribution 0.808ns)

    Location             Delay type                Incr(ns)  Path(ns)    Netlist Resource(s)
  -------------------------------------------------------------------    -------------------
                         (clock mmcm_clkout5 rise edge)
                                                      0.000     0.000 r  
    G13                                               0.000     0.000 r  c0_sys_clk_p (IN)
                         net (fo=0)                   0.100     0.100    core_inst/ddr_inst/u_ddr4/inst/u_ddr4_mem_intfc/u_mig_ddr4_phy/inst/u_ddr4_phy_pll/diff_input_clk.u_ibufg_sys_clk/I
    HPIOBDIFFINBUF_X0Y108
                         DIFFINBUF (Prop_DIFFINBUF_HPIOBDIFFINBUF_DIFF_IN_P_O)
                                                      0.549     0.649 r  core_inst/ddr_inst/u_ddr4/inst/u_ddr4_mem_intfc/u_mig_ddr4_phy/inst/u_ddr4_phy_pll/diff_input_clk.u_ibufg_sys_clk/DIFFINBUF_INST/O
                         net (fo=1, routed)           0.050     0.699    core_inst/ddr_inst/u_ddr4/inst/u_ddr4_mem_intfc/u_mig_ddr4_phy/inst/u_ddr4_phy_pll/diff_input_clk.u_ibufg_sys_clk/OUT
    G13                  IBUFCTRL (Prop_IBUFCTRL_HPIOB_M_I_O)
                                                      0.000     0.699 r  core_inst/ddr_inst/u_ddr4/inst/u_ddr4_mem_intfc/u_mig_ddr4_phy/inst/u_ddr4_phy_pll/diff_input_clk.u_ibufg_sys_clk/IBUFCTRL_INST/O
                         net (fo=2, routed)           0.384     1.083    core_inst/ddr_inst/u_ddr4/inst/u_ddr4_infrastructure/mmcm_clk_in
    MMCM_X0Y4            MMCME4_ADV (Prop_MMCM_CLKIN1_CLKOUT5)
                                                     -0.127     0.956 r  core_inst/ddr_inst/u_ddr4/inst/u_ddr4_infrastructure/gen_mmcme4.u_mmcme_adv_inst/CLKOUT5
                         net (fo=1, routed)           0.236     1.192    core_inst/ddr_inst/u_ddr4/inst/u_ddr4_infrastructure/mmcm_clkout5
    BUFGCE_X0Y119        BUFGCE (Prop_BUFCE_BUFGCE_I_O)
                                                      0.028     1.220 r  core_inst/ddr_inst/u_ddr4/inst/u_ddr4_infrastructure/u_bufg_dbg_clk/O
    X3Y3 (CLOCK_ROOT)    net (fo=870, routed)         1.670     2.890    dbg_hub/inst/BSCANID.u_xsdbm_id/CORE_XSDB.UUT_MASTER/U_XSDB_ADDRESS_CONTROLLER/clk
    SLICE_X79Y189        FDRE                                         r  dbg_hub/inst/BSCANID.u_xsdbm_id/CORE_XSDB.UUT_MASTER/U_XSDB_ADDRESS_CONTROLLER/addr_reg[1]/C
  -------------------------------------------------------------------    -------------------
    SLICE_X79Y189        FDRE (Prop_BFF_SLICEM_C_Q)
                                                      0.078     2.968 r  dbg_hub/inst/BSCANID.u_xsdbm_id/CORE_XSDB.UUT_MASTER/U_XSDB_ADDRESS_CONTROLLER/addr_reg[1]/Q
                         net (fo=95, routed)          3.262     6.231    core_inst/ddr_inst/u_ddr4/inst/u_ddr4_mem_intfc/u_ddr_cal_top/u_ddr_cal/U_XSDB_SLAVE/sl_iport_i[5]
    SLICE_X81Y181        LUT6 (Prop_H6LUT_SLICEL_I2_O)
                                                      0.051     6.282 r  core_inst/ddr_inst/u_ddr4/inst/u_ddr4_mem_intfc/u_ddr_cal_top/u_ddr_cal/U_XSDB_SLAVE/reg_do[7]_i_5/O
                         net (fo=1, routed)           0.211     6.493    core_inst/ddr_inst/u_ddr4/inst/u_ddr4_mem_intfc/u_ddr_cal_top/u_ddr_cal/U_XSDB_SLAVE/reg_do[7]_i_5_n_0
    SLICE_X82Y182        LUT6 (Prop_B6LUT_SLICEM_I3_O)
                                                      0.149     6.642 r  core_inst/ddr_inst/u_ddr4/inst/u_ddr4_mem_intfc/u_ddr_cal_top/u_ddr_cal/U_XSDB_SLAVE/reg_do[7]_i_2/O
                         net (fo=1, routed)           0.162     6.804    core_inst/ddr_inst/u_ddr4/inst/u_ddr4_mem_intfc/u_ddr_cal_top/u_ddr_cal/U_XSDB_SLAVE/reg_do[7]_i_2_n_0
    SLICE_X82Y188        LUT6 (Prop_C6LUT_SLICEM_I0_O)
                                                      0.037     6.841 r  core_inst/ddr_inst/u_ddr4/inst/u_ddr4_mem_intfc/u_ddr_cal_top/u_ddr_cal/U_XSDB_SLAVE/reg_do[7]_i_1/O
                         net (fo=1, routed)           0.066     6.907    core_inst/ddr_inst/u_ddr4/inst/u_ddr4_mem_intfc/u_ddr_cal_top/u_ddr_cal/U_XSDB_SLAVE/reg_do[7]
    SLICE_X82Y188        FDRE                                         r  core_inst/ddr_inst/u_ddr4/inst/u_ddr4_mem_intfc/u_ddr_cal_top/u_ddr_cal/U_XSDB_SLAVE/reg_do_reg[7]/D
  -------------------------------------------------------------------    -------------------

                         (clock mmcm_clkout5 rise edge)
                                                     13.328    13.328 r  
    G13                                               0.000    13.328 r  c0_sys_clk_p (IN)
                         net (fo=0)                   0.079    13.407    core_inst/ddr_inst/u_ddr4/inst/u_ddr4_mem_intfc/u_mig_ddr4_phy/inst/u_ddr4_phy_pll/diff_input_clk.u_ibufg_sys_clk/I
    HPIOBDIFFINBUF_X0Y108
                         DIFFINBUF (Prop_DIFFINBUF_HPIOBDIFFINBUF_DIFF_IN_P_O)
                                                      0.453    13.860 r  core_inst/ddr_inst/u_ddr4/inst/u_ddr4_mem_intfc/u_mig_ddr4_phy/inst/u_ddr4_phy_pll/diff_input_clk.u_ibufg_sys_clk/DIFFINBUF_INST/O
                         net (fo=1, routed)           0.040    13.900    core_inst/ddr_inst/u_ddr4/inst/u_ddr4_mem_intfc/u_mig_ddr4_phy/inst/u_ddr4_phy_pll/diff_input_clk.u_ibufg_sys_clk/OUT
    G13                  IBUFCTRL (Prop_IBUFCTRL_HPIOB_M_I_O)
                                                      0.000    13.900 r  core_inst/ddr_inst/u_ddr4/inst/u_ddr4_mem_intfc/u_mig_ddr4_phy/inst/u_ddr4_phy_pll/diff_input_clk.u_ibufg_sys_clk/IBUFCTRL_INST/O
                         net (fo=2, routed)           0.333    14.233    core_inst/ddr_inst/u_ddr4/inst/u_ddr4_infrastructure/mmcm_clk_in
    MMCM_X0Y4            MMCME4_ADV (Prop_MMCM_CLKIN1_CLKOUT5)
                                                      0.630    14.863 r  core_inst/ddr_inst/u_ddr4/inst/u_ddr4_infrastructure/gen_mmcme4.u_mmcme_adv_inst/CLKOUT5
                         net (fo=1, routed)           0.208    15.071    core_inst/ddr_inst/u_ddr4/inst/u_ddr4_infrastructure/mmcm_clkout5
    BUFGCE_X0Y119        BUFGCE (Prop_BUFCE_BUFGCE_I_O)
                                                      0.024    15.095 r  core_inst/ddr_inst/u_ddr4/inst/u_ddr4_infrastructure/u_bufg_dbg_clk/O
    X3Y3 (CLOCK_ROOT)    net (fo=870, routed)         1.559    16.653    core_inst/ddr_inst/u_ddr4/inst/u_ddr4_mem_intfc/u_ddr_cal_top/u_ddr_cal/U_XSDB_SLAVE/sl_iport_i[1]
    SLICE_X82Y188        FDRE                                         r  core_inst/ddr_inst/u_ddr4/inst/u_ddr4_mem_intfc/u_ddr_cal_top/u_ddr_cal/U_XSDB_SLAVE/reg_do_reg[7]/C
                         clock pessimism             -0.433    16.220    
                         clock uncertainty           -0.061    16.159    
    SLICE_X82Y188        FDRE (Setup_CFF_SLICEM_C_D)
                                                      0.025    16.184    core_inst/ddr_inst/u_ddr4/inst/u_ddr4_mem_intfc/u_ddr_cal_top/u_ddr_cal/U_XSDB_SLAVE/reg_do_reg[7]
  -------------------------------------------------------------------
                         required time                         16.184    
                         arrival time                          -6.907    
  -------------------------------------------------------------------
                         slack                                  9.278    





Min Delay Paths
--------------------------------------------------------------------------------------
Slack (MET) :             0.026ns  (arrival time - required time)
  Source:                 dbg_hub/inst/BSCANID.u_xsdbm_id/CORE_XSDB.UUT_MASTER/U_ICON_INTERFACE/U_CMD6_RD/U_RD_FIFO/SUBCORE_FIFO.xsdbm_v3_0_0_rdfifo_inst/inst_fifo_gen/gconvfifo.rf/grf.rf/gntv_or_sync_fifo.gl0.wr/wpntr/gic0.gc0.count_d1_reg[3]/C
                            (rising edge-triggered cell FDCE clocked by mmcm_clkout5  {rise@0.000ns fall@6.664ns period=13.328ns})
  Destination:            dbg_hub/inst/BSCANID.u_xsdbm_id/CORE_XSDB.UUT_MASTER/U_ICON_INTERFACE/U_CMD6_RD/U_RD_FIFO/SUBCORE_FIFO.xsdbm_v3_0_0_rdfifo_inst/inst_fifo_gen/gconvfifo.rf/grf.rf/gntv_or_sync_fifo.gl0.wr/wpntr/gic0.gc0.count_d2_reg[3]/D
                            (rising edge-triggered cell FDCE clocked by mmcm_clkout5  {rise@0.000ns fall@6.664ns period=13.328ns})
  Path Group:             mmcm_clkout5
  Path Type:              Hold (Min at Fast Process Corner)
  Requirement:            0.000ns  (mmcm_clkout5 rise@0.000ns - mmcm_clkout5 rise@0.000ns)
  Data Path Delay:        0.079ns  (logic 0.038ns (48.101%)  route 0.041ns (51.899%))
  Logic Levels:           0  
  Clock Path Skew:        0.006ns (DCD - SCD - CPR)
    Destination Clock Delay (DCD):    1.704ns
    Source Clock Delay      (SCD):    1.931ns
    Clock Pessimism Removal (CPR):    -0.233ns
  Clock Net Delay (Source):      0.922ns (routing 0.458ns, distribution 0.464ns)
  Clock Net Delay (Destination): 1.042ns (routing 0.509ns, distribution 0.533ns)

    Location             Delay type                Incr(ns)  Path(ns)    Netlist Resource(s)
  -------------------------------------------------------------------    -------------------
                         (clock mmcm_clkout5 rise edge)
                                                      0.000     0.000 r  
    G13                                               0.000     0.000 r  c0_sys_clk_p (IN)
                         net (fo=0)                   0.079     0.079    core_inst/ddr_inst/u_ddr4/inst/u_ddr4_mem_intfc/u_mig_ddr4_phy/inst/u_ddr4_phy_pll/diff_input_clk.u_ibufg_sys_clk/I
    HPIOBDIFFINBUF_X0Y108
                         DIFFINBUF (Prop_DIFFINBUF_HPIOBDIFFINBUF_DIFF_IN_P_O)
                                                      0.308     0.387 r  core_inst/ddr_inst/u_ddr4/inst/u_ddr4_mem_intfc/u_mig_ddr4_phy/inst/u_ddr4_phy_pll/diff_input_clk.u_ibufg_sys_clk/DIFFINBUF_INST/O
                         net (fo=1, routed)           0.040     0.427    core_inst/ddr_inst/u_ddr4/inst/u_ddr4_mem_intfc/u_mig_ddr4_phy/inst/u_ddr4_phy_pll/diff_input_clk.u_ibufg_sys_clk/OUT
    G13                  IBUFCTRL (Prop_IBUFCTRL_HPIOB_M_I_O)
                                                      0.000     0.427 r  core_inst/ddr_inst/u_ddr4/inst/u_ddr4_mem_intfc/u_mig_ddr4_phy/inst/u_ddr4_phy_pll/diff_input_clk.u_ibufg_sys_clk/IBUFCTRL_INST/O
                         net (fo=2, routed)           0.196     0.623    core_inst/ddr_inst/u_ddr4/inst/u_ddr4_infrastructure/mmcm_clk_in
    MMCM_X0Y4            MMCME4_ADV (Prop_MMCM_CLKIN1_CLKOUT5)
                                                      0.230     0.853 r  core_inst/ddr_inst/u_ddr4/inst/u_ddr4_infrastructure/gen_mmcme4.u_mmcme_adv_inst/CLKOUT5
                         net (fo=1, routed)           0.140     0.993    core_inst/ddr_inst/u_ddr4/inst/u_ddr4_infrastructure/mmcm_clkout5
    BUFGCE_X0Y119        BUFGCE (Prop_BUFCE_BUFGCE_I_O)
                                                      0.017     1.010 r  core_inst/ddr_inst/u_ddr4/inst/u_ddr4_infrastructure/u_bufg_dbg_clk/O
    X3Y3 (CLOCK_ROOT)    net (fo=870, routed)         0.922     1.931    dbg_hub/inst/BSCANID.u_xsdbm_id/CORE_XSDB.UUT_MASTER/U_ICON_INTERFACE/U_CMD6_RD/U_RD_FIFO/SUBCORE_FIFO.xsdbm_v3_0_0_rdfifo_inst/inst_fifo_gen/gconvfifo.rf/grf.rf/gntv_or_sync_fifo.gl0.wr/wpntr/wr_clk
    SLICE_X75Y193        FDCE                                         r  dbg_hub/inst/BSCANID.u_xsdbm_id/CORE_XSDB.UUT_MASTER/U_ICON_INTERFACE/U_CMD6_RD/U_RD_FIFO/SUBCORE_FIFO.xsdbm_v3_0_0_rdfifo_inst/inst_fifo_gen/gconvfifo.rf/grf.rf/gntv_or_sync_fifo.gl0.wr/wpntr/gic0.gc0.count_d1_reg[3]/C
  -------------------------------------------------------------------    -------------------
    SLICE_X75Y193        FDCE (Prop_BFF_SLICEM_C_Q)
                                                      0.038     1.969 r  dbg_hub/inst/BSCANID.u_xsdbm_id/CORE_XSDB.UUT_MASTER/U_ICON_INTERFACE/U_CMD6_RD/U_RD_FIFO/SUBCORE_FIFO.xsdbm_v3_0_0_rdfifo_inst/inst_fifo_gen/gconvfifo.rf/grf.rf/gntv_or_sync_fifo.gl0.wr/wpntr/gic0.gc0.count_d1_reg[3]/Q
                         net (fo=2, routed)           0.041     2.010    dbg_hub/inst/BSCANID.u_xsdbm_id/CORE_XSDB.UUT_MASTER/U_ICON_INTERFACE/U_CMD6_RD/U_RD_FIFO/SUBCORE_FIFO.xsdbm_v3_0_0_rdfifo_inst/inst_fifo_gen/gconvfifo.rf/grf.rf/gntv_or_sync_fifo.gl0.wr/wpntr/gic0.gc0.count_d1_reg[3]_0[3]
    SLICE_X75Y193        FDCE                                         r  dbg_hub/inst/BSCANID.u_xsdbm_id/CORE_XSDB.UUT_MASTER/U_ICON_INTERFACE/U_CMD6_RD/U_RD_FIFO/SUBCORE_FIFO.xsdbm_v3_0_0_rdfifo_inst/inst_fifo_gen/gconvfifo.rf/grf.rf/gntv_or_sync_fifo.gl0.wr/wpntr/gic0.gc0.count_d2_reg[3]/D
  -------------------------------------------------------------------    -------------------

                         (clock mmcm_clkout5 rise edge)
                                                      0.000     0.000 r  
    G13                                               0.000     0.000 r  c0_sys_clk_p (IN)
                         net (fo=0)                   0.100     0.100    core_inst/ddr_inst/u_ddr4/inst/u_ddr4_mem_intfc/u_mig_ddr4_phy/inst/u_ddr4_phy_pll/diff_input_clk.u_ibufg_sys_clk/I
    HPIOBDIFFINBUF_X0Y108
                         DIFFINBUF (Prop_DIFFINBUF_HPIOBDIFFINBUF_DIFF_IN_P_O)
                                                      0.406     0.506 r  core_inst/ddr_inst/u_ddr4/inst/u_ddr4_mem_intfc/u_mig_ddr4_phy/inst/u_ddr4_phy_pll/diff_input_clk.u_ibufg_sys_clk/DIFFINBUF_INST/O
                         net (fo=1, routed)           0.050     0.556    core_inst/ddr_inst/u_ddr4/inst/u_ddr4_mem_intfc/u_mig_ddr4_phy/inst/u_ddr4_phy_pll/diff_input_clk.u_ibufg_sys_clk/OUT
    G13                  IBUFCTRL (Prop_IBUFCTRL_HPIOB_M_I_O)
                                                      0.000     0.556 r  core_inst/ddr_inst/u_ddr4/inst/u_ddr4_mem_intfc/u_mig_ddr4_phy/inst/u_ddr4_phy_pll/diff_input_clk.u_ibufg_sys_clk/IBUFCTRL_INST/O
                         net (fo=2, routed)           0.222     0.778    core_inst/ddr_inst/u_ddr4/inst/u_ddr4_infrastructure/mmcm_clk_in
    MMCM_X0Y4            MMCME4_ADV (Prop_MMCM_CLKIN1_CLKOUT5)
                                                     -0.295     0.483 r  core_inst/ddr_inst/u_ddr4/inst/u_ddr4_infrastructure/gen_mmcme4.u_mmcme_adv_inst/CLKOUT5
                         net (fo=1, routed)           0.160     0.643    core_inst/ddr_inst/u_ddr4/inst/u_ddr4_infrastructure/mmcm_clkout5
    BUFGCE_X0Y119        BUFGCE (Prop_BUFCE_BUFGCE_I_O)
                                                      0.019     0.662 r  core_inst/ddr_inst/u_ddr4/inst/u_ddr4_infrastructure/u_bufg_dbg_clk/O
    X3Y3 (CLOCK_ROOT)    net (fo=870, routed)         1.042     1.704    dbg_hub/inst/BSCANID.u_xsdbm_id/CORE_XSDB.UUT_MASTER/U_ICON_INTERFACE/U_CMD6_RD/U_RD_FIFO/SUBCORE_FIFO.xsdbm_v3_0_0_rdfifo_inst/inst_fifo_gen/gconvfifo.rf/grf.rf/gntv_or_sync_fifo.gl0.wr/wpntr/wr_clk
    SLICE_X75Y193        FDCE                                         r  dbg_hub/inst/BSCANID.u_xsdbm_id/CORE_XSDB.UUT_MASTER/U_ICON_INTERFACE/U_CMD6_RD/U_RD_FIFO/SUBCORE_FIFO.xsdbm_v3_0_0_rdfifo_inst/inst_fifo_gen/gconvfifo.rf/grf.rf/gntv_or_sync_fifo.gl0.wr/wpntr/gic0.gc0.count_d2_reg[3]/C
                         clock pessimism              0.233     1.937    
    SLICE_X75Y193        FDCE (Hold_CFF2_SLICEM_C_D)
                                                      0.047     1.984    dbg_hub/inst/BSCANID.u_xsdbm_id/CORE_XSDB.UUT_MASTER/U_ICON_INTERFACE/U_CMD6_RD/U_RD_FIFO/SUBCORE_FIFO.xsdbm_v3_0_0_rdfifo_inst/inst_fifo_gen/gconvfifo.rf/grf.rf/gntv_or_sync_fifo.gl0.wr/wpntr/gic0.gc0.count_d2_reg[3]
  -------------------------------------------------------------------
                         required time                         -1.984    
                         arrival time                           2.010    
  -------------------------------------------------------------------
                         slack                                  0.026    





Pulse Width Checks
--------------------------------------------------------------------------------------
Clock Name:         mmcm_clkout5
Waveform(ns):       { 0.000 6.664 }
Period(ns):         13.328
Sources:            { core_inst/ddr_inst/u_ddr4/inst/u_ddr4_infrastructure/gen_mmcme4.u_mmcme_adv_inst/CLKOUT5 }

Check Type        Corner  Lib Pin     Reference Pin  Required(ns)  Actual(ns)  Slack(ns)  Location       Pin
Min Period        n/a     BUFGCE/I    n/a            1.290         13.328      12.038     BUFGCE_X0Y119  core_inst/ddr_inst/u_ddr4/inst/u_ddr4_infrastructure/u_bufg_dbg_clk/I
Low Pulse Width   Slow    RAMD32/CLK  n/a            0.532         6.664       6.132      SLICE_X78Y193  dbg_hub/inst/BSCANID.u_xsdbm_id/CORE_XSDB.UUT_MASTER/U_ICON_INTERFACE/U_CMD6_RD/U_RD_FIFO/SUBCORE_FIFO.xsdbm_v3_0_0_rdfifo_inst/inst_fifo_gen/gconvfifo.rf/grf.rf/gntv_or_sync_fifo.mem/gdm.dm_gen.dm/RAM_reg_0_15_0_13/RAMA/CLK
High Pulse Width  Slow    RAMD32/CLK  n/a            0.532         6.664       6.132      SLICE_X78Y193  dbg_hub/inst/BSCANID.u_xsdbm_id/CORE_XSDB.UUT_MASTER/U_ICON_INTERFACE/U_CMD6_RD/U_RD_FIFO/SUBCORE_FIFO.xsdbm_v3_0_0_rdfifo_inst/inst_fifo_gen/gconvfifo.rf/grf.rf/gntv_or_sync_fifo.mem/gdm.dm_gen.dm/RAM_reg_0_15_0_13/RAMA/CLK



---------------------------------------------------------------------------------------------------
From Clock:  mmcm_clkout6
  To Clock:  mmcm_clkout6

Setup :            0  Failing Endpoints,  Worst Slack        1.407ns,  Total Violation        0.000ns
Hold  :            0  Failing Endpoints,  Worst Slack        0.010ns,  Total Violation        0.000ns
PW    :            0  Failing Endpoints,  Worst Slack        1.104ns,  Total Violation        0.000ns
---------------------------------------------------------------------------------------------------


Max Delay Paths
--------------------------------------------------------------------------------------
Slack (MET) :             1.407ns  (required time - arrival time)
  Source:                 core_inst/ddr_inst/u_ddr4/inst/u_ddr4_mem_intfc/u_ddr_cal_riu/io_address_riuclk_reg[22]/C
                            (rising edge-triggered cell FDRE clocked by mmcm_clkout6  {rise@0.000ns fall@3.332ns period=6.664ns})
  Destination:            core_inst/ddr_inst/u_ddr4/inst/u_ddr4_mem_intfc/u_mig_ddr4_phy/inst/riu2clb_vld_read_data_reg[12]/D
                            (rising edge-triggered cell FDRE clocked by mmcm_clkout6  {rise@0.000ns fall@3.332ns period=6.664ns})
  Path Group:             mmcm_clkout6
  Path Type:              Setup (Max at Slow Process Corner)
  Requirement:            6.664ns  (mmcm_clkout6 rise@6.664ns - mmcm_clkout6 rise@0.000ns)
  Data Path Delay:        5.042ns  (logic 0.718ns (14.241%)  route 4.324ns (85.759%))
  Logic Levels:           6  (LUT5=1 LUT6=5)
  Clock Path Skew:        -0.184ns (DCD - SCD + CPR)
    Destination Clock Delay (DCD):    2.793ns = ( 9.457 - 6.664 ) 
    Source Clock Delay      (SCD):    2.453ns
    Clock Pessimism Removal (CPR):    -0.523ns
  Clock Uncertainty:      0.056ns  ((TSJ^2 + DJ^2)^1/2) / 2 + PE
    Total System Jitter     (TSJ):    0.071ns
    Discrete Jitter          (DJ):    0.088ns
    Phase Error              (PE):    0.000ns
  Clock Net Delay (Source):      1.208ns (routing 0.171ns, distribution 1.037ns)
  Clock Net Delay (Destination): 1.008ns (routing 0.155ns, distribution 0.853ns)

    Location             Delay type                Incr(ns)  Path(ns)    Netlist Resource(s)
  -------------------------------------------------------------------    -------------------
                         (clock mmcm_clkout6 rise edge)
                                                      0.000     0.000 r  
    G13                                               0.000     0.000 r  c0_sys_clk_p (IN)
                         net (fo=0)                   0.100     0.100    core_inst/ddr_inst/u_ddr4/inst/u_ddr4_mem_intfc/u_mig_ddr4_phy/inst/u_ddr4_phy_pll/diff_input_clk.u_ibufg_sys_clk/I
    HPIOBDIFFINBUF_X0Y108
                         DIFFINBUF (Prop_DIFFINBUF_HPIOBDIFFINBUF_DIFF_IN_P_O)
                                                      0.549     0.649 r  core_inst/ddr_inst/u_ddr4/inst/u_ddr4_mem_intfc/u_mig_ddr4_phy/inst/u_ddr4_phy_pll/diff_input_clk.u_ibufg_sys_clk/DIFFINBUF_INST/O
                         net (fo=1, routed)           0.050     0.699    core_inst/ddr_inst/u_ddr4/inst/u_ddr4_mem_intfc/u_mig_ddr4_phy/inst/u_ddr4_phy_pll/diff_input_clk.u_ibufg_sys_clk/OUT
    G13                  IBUFCTRL (Prop_IBUFCTRL_HPIOB_M_I_O)
                                                      0.000     0.699 r  core_inst/ddr_inst/u_ddr4/inst/u_ddr4_mem_intfc/u_mig_ddr4_phy/inst/u_ddr4_phy_pll/diff_input_clk.u_ibufg_sys_clk/IBUFCTRL_INST/O
                         net (fo=2, routed)           0.384     1.083    core_inst/ddr_inst/u_ddr4/inst/u_ddr4_infrastructure/mmcm_clk_in
    MMCM_X0Y4            MMCME4_ADV (Prop_MMCM_CLKIN1_CLKOUT6)
                                                     -0.127     0.956 r  core_inst/ddr_inst/u_ddr4/inst/u_ddr4_infrastructure/gen_mmcme4.u_mmcme_adv_inst/CLKOUT6
                         net (fo=1, routed)           0.261     1.217    core_inst/ddr_inst/u_ddr4/inst/u_ddr4_infrastructure/mmcm_clkout6
    BUFGCE_X0Y116        BUFGCE (Prop_BUFCE_BUFGCE_I_O)
                                                      0.028     1.245 r  core_inst/ddr_inst/u_ddr4/inst/u_ddr4_infrastructure/u_bufg_riuClk/O
    X4Y4 (CLOCK_ROOT)    net (fo=1761, routed)        1.208     2.453    core_inst/ddr_inst/u_ddr4/inst/u_ddr4_mem_intfc/u_ddr_cal_riu/CLK
    SLICE_X92Y190        FDRE                                         r  core_inst/ddr_inst/u_ddr4/inst/u_ddr4_mem_intfc/u_ddr_cal_riu/io_address_riuclk_reg[22]/C
  -------------------------------------------------------------------    -------------------
    SLICE_X92Y190        FDRE (Prop_GFF_SLICEL_C_Q)
                                                      0.079     2.532 f  core_inst/ddr_inst/u_ddr4/inst/u_ddr4_mem_intfc/u_ddr_cal_riu/io_address_riuclk_reg[22]/Q
                         net (fo=41, routed)          0.392     2.925    core_inst/ddr_inst/u_ddr4/inst/u_ddr4_mem_intfc/u_mig_ddr4_phy/inst/io_address_riuclk[22]
    SLICE_X90Y203        LUT6 (Prop_G6LUT_SLICEM_I4_O)
                                                      0.100     3.025 f  core_inst/ddr_inst/u_ddr4/inst/u_ddr4_mem_intfc/u_mig_ddr4_phy/inst/riu_nibble_8[3]_INST_0_i_5/O
                         net (fo=9, routed)           0.506     3.530    core_inst/ddr_inst/u_ddr4/inst/u_ddr4_mem_intfc/u_mig_ddr4_phy/inst/riu_nibble_8[3]_INST_0_i_5_n_0
    SLICE_X83Y188        LUT6 (Prop_F6LUT_SLICEM_I0_O)
                                                      0.051     3.581 f  core_inst/ddr_inst/u_ddr4/inst/u_ddr4_mem_intfc/u_mig_ddr4_phy/inst/riu_nibble_8[3]_INST_0_i_2/O
                         net (fo=10, routed)          0.282     3.864    core_inst/ddr_inst/u_ddr4/inst/u_ddr4_mem_intfc/u_mig_ddr4_phy/inst/io_address_riuclk_26_sn_1
    SLICE_X81Y183        LUT6 (Prop_H6LUT_SLICEL_I5_O)
                                                      0.099     3.963 r  core_inst/ddr_inst/u_ddr4/inst/u_ddr4_mem_intfc/u_mig_ddr4_phy/inst/riu_nibble_8[0]_INST_0_i_3/O
                         net (fo=2, routed)           0.200     4.163    core_inst/ddr_inst/u_ddr4/inst/u_ddr4_mem_intfc/u_mig_ddr4_phy/inst/riu_nibble_8[0]_INST_0_i_3_n_0
    SLICE_X81Y183        LUT6 (Prop_G6LUT_SLICEL_I0_O)
                                                      0.149     4.312 r  core_inst/ddr_inst/u_ddr4/inst/u_ddr4_mem_intfc/u_mig_ddr4_phy/inst/riu_nibble_8[1]_INST_0_i_1/O
                         net (fo=85, routed)          1.962     6.274    core_inst/ddr_inst/u_ddr4/inst/u_ddr4_mem_intfc/u_mig_ddr4_phy/inst/io_address_riuclk_7_sn_1
    SLICE_X81Y317        LUT6 (Prop_H6LUT_SLICEL_I4_O)
                                                      0.150     6.424 f  core_inst/ddr_inst/u_ddr4/inst/u_ddr4_mem_intfc/u_mig_ddr4_phy/inst/riu2clb_vld_read_data[12]_i_4/O
                         net (fo=1, routed)           0.930     7.354    core_inst/ddr_inst/u_ddr4/inst/u_ddr4_mem_intfc/u_mig_ddr4_phy/inst/riu2clb_vld_read_data[12]_i_4_n_0
    SLICE_X81Y249        LUT5 (Prop_H6LUT_SLICEL_I4_O)
                                                      0.090     7.444 r  core_inst/ddr_inst/u_ddr4/inst/u_ddr4_mem_intfc/u_mig_ddr4_phy/inst/riu2clb_vld_read_data[12]_i_1/O
                         net (fo=1, routed)           0.051     7.495    core_inst/ddr_inst/u_ddr4/inst/u_ddr4_mem_intfc/u_mig_ddr4_phy/inst/riu2clb_vld_read_data[12]_i_1_n_0
    SLICE_X81Y249        FDRE                                         r  core_inst/ddr_inst/u_ddr4/inst/u_ddr4_mem_intfc/u_mig_ddr4_phy/inst/riu2clb_vld_read_data_reg[12]/D
  -------------------------------------------------------------------    -------------------

                         (clock mmcm_clkout6 rise edge)
                                                      6.664     6.664 r  
    G13                                               0.000     6.664 r  c0_sys_clk_p (IN)
                         net (fo=0)                   0.079     6.743    core_inst/ddr_inst/u_ddr4/inst/u_ddr4_mem_intfc/u_mig_ddr4_phy/inst/u_ddr4_phy_pll/diff_input_clk.u_ibufg_sys_clk/I
    HPIOBDIFFINBUF_X0Y108
                         DIFFINBUF (Prop_DIFFINBUF_HPIOBDIFFINBUF_DIFF_IN_P_O)
                                                      0.453     7.196 r  core_inst/ddr_inst/u_ddr4/inst/u_ddr4_mem_intfc/u_mig_ddr4_phy/inst/u_ddr4_phy_pll/diff_input_clk.u_ibufg_sys_clk/DIFFINBUF_INST/O
                         net (fo=1, routed)           0.040     7.236    core_inst/ddr_inst/u_ddr4/inst/u_ddr4_mem_intfc/u_mig_ddr4_phy/inst/u_ddr4_phy_pll/diff_input_clk.u_ibufg_sys_clk/OUT
    G13                  IBUFCTRL (Prop_IBUFCTRL_HPIOB_M_I_O)
                                                      0.000     7.236 r  core_inst/ddr_inst/u_ddr4/inst/u_ddr4_mem_intfc/u_mig_ddr4_phy/inst/u_ddr4_phy_pll/diff_input_clk.u_ibufg_sys_clk/IBUFCTRL_INST/O
                         net (fo=2, routed)           0.333     7.569    core_inst/ddr_inst/u_ddr4/inst/u_ddr4_infrastructure/mmcm_clk_in
    MMCM_X0Y4            MMCME4_ADV (Prop_MMCM_CLKIN1_CLKOUT6)
                                                      0.630     8.199 r  core_inst/ddr_inst/u_ddr4/inst/u_ddr4_infrastructure/gen_mmcme4.u_mmcme_adv_inst/CLKOUT6
                         net (fo=1, routed)           0.226     8.425    core_inst/ddr_inst/u_ddr4/inst/u_ddr4_infrastructure/mmcm_clkout6
    BUFGCE_X0Y116        BUFGCE (Prop_BUFCE_BUFGCE_I_O)
                                                      0.024     8.449 r  core_inst/ddr_inst/u_ddr4/inst/u_ddr4_infrastructure/u_bufg_riuClk/O
    X4Y4 (CLOCK_ROOT)    net (fo=1761, routed)        1.008     9.457    core_inst/ddr_inst/u_ddr4/inst/u_ddr4_mem_intfc/u_mig_ddr4_phy/inst/riu_clk
    SLICE_X81Y249        FDRE                                         r  core_inst/ddr_inst/u_ddr4/inst/u_ddr4_mem_intfc/u_mig_ddr4_phy/inst/riu2clb_vld_read_data_reg[12]/C
                         clock pessimism             -0.523     8.933    
                         clock uncertainty           -0.056     8.877    
    SLICE_X81Y249        FDRE (Setup_HFF_SLICEL_C_D)
                                                      0.025     8.902    core_inst/ddr_inst/u_ddr4/inst/u_ddr4_mem_intfc/u_mig_ddr4_phy/inst/riu2clb_vld_read_data_reg[12]
  -------------------------------------------------------------------
                         required time                          8.902    
                         arrival time                          -7.495    
  -------------------------------------------------------------------
                         slack                                  1.407    





Min Delay Paths
--------------------------------------------------------------------------------------
Slack (MET) :             0.010ns  (arrival time - required time)
  Source:                 core_inst/ddr_inst/u_ddr4/inst/u_ddr4_mem_intfc/u_ddr_cal_riu/mcs0/inst/microblaze_I/U0/MicroBlaze_Core_I/Performance.Core/Data_Flow_I/Operand_Select_I/EX_Op3_reg[3]/C
                            (rising edge-triggered cell FDRE clocked by mmcm_clkout6  {rise@0.000ns fall@3.332ns period=6.664ns})
  Destination:            core_inst/ddr_inst/u_ddr4/inst/u_ddr4_mem_intfc/u_ddr_cal_riu/mcs0/inst/microblaze_I/U0/MicroBlaze_Core_I/Performance.Core/Data_Flow_I/Barrel_Shifter_I/Use_HW_BS.Using_BitField.Gen_Bits[3].mem_Rd_reg[3]/D
                            (rising edge-triggered cell FDRE clocked by mmcm_clkout6  {rise@0.000ns fall@3.332ns period=6.664ns})
  Path Group:             mmcm_clkout6
  Path Type:              Hold (Min at Slow Process Corner)
  Requirement:            0.000ns  (mmcm_clkout6 rise@0.000ns - mmcm_clkout6 rise@0.000ns)
  Data Path Delay:        0.129ns  (logic 0.058ns (44.961%)  route 0.071ns (55.039%))
  Logic Levels:           0  
  Clock Path Skew:        0.057ns (DCD - SCD - CPR)
    Destination Clock Delay (DCD):    2.466ns
    Source Clock Delay      (SCD):    2.825ns
    Clock Pessimism Removal (CPR):    -0.416ns
  Clock Net Delay (Source):      1.041ns (routing 0.155ns, distribution 0.886ns)
  Clock Net Delay (Destination): 1.221ns (routing 0.171ns, distribution 1.050ns)

    Location             Delay type                Incr(ns)  Path(ns)    Netlist Resource(s)
  -------------------------------------------------------------------    -------------------
                         (clock mmcm_clkout6 rise edge)
                                                      0.000     0.000 r  
    G13                                               0.000     0.000 r  c0_sys_clk_p (IN)
                         net (fo=0)                   0.079     0.079    core_inst/ddr_inst/u_ddr4/inst/u_ddr4_mem_intfc/u_mig_ddr4_phy/inst/u_ddr4_phy_pll/diff_input_clk.u_ibufg_sys_clk/I
    HPIOBDIFFINBUF_X0Y108
                         DIFFINBUF (Prop_DIFFINBUF_HPIOBDIFFINBUF_DIFF_IN_P_O)
                                                      0.453     0.532 r  core_inst/ddr_inst/u_ddr4/inst/u_ddr4_mem_intfc/u_mig_ddr4_phy/inst/u_ddr4_phy_pll/diff_input_clk.u_ibufg_sys_clk/DIFFINBUF_INST/O
                         net (fo=1, routed)           0.040     0.572    core_inst/ddr_inst/u_ddr4/inst/u_ddr4_mem_intfc/u_mig_ddr4_phy/inst/u_ddr4_phy_pll/diff_input_clk.u_ibufg_sys_clk/OUT
    G13                  IBUFCTRL (Prop_IBUFCTRL_HPIOB_M_I_O)
                                                      0.000     0.572 r  core_inst/ddr_inst/u_ddr4/inst/u_ddr4_mem_intfc/u_mig_ddr4_phy/inst/u_ddr4_phy_pll/diff_input_clk.u_ibufg_sys_clk/IBUFCTRL_INST/O
                         net (fo=2, routed)           0.333     0.905    core_inst/ddr_inst/u_ddr4/inst/u_ddr4_infrastructure/mmcm_clk_in
    MMCM_X0Y4            MMCME4_ADV (Prop_MMCM_CLKIN1_CLKOUT6)
                                                      0.630     1.535 r  core_inst/ddr_inst/u_ddr4/inst/u_ddr4_infrastructure/gen_mmcme4.u_mmcme_adv_inst/CLKOUT6
                         net (fo=1, routed)           0.226     1.761    core_inst/ddr_inst/u_ddr4/inst/u_ddr4_infrastructure/mmcm_clkout6
    BUFGCE_X0Y116        BUFGCE (Prop_BUFCE_BUFGCE_I_O)
                                                      0.024     1.785 r  core_inst/ddr_inst/u_ddr4/inst/u_ddr4_infrastructure/u_bufg_riuClk/O
    X4Y4 (CLOCK_ROOT)    net (fo=1761, routed)        1.041     2.825    core_inst/ddr_inst/u_ddr4/inst/u_ddr4_mem_intfc/u_ddr_cal_riu/mcs0/inst/microblaze_I/U0/MicroBlaze_Core_I/Performance.Core/Data_Flow_I/Operand_Select_I/Clk
    SLICE_X88Y204        FDRE                                         r  core_inst/ddr_inst/u_ddr4/inst/u_ddr4_mem_intfc/u_ddr_cal_riu/mcs0/inst/microblaze_I/U0/MicroBlaze_Core_I/Performance.Core/Data_Flow_I/Operand_Select_I/EX_Op3_reg[3]/C
  -------------------------------------------------------------------    -------------------
    SLICE_X88Y204        FDRE (Prop_CFF_SLICEL_C_Q)
                                                      0.058     2.883 r  core_inst/ddr_inst/u_ddr4/inst/u_ddr4_mem_intfc/u_ddr_cal_riu/mcs0/inst/microblaze_I/U0/MicroBlaze_Core_I/Performance.Core/Data_Flow_I/Operand_Select_I/EX_Op3_reg[3]/Q
                         net (fo=2, routed)           0.071     2.954    core_inst/ddr_inst/u_ddr4/inst/u_ddr4_mem_intfc/u_ddr_cal_riu/mcs0/inst/microblaze_I/U0/MicroBlaze_Core_I/Performance.Core/Data_Flow_I/Barrel_Shifter_I/Q[28]
    SLICE_X88Y202        FDRE                                         r  core_inst/ddr_inst/u_ddr4/inst/u_ddr4_mem_intfc/u_ddr_cal_riu/mcs0/inst/microblaze_I/U0/MicroBlaze_Core_I/Performance.Core/Data_Flow_I/Barrel_Shifter_I/Use_HW_BS.Using_BitField.Gen_Bits[3].mem_Rd_reg[3]/D
  -------------------------------------------------------------------    -------------------

                         (clock mmcm_clkout6 rise edge)
                                                      0.000     0.000 r  
    G13                                               0.000     0.000 r  c0_sys_clk_p (IN)
                         net (fo=0)                   0.100     0.100    core_inst/ddr_inst/u_ddr4/inst/u_ddr4_mem_intfc/u_mig_ddr4_phy/inst/u_ddr4_phy_pll/diff_input_clk.u_ibufg_sys_clk/I
    HPIOBDIFFINBUF_X0Y108
                         DIFFINBUF (Prop_DIFFINBUF_HPIOBDIFFINBUF_DIFF_IN_P_O)
                                                      0.549     0.649 r  core_inst/ddr_inst/u_ddr4/inst/u_ddr4_mem_intfc/u_mig_ddr4_phy/inst/u_ddr4_phy_pll/diff_input_clk.u_ibufg_sys_clk/DIFFINBUF_INST/O
                         net (fo=1, routed)           0.050     0.699    core_inst/ddr_inst/u_ddr4/inst/u_ddr4_mem_intfc/u_mig_ddr4_phy/inst/u_ddr4_phy_pll/diff_input_clk.u_ibufg_sys_clk/OUT
    G13                  IBUFCTRL (Prop_IBUFCTRL_HPIOB_M_I_O)
                                                      0.000     0.699 r  core_inst/ddr_inst/u_ddr4/inst/u_ddr4_mem_intfc/u_mig_ddr4_phy/inst/u_ddr4_phy_pll/diff_input_clk.u_ibufg_sys_clk/IBUFCTRL_INST/O
                         net (fo=2, routed)           0.384     1.083    core_inst/ddr_inst/u_ddr4/inst/u_ddr4_infrastructure/mmcm_clk_in
    MMCM_X0Y4            MMCME4_ADV (Prop_MMCM_CLKIN1_CLKOUT6)
                                                     -0.127     0.956 r  core_inst/ddr_inst/u_ddr4/inst/u_ddr4_infrastructure/gen_mmcme4.u_mmcme_adv_inst/CLKOUT6
                         net (fo=1, routed)           0.261     1.217    core_inst/ddr_inst/u_ddr4/inst/u_ddr4_infrastructure/mmcm_clkout6
    BUFGCE_X0Y116        BUFGCE (Prop_BUFCE_BUFGCE_I_O)
                                                      0.028     1.245 r  core_inst/ddr_inst/u_ddr4/inst/u_ddr4_infrastructure/u_bufg_riuClk/O
    X4Y4 (CLOCK_ROOT)    net (fo=1761, routed)        1.221     2.466    core_inst/ddr_inst/u_ddr4/inst/u_ddr4_mem_intfc/u_ddr_cal_riu/mcs0/inst/microblaze_I/U0/MicroBlaze_Core_I/Performance.Core/Data_Flow_I/Barrel_Shifter_I/Clk
    SLICE_X88Y202        FDRE                                         r  core_inst/ddr_inst/u_ddr4/inst/u_ddr4_mem_intfc/u_ddr_cal_riu/mcs0/inst/microblaze_I/U0/MicroBlaze_Core_I/Performance.Core/Data_Flow_I/Barrel_Shifter_I/Use_HW_BS.Using_BitField.Gen_Bits[3].mem_Rd_reg[3]/C
                         clock pessimism              0.416     2.882    
    SLICE_X88Y202        FDRE (Hold_HFF2_SLICEL_C_D)
                                                      0.062     2.944    core_inst/ddr_inst/u_ddr4/inst/u_ddr4_mem_intfc/u_ddr_cal_riu/mcs0/inst/microblaze_I/U0/MicroBlaze_Core_I/Performance.Core/Data_Flow_I/Barrel_Shifter_I/Use_HW_BS.Using_BitField.Gen_Bits[3].mem_Rd_reg[3]
  -------------------------------------------------------------------
                         required time                         -2.944    
                         arrival time                           2.954    
  -------------------------------------------------------------------
                         slack                                  0.010    





Pulse Width Checks
--------------------------------------------------------------------------------------
Clock Name:         mmcm_clkout6
Waveform(ns):       { 0.000 3.332 }
Period(ns):         6.664
Sources:            { core_inst/ddr_inst/u_ddr4/inst/u_ddr4_infrastructure/gen_mmcme4.u_mmcme_adv_inst/CLKOUT6 }

Check Type        Corner  Lib Pin                   Reference Pin             Required(ns)  Actual(ns)  Slack(ns)  Location                Pin
Min Period        n/a     BITSLICE_CONTROL/RIU_CLK  n/a                       3.846         6.664       2.818      BITSLICE_CONTROL_X0Y24  core_inst/ddr_inst/u_ddr4/inst/u_ddr4_mem_intfc/u_mig_ddr4_phy/inst/generate_block1.u_ddr_xiphy/byte_num[0].xiphy_byte_wrapper.u_xiphy_byte_wrapper/I_CONTROL[0].GEN_I_CONTROL.u_xiphy_control/xiphy_control/RIU_CLK
Low Pulse Width   Slow    BITSLICE_CONTROL/RIU_CLK  n/a                       1.731         3.332       1.601      BITSLICE_CONTROL_X0Y24  core_inst/ddr_inst/u_ddr4/inst/u_ddr4_mem_intfc/u_mig_ddr4_phy/inst/generate_block1.u_ddr_xiphy/byte_num[0].xiphy_byte_wrapper.u_xiphy_byte_wrapper/I_CONTROL[0].GEN_I_CONTROL.u_xiphy_control/xiphy_control/RIU_CLK
High Pulse Width  Slow    BITSLICE_CONTROL/RIU_CLK  n/a                       1.731         3.332       1.601      BITSLICE_CONTROL_X0Y24  core_inst/ddr_inst/u_ddr4/inst/u_ddr4_mem_intfc/u_mig_ddr4_phy/inst/generate_block1.u_ddr_xiphy/byte_num[0].xiphy_byte_wrapper.u_xiphy_byte_wrapper/I_CONTROL[0].GEN_I_CONTROL.u_xiphy_control/xiphy_control/RIU_CLK
Max Skew          Fast    BITSLICE_CONTROL/RIU_CLK  BITSLICE_CONTROL/PLL_CLK  1.984         0.880       1.104      BITSLICE_CONTROL_X0Y41  core_inst/ddr_inst/u_ddr4/inst/u_ddr4_mem_intfc/u_mig_ddr4_phy/inst/generate_block1.u_ddr_xiphy/byte_num[8].xiphy_byte_wrapper.u_xiphy_byte_wrapper/I_CONTROL[1].GEN_I_CONTROL.u_xiphy_control/xiphy_control/RIU_CLK



---------------------------------------------------------------------------------------------------
From Clock:  clk_100
  To Clock:  clk_100

Setup :           NA  Failing Endpoints,  Worst Slack           NA  ,  Total Violation           NA
Hold  :           NA  Failing Endpoints,  Worst Slack           NA  ,  Total Violation           NA
PW    :            0  Failing Endpoints,  Worst Slack        2.000ns,  Total Violation        0.000ns
---------------------------------------------------------------------------------------------------


Pulse Width Checks
--------------------------------------------------------------------------------------
Clock Name:         clk_100
Waveform(ns):       { 0.000 5.000 }
Period(ns):         10.000
Sources:            { clk_p }

Check Type        Corner  Lib Pin            Reference Pin  Required(ns)  Actual(ns)  Slack(ns)  Location   Pin
Min Period        n/a     MMCME4_ADV/CLKIN1  n/a            1.071         10.000      8.929      MMCM_X0Y0  clk_mmcm/CLKIN1
Max Period        n/a     MMCME4_ADV/CLKIN1  n/a            100.000       10.000      90.000     MMCM_X0Y0  clk_mmcm/CLKIN1
Low Pulse Width   Slow    MMCME4_ADV/CLKIN1  n/a            3.000         5.000       2.000      MMCM_X0Y0  clk_mmcm/CLKIN1
High Pulse Width  Slow    MMCME4_ADV/CLKIN1  n/a            3.000         5.000       2.000      MMCM_X0Y0  clk_mmcm/CLKIN1



---------------------------------------------------------------------------------------------------
From Clock:  clk_125_mmcm
  To Clock:  clk_125_mmcm

Setup :            0  Failing Endpoints,  Worst Slack        4.843ns,  Total Violation        0.000ns
Hold  :            0  Failing Endpoints,  Worst Slack        0.014ns,  Total Violation        0.000ns
PW    :            0  Failing Endpoints,  Worst Slack        3.458ns,  Total Violation        0.000ns
---------------------------------------------------------------------------------------------------


Max Delay Paths
--------------------------------------------------------------------------------------
Slack (MET) :             4.843ns  (required time - arrival time)
  Source:                 core_inst/ddr_inst/u_wfifo/fifo_inst/wr_ptr_gray_reg_reg[6]/C
                            (rising edge-triggered cell FDRE clocked by clk_125_mmcm  {rise@0.000ns fall@4.000ns period=8.000ns})
  Destination:            core_inst/ddr_inst/u_wfifo/adapter_inst/m_axis_tdata_reg_reg[199]/CE
                            (rising edge-triggered cell FDRE clocked by clk_125_mmcm  {rise@0.000ns fall@4.000ns period=8.000ns})
  Path Group:             clk_125_mmcm
  Path Type:              Setup (Max at Slow Process Corner)
  Requirement:            8.000ns  (clk_125_mmcm rise@8.000ns - clk_125_mmcm rise@0.000ns)
  Data Path Delay:        2.934ns  (logic 0.354ns (12.067%)  route 2.580ns (87.933%))
  Logic Levels:           3  (LUT4=1 LUT6=2)
  Clock Path Skew:        -0.092ns (DCD - SCD + CPR)
    Destination Clock Delay (DCD):    4.221ns = ( 12.221 - 8.000 ) 
    Source Clock Delay      (SCD):    3.921ns
    Clock Pessimism Removal (CPR):    -0.393ns
  Clock Uncertainty:      0.071ns  ((TSJ^2 + DJ^2)^1/2) / 2 + PE
    Total System Jitter     (TSJ):    0.071ns
    Discrete Jitter          (DJ):    0.124ns
    Phase Error              (PE):    0.000ns
  Clock Net Delay (Source):      2.605ns (routing 1.491ns, distribution 1.114ns)
  Clock Net Delay (Destination): 2.377ns (routing 1.355ns, distribution 1.022ns)

    Location             Delay type                Incr(ns)  Path(ns)    Netlist Resource(s)
  -------------------------------------------------------------------    -------------------
                         (clock clk_125_mmcm rise edge)
                                                      0.000     0.000 r  
    AM15                                              0.000     0.000 r  clk_p (IN)
                         net (fo=0)                   0.100     0.100    clk_in_ibufds/I
    HPIOBDIFFINBUF_X0Y10 DIFFINBUF (Prop_DIFFINBUF_HPIOBDIFFINBUF_DIFF_IN_P_O)
                                                      0.617     0.717 r  clk_in_ibufds/DIFFINBUF_INST/O
                         net (fo=1, routed)           0.050     0.767    clk_in_ibufds/OUT
    AM15                 IBUFCTRL (Prop_IBUFCTRL_HPIOB_M_I_O)
                                                      0.000     0.767 r  clk_in_ibufds/IBUFCTRL_INST/O
                         net (fo=1, routed)           0.397     1.164    clk_in
    MMCM_X0Y0            MMCME4_ADV (Prop_MMCM_CLKIN1_CLKOUT1)
                                                     -0.127     1.037 r  clk_mmcm/CLKOUT1
                         net (fo=1, routed)           0.251     1.288    clk_125_mmcm
    BUFGCE_X0Y17         BUFGCE (Prop_BUFCE_BUFGCE_I_O)
                                                      0.028     1.316 r  clk_125_bufg/O
    X2Y4 (CLOCK_ROOT)    net (fo=1412, routed)        2.605     3.921    core_inst/ddr_inst/u_wfifo/fifo_inst/clk_wr
    SLICE_X72Y296        FDRE                                         r  core_inst/ddr_inst/u_wfifo/fifo_inst/wr_ptr_gray_reg_reg[6]/C
  -------------------------------------------------------------------    -------------------
    SLICE_X72Y296        FDRE (Prop_DFF2_SLICEM_C_Q)
                                                      0.080     4.001 r  core_inst/ddr_inst/u_wfifo/fifo_inst/wr_ptr_gray_reg_reg[6]/Q
                         net (fo=4, routed)           0.442     4.443    core_inst/ddr_inst/u_wfifo/fifo_inst/wr_ptr_gray_reg[6]
    SLICE_X71Y296        LUT6 (Prop_H6LUT_SLICEL_I0_O)
                                                      0.124     4.567 r  core_inst/ddr_inst/u_wfifo/fifo_inst/temp_m_axis_tdata_reg[499]_i_4/O
                         net (fo=3, routed)           0.087     4.653    core_inst/ddr_inst/u_wfifo/fifo_inst/temp_m_axis_tdata_reg[499]_i_4_n_0
    SLICE_X70Y296        LUT6 (Prop_G6LUT_SLICEM_I5_O)
                                                      0.052     4.705 r  core_inst/ddr_inst/u_wfifo/fifo_inst/m_axis_tdata_reg[499]_i_3/O
                         net (fo=113, routed)         0.188     4.893    core_inst/ddr_inst/u_wfifo/adapter_inst/m_axis_tdata_reg_reg[499]_0
    SLICE_X71Y296        LUT4 (Prop_B6LUT_SLICEL_I3_O)
                                                      0.098     4.991 r  core_inst/ddr_inst/u_wfifo/adapter_inst/m_axis_tdata_reg[499]_i_1/O
                         net (fo=333, routed)         1.863     6.854    core_inst/ddr_inst/u_wfifo/adapter_inst/m_axis_tdata_reg
    SLICE_X74Y321        FDRE                                         r  core_inst/ddr_inst/u_wfifo/adapter_inst/m_axis_tdata_reg_reg[199]/CE
  -------------------------------------------------------------------    -------------------

                         (clock clk_125_mmcm rise edge)
                                                      8.000     8.000 r  
    AM15                                              0.000     8.000 r  clk_p (IN)
                         net (fo=0)                   0.079     8.079    clk_in_ibufds/I
    HPIOBDIFFINBUF_X0Y10 DIFFINBUF (Prop_DIFFINBUF_HPIOBDIFFINBUF_DIFF_IN_P_O)
                                                      0.507     8.586 r  clk_in_ibufds/DIFFINBUF_INST/O
                         net (fo=1, routed)           0.040     8.626    clk_in_ibufds/OUT
    AM15                 IBUFCTRL (Prop_IBUFCTRL_HPIOB_M_I_O)
                                                      0.000     8.626 r  clk_in_ibufds/IBUFCTRL_INST/O
                         net (fo=1, routed)           0.344     8.970    clk_in
    MMCM_X0Y0            MMCME4_ADV (Prop_MMCM_CLKIN1_CLKOUT1)
                                                      0.630     9.600 r  clk_mmcm/CLKOUT1
                         net (fo=1, routed)           0.221     9.821    clk_125_mmcm
    BUFGCE_X0Y17         BUFGCE (Prop_BUFCE_BUFGCE_I_O)
                                                      0.024     9.845 r  clk_125_bufg/O
    X2Y4 (CLOCK_ROOT)    net (fo=1412, routed)        2.377    12.221    core_inst/ddr_inst/u_wfifo/adapter_inst/clk_wr
    SLICE_X74Y321        FDRE                                         r  core_inst/ddr_inst/u_wfifo/adapter_inst/m_axis_tdata_reg_reg[199]/C
                         clock pessimism             -0.393    11.828    
                         clock uncertainty           -0.071    11.757    
    SLICE_X74Y321        FDRE (Setup_HFF_SLICEL_C_CE)
                                                     -0.060    11.697    core_inst/ddr_inst/u_wfifo/adapter_inst/m_axis_tdata_reg_reg[199]
  -------------------------------------------------------------------
                         required time                         11.697    
                         arrival time                          -6.854    
  -------------------------------------------------------------------
                         slack                                  4.843    





Min Delay Paths
--------------------------------------------------------------------------------------
Slack (MET) :             0.014ns  (arrival time - required time)
  Source:                 core_inst/ddr_inst/u_wfifo/adapter_inst/temp_tdata_reg_reg[230]/C
                            (rising edge-triggered cell FDRE clocked by clk_125_mmcm  {rise@0.000ns fall@4.000ns period=8.000ns})
  Destination:            core_inst/ddr_inst/u_wfifo/adapter_inst/temp_m_axis_tdata_reg_reg[230]/D
                            (rising edge-triggered cell FDRE clocked by clk_125_mmcm  {rise@0.000ns fall@4.000ns period=8.000ns})
  Path Group:             clk_125_mmcm
  Path Type:              Hold (Min at Slow Process Corner)
  Requirement:            0.000ns  (clk_125_mmcm rise@0.000ns - clk_125_mmcm rise@0.000ns)
  Data Path Delay:        0.125ns  (logic 0.058ns (46.400%)  route 0.067ns (53.600%))
  Logic Levels:           0  
  Clock Path Skew:        0.049ns (DCD - SCD - CPR)
    Destination Clock Delay (DCD):    3.988ns
    Source Clock Delay      (SCD):    4.222ns
    Clock Pessimism Removal (CPR):    -0.282ns
  Clock Net Delay (Source):      2.377ns (routing 1.355ns, distribution 1.022ns)
  Clock Net Delay (Destination): 2.673ns (routing 1.491ns, distribution 1.182ns)

    Location             Delay type                Incr(ns)  Path(ns)    Netlist Resource(s)
  -------------------------------------------------------------------    -------------------
                         (clock clk_125_mmcm rise edge)
                                                      0.000     0.000 r  
    AM15                                              0.000     0.000 r  clk_p (IN)
                         net (fo=0)                   0.079     0.079    clk_in_ibufds/I
    HPIOBDIFFINBUF_X0Y10 DIFFINBUF (Prop_DIFFINBUF_HPIOBDIFFINBUF_DIFF_IN_P_O)
                                                      0.507     0.586 r  clk_in_ibufds/DIFFINBUF_INST/O
                         net (fo=1, routed)           0.040     0.626    clk_in_ibufds/OUT
    AM15                 IBUFCTRL (Prop_IBUFCTRL_HPIOB_M_I_O)
                                                      0.000     0.626 r  clk_in_ibufds/IBUFCTRL_INST/O
                         net (fo=1, routed)           0.344     0.970    clk_in
    MMCM_X0Y0            MMCME4_ADV (Prop_MMCM_CLKIN1_CLKOUT1)
                                                      0.630     1.600 r  clk_mmcm/CLKOUT1
                         net (fo=1, routed)           0.221     1.821    clk_125_mmcm
    BUFGCE_X0Y17         BUFGCE (Prop_BUFCE_BUFGCE_I_O)
                                                      0.024     1.845 r  clk_125_bufg/O
    X2Y4 (CLOCK_ROOT)    net (fo=1412, routed)        2.377     4.222    core_inst/ddr_inst/u_wfifo/adapter_inst/clk_wr
    SLICE_X73Y313        FDRE                                         r  core_inst/ddr_inst/u_wfifo/adapter_inst/temp_tdata_reg_reg[230]/C
  -------------------------------------------------------------------    -------------------
    SLICE_X73Y313        FDRE (Prop_FFF_SLICEL_C_Q)
                                                      0.058     4.280 r  core_inst/ddr_inst/u_wfifo/adapter_inst/temp_tdata_reg_reg[230]/Q
                         net (fo=2, routed)           0.067     4.347    core_inst/ddr_inst/u_wfifo/adapter_inst/temp_tdata_reg[230]
    SLICE_X73Y312        FDRE                                         r  core_inst/ddr_inst/u_wfifo/adapter_inst/temp_m_axis_tdata_reg_reg[230]/D
  -------------------------------------------------------------------    -------------------

                         (clock clk_125_mmcm rise edge)
                                                      0.000     0.000 r  
    AM15                                              0.000     0.000 r  clk_p (IN)
                         net (fo=0)                   0.100     0.100    clk_in_ibufds/I
    HPIOBDIFFINBUF_X0Y10 DIFFINBUF (Prop_DIFFINBUF_HPIOBDIFFINBUF_DIFF_IN_P_O)
                                                      0.617     0.717 r  clk_in_ibufds/DIFFINBUF_INST/O
                         net (fo=1, routed)           0.050     0.767    clk_in_ibufds/OUT
    AM15                 IBUFCTRL (Prop_IBUFCTRL_HPIOB_M_I_O)
                                                      0.000     0.767 r  clk_in_ibufds/IBUFCTRL_INST/O
                         net (fo=1, routed)           0.397     1.164    clk_in
    MMCM_X0Y0            MMCME4_ADV (Prop_MMCM_CLKIN1_CLKOUT1)
                                                     -0.127     1.037 r  clk_mmcm/CLKOUT1
                         net (fo=1, routed)           0.251     1.288    clk_125_mmcm
    BUFGCE_X0Y17         BUFGCE (Prop_BUFCE_BUFGCE_I_O)
                                                      0.028     1.316 r  clk_125_bufg/O
    X2Y4 (CLOCK_ROOT)    net (fo=1412, routed)        2.673     3.988    core_inst/ddr_inst/u_wfifo/adapter_inst/clk_wr
    SLICE_X73Y312        FDRE                                         r  core_inst/ddr_inst/u_wfifo/adapter_inst/temp_m_axis_tdata_reg_reg[230]/C
                         clock pessimism              0.282     4.271    
    SLICE_X73Y312        FDRE (Hold_EFF2_SLICEL_C_D)
                                                      0.062     4.333    core_inst/ddr_inst/u_wfifo/adapter_inst/temp_m_axis_tdata_reg_reg[230]
  -------------------------------------------------------------------
                         required time                         -4.333    
                         arrival time                           4.347    
  -------------------------------------------------------------------
                         slack                                  0.014    





Pulse Width Checks
--------------------------------------------------------------------------------------
Clock Name:         clk_125_mmcm
Waveform(ns):       { 0.000 4.000 }
Period(ns):         8.000
Sources:            { clk_mmcm/CLKOUT1 }

Check Type        Corner  Lib Pin             Reference Pin  Required(ns)  Actual(ns)  Slack(ns)  Location      Pin
Min Period        n/a     RAMB36E2/CLKBWRCLK  n/a            1.355         8.000       6.645      RAMB36_X8Y62  core_inst/ddr_inst/u_wfifo/fifo_inst/mem_reg_0/CLKBWRCLK
Low Pulse Width   Slow    RAMB36E2/CLKBWRCLK  n/a            0.542         4.000       3.458      RAMB36_X8Y62  core_inst/ddr_inst/u_wfifo/fifo_inst/mem_reg_0/CLKBWRCLK
High Pulse Width  Slow    RAMB36E2/CLKBWRCLK  n/a            0.542         4.000       3.458      RAMB36_X8Y62  core_inst/ddr_inst/u_wfifo/fifo_inst/mem_reg_0/CLKBWRCLK



---------------------------------------------------------------------------------------------------
From Clock:  clk_400_mmcm
  To Clock:  clk_400_mmcm

Setup :            0  Failing Endpoints,  Worst Slack        0.050ns,  Total Violation        0.000ns
Hold  :            0  Failing Endpoints,  Worst Slack        0.016ns,  Total Violation        0.000ns
PW    :            0  Failing Endpoints,  Worst Slack        0.550ns,  Total Violation        0.000ns
---------------------------------------------------------------------------------------------------


Max Delay Paths
--------------------------------------------------------------------------------------
Slack (MET) :             0.050ns  (required time - arrival time)
  Source:                 core_inst/stack_inst/udp_complete_inst/ip_complete_64_inst/ip_inst/ip_eth_rx_64_inst/m_ip_payload_axis_tdata_reg_reg[27]/C
                            (rising edge-triggered cell FDRE clocked by clk_400_mmcm  {rise@0.000ns fall@1.250ns period=2.500ns})
  Destination:            core_inst/stack_inst/icmp_echo_inst/frame_fifo/mem_reg_bram_0/DINADIN[23]
                            (rising edge-triggered cell RAMB36E2 clocked by clk_400_mmcm  {rise@0.000ns fall@1.250ns period=2.500ns})
  Path Group:             clk_400_mmcm
  Path Type:              Setup (Max at Slow Process Corner)
  Requirement:            2.500ns  (clk_400_mmcm rise@2.500ns - clk_400_mmcm rise@0.000ns)
  Data Path Delay:        2.076ns  (logic 0.987ns (47.549%)  route 1.089ns (52.451%))
  Logic Levels:           11  (CARRY8=5 LUT2=1 LUT3=1 LUT4=1 LUT5=1 LUT6=2)
  Clock Path Skew:        -0.066ns (DCD - SCD + CPR)
    Destination Clock Delay (DCD):    4.346ns = ( 6.846 - 2.500 ) 
    Source Clock Delay      (SCD):    4.089ns
    Clock Pessimism Removal (CPR):    -0.324ns
  Clock Uncertainty:      0.062ns  ((TSJ^2 + DJ^2)^1/2) / 2 + PE
    Total System Jitter     (TSJ):    0.071ns
    Discrete Jitter          (DJ):    0.101ns
    Phase Error              (PE):    0.000ns
  Clock Net Delay (Source):      2.779ns (routing 1.639ns, distribution 1.140ns)
  Clock Net Delay (Destination): 2.507ns (routing 1.490ns, distribution 1.017ns)

    Location             Delay type                Incr(ns)  Path(ns)    Netlist Resource(s)
  -------------------------------------------------------------------    -------------------
                         (clock clk_400_mmcm rise edge)
                                                      0.000     0.000 r  
    AM15                                              0.000     0.000 r  clk_p (IN)
                         net (fo=0)                   0.100     0.100    clk_in_ibufds/I
    HPIOBDIFFINBUF_X0Y10 DIFFINBUF (Prop_DIFFINBUF_HPIOBDIFFINBUF_DIFF_IN_P_O)
                                                      0.617     0.717 r  clk_in_ibufds/DIFFINBUF_INST/O
                         net (fo=1, routed)           0.050     0.767    clk_in_ibufds/OUT
    AM15                 IBUFCTRL (Prop_IBUFCTRL_HPIOB_M_I_O)
                                                      0.000     0.767 r  clk_in_ibufds/IBUFCTRL_INST/O
                         net (fo=1, routed)           0.397     1.164    clk_in
    MMCM_X0Y0            MMCME4_ADV (Prop_MMCM_CLKIN1_CLKOUT0)
                                                     -0.127     1.037 r  clk_mmcm/CLKOUT0
                         net (fo=1, routed)           0.245     1.282    clk_400_mmcm
    BUFGCE_X0Y5          BUFGCE (Prop_BUFCE_BUFGCE_I_O)
                                                      0.028     1.310 r  clk_400_bufg/O
    X1Y3 (CLOCK_ROOT)    net (fo=8825, routed)        2.779     4.089    core_inst/stack_inst/udp_complete_inst/ip_complete_64_inst/ip_inst/ip_eth_rx_64_inst/clk_400
    SLICE_X53Y224        FDRE                                         r  core_inst/stack_inst/udp_complete_inst/ip_complete_64_inst/ip_inst/ip_eth_rx_64_inst/m_ip_payload_axis_tdata_reg_reg[27]/C
  -------------------------------------------------------------------    -------------------
    SLICE_X53Y224        FDRE (Prop_AFF2_SLICEM_C_Q)
                                                      0.080     4.169 r  core_inst/stack_inst/udp_complete_inst/ip_complete_64_inst/ip_inst/ip_eth_rx_64_inst/m_ip_payload_axis_tdata_reg_reg[27]/Q
                         net (fo=8, routed)           0.249     4.417    core_inst/stack_inst/udp_complete_inst/ip_complete_64_inst/ip_inst/ip_eth_rx_64_inst/m_ip_payload_axis_tdata_reg_reg[63]_0[27]
    SLICE_X53Y224        LUT6 (Prop_F6LUT_SLICEM_I4_O)
                                                      0.088     4.505 f  core_inst/stack_inst/udp_complete_inst/ip_complete_64_inst/ip_inst/ip_eth_rx_64_inst/mem_reg_bram_0_i_71/O
                         net (fo=6, routed)           0.046     4.551    core_inst/stack_inst/udp_complete_inst/ip_complete_64_inst/ip_inst/ip_eth_rx_64_inst/mem_reg_bram_0_i_71_n_0
    SLICE_X53Y224        LUT6 (Prop_H6LUT_SLICEM_I3_O)
                                                      0.039     4.590 r  core_inst/stack_inst/udp_complete_inst/ip_complete_64_inst/ip_inst/ip_eth_rx_64_inst/mem_reg_bram_0_i_73/O
                         net (fo=6, routed)           0.048     4.638    core_inst/stack_inst/udp_complete_inst/ip_complete_64_inst/ip_inst/ip_eth_rx_64_inst/mem_reg_bram_0_i_73_n_0
    SLICE_X53Y224        LUT5 (Prop_E6LUT_SLICEM_I2_O)
                                                      0.091     4.729 r  core_inst/stack_inst/udp_complete_inst/ip_complete_64_inst/ip_inst/ip_eth_rx_64_inst/mem_reg_bram_0_i_72/O
                         net (fo=1, routed)           0.087     4.816    core_inst/stack_inst/udp_complete_inst/ip_complete_64_inst/ip_inst/ip_eth_rx_64_inst/mem_reg_bram_0_i_72_n_0
    SLICE_X53Y225        LUT3 (Prop_A6LUT_SLICEM_I1_O)
                                                      0.038     4.854 r  core_inst/stack_inst/udp_complete_inst/ip_complete_64_inst/ip_inst/ip_eth_rx_64_inst/mem_reg_bram_0_i_61/O
                         net (fo=1, routed)           0.013     4.867    core_inst/stack_inst/udp_complete_inst/ip_complete_64_inst/ip_inst/ip_eth_rx_64_inst/mem_reg_bram_0_i_61_n_0
    SLICE_X53Y225        CARRY8 (Prop_CARRY8_SLICEM_S[0]_CO[7])
                                                      0.192     5.059 r  core_inst/stack_inst/udp_complete_inst/ip_complete_64_inst/ip_inst/ip_eth_rx_64_inst/mem_reg_bram_0_i_51/CO[7]
                         net (fo=1, routed)           0.026     5.085    core_inst/stack_inst/udp_complete_inst/ip_complete_64_inst/ip_inst/ip_eth_rx_64_inst/mem_reg_bram_0_i_51_n_0
    SLICE_X53Y226        CARRY8 (Prop_CARRY8_SLICEM_CI_CO[7])
                                                      0.015     5.100 r  core_inst/stack_inst/udp_complete_inst/ip_complete_64_inst/ip_inst/ip_eth_rx_64_inst/mem_reg_bram_0_i_53/CO[7]
                         net (fo=1, routed)           0.026     5.126    core_inst/stack_inst/udp_complete_inst/ip_complete_64_inst/ip_inst/ip_eth_rx_64_inst/mem_reg_bram_0_i_53_n_0
    SLICE_X53Y227        CARRY8 (Prop_CARRY8_SLICEM_CI_CO[0])
                                                      0.052     5.178 r  core_inst/stack_inst/udp_complete_inst/ip_complete_64_inst/ip_inst/ip_eth_rx_64_inst/mem_reg_bram_0_i_62/CO[0]
                         net (fo=1, routed)           0.228     5.406    core_inst/stack_inst/udp_complete_inst/ip_complete_64_inst/ip_inst/ip_eth_rx_64_inst/mem_reg_bram_0_i_62_n_7
    SLICE_X52Y225        LUT2 (Prop_A6LUT_SLICEL_I1_O)
                                                      0.050     5.456 r  core_inst/stack_inst/udp_complete_inst/ip_complete_64_inst/ip_inst/ip_eth_rx_64_inst/mem_reg_bram_0_i_52/O
                         net (fo=1, routed)           0.009     5.465    core_inst/stack_inst/udp_complete_inst/ip_complete_64_inst/ip_inst/ip_eth_rx_64_inst/mem_reg_bram_0_i_52_n_0
    SLICE_X52Y225        CARRY8 (Prop_CARRY8_SLICEL_S[0]_CO[7])
                                                      0.190     5.655 r  core_inst/stack_inst/udp_complete_inst/ip_complete_64_inst/ip_inst/ip_eth_rx_64_inst/mem_reg_bram_0_i_45/CO[7]
                         net (fo=1, routed)           0.026     5.681    core_inst/stack_inst/udp_complete_inst/ip_complete_64_inst/ip_inst/ip_eth_rx_64_inst/mem_reg_bram_0_i_45_n_0
    SLICE_X52Y226        CARRY8 (Prop_CARRY8_SLICEL_CI_O[7])
                                                      0.116     5.797 f  core_inst/stack_inst/udp_complete_inst/ip_complete_64_inst/ip_inst/ip_eth_rx_64_inst/mem_reg_bram_0_i_46/O[7]
                         net (fo=1, routed)           0.118     5.915    core_inst/stack_inst/icmp_echo_inst/frame_fifo/csum_out0[15]
    SLICE_X52Y227        LUT4 (Prop_B6LUT_SLICEL_I3_O)
                                                      0.036     5.951 r  core_inst/stack_inst/icmp_echo_inst/frame_fifo/mem_reg_bram_0_i_11/O
                         net (fo=2, routed)           0.213     6.164    core_inst/stack_inst/icmp_echo_inst/frame_fifo/mem_reg_bram_0_i_11_n_0
    RAMB36_X5Y44         RAMB36E2                                     r  core_inst/stack_inst/icmp_echo_inst/frame_fifo/mem_reg_bram_0/DINADIN[23]
  -------------------------------------------------------------------    -------------------

                         (clock clk_400_mmcm rise edge)
                                                      2.500     2.500 r  
    AM15                                              0.000     2.500 r  clk_p (IN)
                         net (fo=0)                   0.079     2.579    clk_in_ibufds/I
    HPIOBDIFFINBUF_X0Y10 DIFFINBUF (Prop_DIFFINBUF_HPIOBDIFFINBUF_DIFF_IN_P_O)
                                                      0.507     3.086 r  clk_in_ibufds/DIFFINBUF_INST/O
                         net (fo=1, routed)           0.040     3.126    clk_in_ibufds/OUT
    AM15                 IBUFCTRL (Prop_IBUFCTRL_HPIOB_M_I_O)
                                                      0.000     3.126 r  clk_in_ibufds/IBUFCTRL_INST/O
                         net (fo=1, routed)           0.344     3.470    clk_in
    MMCM_X0Y0            MMCME4_ADV (Prop_MMCM_CLKIN1_CLKOUT0)
                                                      0.630     4.100 r  clk_mmcm/CLKOUT0
                         net (fo=1, routed)           0.216     4.316    clk_400_mmcm
    BUFGCE_X0Y5          BUFGCE (Prop_BUFCE_BUFGCE_I_O)
                                                      0.024     4.340 r  clk_400_bufg/O
    X1Y3 (CLOCK_ROOT)    net (fo=8825, routed)        2.507     6.846    core_inst/stack_inst/icmp_echo_inst/frame_fifo/clk_400
    RAMB36_X5Y44         RAMB36E2                                     r  core_inst/stack_inst/icmp_echo_inst/frame_fifo/mem_reg_bram_0/CLKARDCLK
                         clock pessimism             -0.324     6.522    
                         clock uncertainty           -0.062     6.461    
    RAMB36_X5Y44         RAMB36E2 (Setup_RAMB36E2_RAMB36_CLKARDCLK_DINADIN[23])
                                                     -0.246     6.215    core_inst/stack_inst/icmp_echo_inst/frame_fifo/mem_reg_bram_0
  -------------------------------------------------------------------
                         required time                          6.215    
                         arrival time                          -6.164    
  -------------------------------------------------------------------
                         slack                                  0.050    





Min Delay Paths
--------------------------------------------------------------------------------------
Slack (MET) :             0.016ns  (arrival time - required time)
  Source:                 core_inst/tx_fifo/adapter_inst/temp_tdata_reg_reg[461]/C
                            (rising edge-triggered cell FDRE clocked by clk_400_mmcm  {rise@0.000ns fall@1.250ns period=2.500ns})
  Destination:            core_inst/tx_fifo/adapter_inst/temp_m_axis_tdata_reg_reg[461]/D
                            (rising edge-triggered cell FDRE clocked by clk_400_mmcm  {rise@0.000ns fall@1.250ns period=2.500ns})
  Path Group:             clk_400_mmcm
  Path Type:              Hold (Min at Slow Process Corner)
  Requirement:            0.000ns  (clk_400_mmcm rise@0.000ns - clk_400_mmcm rise@0.000ns)
  Data Path Delay:        0.129ns  (logic 0.061ns (47.287%)  route 0.068ns (52.713%))
  Logic Levels:           0  
  Clock Path Skew:        0.051ns (DCD - SCD - CPR)
    Destination Clock Delay (DCD):    3.953ns
    Source Clock Delay      (SCD):    4.186ns
    Clock Pessimism Removal (CPR):    -0.284ns
  Clock Net Delay (Source):      2.346ns (routing 1.490ns, distribution 0.856ns)
  Clock Net Delay (Destination): 2.644ns (routing 1.639ns, distribution 1.005ns)

    Location             Delay type                Incr(ns)  Path(ns)    Netlist Resource(s)
  -------------------------------------------------------------------    -------------------
                         (clock clk_400_mmcm rise edge)
                                                      0.000     0.000 r  
    AM15                                              0.000     0.000 r  clk_p (IN)
                         net (fo=0)                   0.079     0.079    clk_in_ibufds/I
    HPIOBDIFFINBUF_X0Y10 DIFFINBUF (Prop_DIFFINBUF_HPIOBDIFFINBUF_DIFF_IN_P_O)
                                                      0.507     0.586 r  clk_in_ibufds/DIFFINBUF_INST/O
                         net (fo=1, routed)           0.040     0.626    clk_in_ibufds/OUT
    AM15                 IBUFCTRL (Prop_IBUFCTRL_HPIOB_M_I_O)
                                                      0.000     0.626 r  clk_in_ibufds/IBUFCTRL_INST/O
                         net (fo=1, routed)           0.344     0.970    clk_in
    MMCM_X0Y0            MMCME4_ADV (Prop_MMCM_CLKIN1_CLKOUT0)
                                                      0.630     1.600 r  clk_mmcm/CLKOUT0
                         net (fo=1, routed)           0.216     1.816    clk_400_mmcm
    BUFGCE_X0Y5          BUFGCE (Prop_BUFCE_BUFGCE_I_O)
                                                      0.024     1.840 r  clk_400_bufg/O
    X1Y3 (CLOCK_ROOT)    net (fo=8825, routed)        2.346     4.186    core_inst/tx_fifo/adapter_inst/clk_400
    SLICE_X22Y200        FDRE                                         r  core_inst/tx_fifo/adapter_inst/temp_tdata_reg_reg[461]/C
  -------------------------------------------------------------------    -------------------
    SLICE_X22Y200        FDRE (Prop_DFF2_SLICEL_C_Q)
                                                      0.061     4.247 r  core_inst/tx_fifo/adapter_inst/temp_tdata_reg_reg[461]/Q
                         net (fo=2, routed)           0.068     4.315    core_inst/tx_fifo/adapter_inst/temp_tdata_reg[461]
    SLICE_X22Y198        FDRE                                         r  core_inst/tx_fifo/adapter_inst/temp_m_axis_tdata_reg_reg[461]/D
  -------------------------------------------------------------------    -------------------

                         (clock clk_400_mmcm rise edge)
                                                      0.000     0.000 r  
    AM15                                              0.000     0.000 r  clk_p (IN)
                         net (fo=0)                   0.100     0.100    clk_in_ibufds/I
    HPIOBDIFFINBUF_X0Y10 DIFFINBUF (Prop_DIFFINBUF_HPIOBDIFFINBUF_DIFF_IN_P_O)
                                                      0.617     0.717 r  clk_in_ibufds/DIFFINBUF_INST/O
                         net (fo=1, routed)           0.050     0.767    clk_in_ibufds/OUT
    AM15                 IBUFCTRL (Prop_IBUFCTRL_HPIOB_M_I_O)
                                                      0.000     0.767 r  clk_in_ibufds/IBUFCTRL_INST/O
                         net (fo=1, routed)           0.397     1.164    clk_in
    MMCM_X0Y0            MMCME4_ADV (Prop_MMCM_CLKIN1_CLKOUT0)
                                                     -0.127     1.037 r  clk_mmcm/CLKOUT0
                         net (fo=1, routed)           0.245     1.282    clk_400_mmcm
    BUFGCE_X0Y5          BUFGCE (Prop_BUFCE_BUFGCE_I_O)
                                                      0.028     1.310 r  clk_400_bufg/O
    X1Y3 (CLOCK_ROOT)    net (fo=8825, routed)        2.644     3.953    core_inst/tx_fifo/adapter_inst/clk_400
    SLICE_X22Y198        FDRE                                         r  core_inst/tx_fifo/adapter_inst/temp_m_axis_tdata_reg_reg[461]/C
                         clock pessimism              0.284     4.237    
    SLICE_X22Y198        FDRE (Hold_GFF2_SLICEL_C_D)
                                                      0.062     4.299    core_inst/tx_fifo/adapter_inst/temp_m_axis_tdata_reg_reg[461]
  -------------------------------------------------------------------
                         required time                         -4.299    
                         arrival time                           4.315    
  -------------------------------------------------------------------
                         slack                                  0.016    





Pulse Width Checks
--------------------------------------------------------------------------------------
Clock Name:         clk_400_mmcm
Waveform(ns):       { 0.000 1.250 }
Period(ns):         2.500
Sources:            { clk_mmcm/CLKOUT0 }

Check Type        Corner  Lib Pin      Reference Pin  Required(ns)  Actual(ns)  Slack(ns)  Location       Pin
Min Period        n/a     URAM288/CLK  n/a            1.666         2.500       0.834      URAM288_X0Y12  core_inst/stack_inst/udp_complete_inst/udp_64_inst/udp_checksum_gen_64_inst/payload_fifo/mem_reg_uram_0/CLK
Low Pulse Width   Slow    URAM288/CLK  n/a            0.700         1.250       0.550      URAM288_X0Y12  core_inst/stack_inst/udp_complete_inst/udp_64_inst/udp_checksum_gen_64_inst/payload_fifo/mem_reg_uram_0/CLK
High Pulse Width  Slow    URAM288/CLK  n/a            0.700         1.250       0.550      URAM288_X0Y12  core_inst/stack_inst/udp_complete_inst/udp_64_inst/udp_checksum_gen_64_inst/payload_fifo/mem_reg_uram_0/CLK



---------------------------------------------------------------------------------------------------
From Clock:  dbg_hub/inst/BSCANID.u_xsdbm_id/SWITCH_N_EXT_BSCAN.bscan_inst/SERIES7_BSCAN.bscan_inst/INTERNAL_TCK
  To Clock:  dbg_hub/inst/BSCANID.u_xsdbm_id/SWITCH_N_EXT_BSCAN.bscan_inst/SERIES7_BSCAN.bscan_inst/INTERNAL_TCK

Setup :            0  Failing Endpoints,  Worst Slack       14.826ns,  Total Violation        0.000ns
Hold  :            0  Failing Endpoints,  Worst Slack        0.013ns,  Total Violation        0.000ns
PW    :            0  Failing Endpoints,  Worst Slack       24.468ns,  Total Violation        0.000ns
---------------------------------------------------------------------------------------------------


Max Delay Paths
--------------------------------------------------------------------------------------
Slack (MET) :             14.826ns  (required time - arrival time)
  Source:                 dbg_hub/inst/BSCANID.u_xsdbm_id/CORE_XSDB.U_ICON/iTDO_reg/C
                            (rising edge-triggered cell FDRE clocked by dbg_hub/inst/BSCANID.u_xsdbm_id/SWITCH_N_EXT_BSCAN.bscan_inst/SERIES7_BSCAN.bscan_inst/INTERNAL_TCK  {rise@0.000ns fall@25.000ns period=50.000ns})
  Destination:            dbg_hub/inst/BSCANID.u_xsdbm_id/SWITCH_N_EXT_BSCAN.bscan_inst/SERIES7_BSCAN.bscan_inst/TDO
                            (falling edge-triggered cell BSCANE2 clocked by dbg_hub/inst/BSCANID.u_xsdbm_id/SWITCH_N_EXT_BSCAN.bscan_inst/SERIES7_BSCAN.bscan_inst/INTERNAL_TCK  {rise@0.000ns fall@25.000ns period=50.000ns})
  Path Group:             dbg_hub/inst/BSCANID.u_xsdbm_id/SWITCH_N_EXT_BSCAN.bscan_inst/SERIES7_BSCAN.bscan_inst/INTERNAL_TCK
  Path Type:              Setup (Max at Slow Process Corner)
  Requirement:            25.000ns  (dbg_hub/inst/BSCANID.u_xsdbm_id/SWITCH_N_EXT_BSCAN.bscan_inst/SERIES7_BSCAN.bscan_inst/INTERNAL_TCK fall@25.000ns - dbg_hub/inst/BSCANID.u_xsdbm_id/SWITCH_N_EXT_BSCAN.bscan_inst/SERIES7_BSCAN.bscan_inst/INTERNAL_TCK rise@0.000ns)
  Data Path Delay:        2.847ns  (logic 0.318ns (11.169%)  route 2.529ns (88.831%))
  Logic Levels:           2  (LUT3=1 LUT6=1)
  Clock Path Skew:        -7.091ns (DCD - SCD + CPR)
    Destination Clock Delay (DCD):    0.000ns = ( 25.000 - 25.000 ) 
    Source Clock Delay      (SCD):    7.091ns
    Clock Pessimism Removal (CPR):    0.000ns
  Clock Uncertainty:      0.235ns  ((TSJ^2 + TIJ^2)^1/2 + DJ) / 2 + PE + DCD
    Total System Jitter     (TSJ):    0.071ns
    Total Input Jitter      (TIJ):    0.000ns
    Discrete Jitter          (DJ):    0.000ns
    Phase Error              (PE):    0.000ns
    Duty Cycle Distortion   (DCD):    0.200ns
  Clock Net Delay (Source):      1.644ns (routing 0.539ns, distribution 1.105ns)

    Location             Delay type                Incr(ns)  Path(ns)    Netlist Resource(s)
  -------------------------------------------------------------------    -------------------
                         (clock dbg_hub/inst/BSCANID.u_xsdbm_id/SWITCH_N_EXT_BSCAN.bscan_inst/SERIES7_BSCAN.bscan_inst/INTERNAL_TCK rise edge)
                                                      0.000     0.000 r  
    CONFIG_SITE_X0Y0     BSCANE2                      0.000     0.000 r  dbg_hub/inst/BSCANID.u_xsdbm_id/SWITCH_N_EXT_BSCAN.bscan_inst/SERIES7_BSCAN.bscan_inst/INTERNAL_TCK
    CONFIG_SITE_X0Y0     BSCANE2 (Prop_BSCAN1_CONFIG_SITE_INTERNAL_TCK_TCK)
                                                      4.300     4.300 r  dbg_hub/inst/BSCANID.u_xsdbm_id/SWITCH_N_EXT_BSCAN.bscan_inst/SERIES7_BSCAN.bscan_inst/TCK
                         net (fo=1, routed)           1.119     5.419    dbg_hub/inst/BSCANID.u_xsdbm_id/tck_bs
    BUFGCE_X0Y28         BUFGCE (Prop_BUFCE_BUFGCE_I_O)
                                                      0.028     5.447 r  dbg_hub/inst/BSCANID.u_xsdbm_id/SWITCH_N_EXT_BSCAN.u_bufg_icon_tck/O
    X4Y2 (CLOCK_ROOT)    net (fo=482, routed)         1.644     7.091    dbg_hub/inst/BSCANID.u_xsdbm_id/CORE_XSDB.U_ICON/m_bscan_tck[0]
    SLICE_X80Y179        FDRE                                         r  dbg_hub/inst/BSCANID.u_xsdbm_id/CORE_XSDB.U_ICON/iTDO_reg/C
  -------------------------------------------------------------------    -------------------
    SLICE_X80Y179        FDRE (Prop_DFF2_SLICEL_C_Q)
                                                      0.081     7.172 r  dbg_hub/inst/BSCANID.u_xsdbm_id/CORE_XSDB.U_ICON/iTDO_reg/Q
                         net (fo=1, routed)           1.485     8.657    dbg_hub/inst/BSCANID.u_xsdbm_id/TDO
    SLICE_X105Y120       LUT3 (Prop_E6LUT_SLICEL_I2_O)
                                                      0.147     8.804 r  dbg_hub/inst/BSCANID.u_xsdbm_id/SWITCH_N_EXT_BSCAN.bscan_switch_i_1/O
                         net (fo=2, routed)           0.261     9.065    dbg_hub/inst/BSCANID.u_xsdbm_id/SWITCH_N_EXT_BSCAN.bscan_switch/m_bscan_tdo[0]
    SLICE_X105Y114       LUT6 (Prop_H6LUT_SLICEL_I5_O)
                                                      0.090     9.155 r  dbg_hub/inst/BSCANID.u_xsdbm_id/SWITCH_N_EXT_BSCAN.bscan_switch/s_bscan_tdo_INST_0/O
                         net (fo=1, routed)           0.783     9.938    dbg_hub/inst/BSCANID.u_xsdbm_id/SWITCH_N_EXT_BSCAN.bscan_inst/TDO
    CONFIG_SITE_X0Y0     BSCANE2                                      r  dbg_hub/inst/BSCANID.u_xsdbm_id/SWITCH_N_EXT_BSCAN.bscan_inst/SERIES7_BSCAN.bscan_inst/TDO
  -------------------------------------------------------------------    -------------------

                         (clock dbg_hub/inst/BSCANID.u_xsdbm_id/SWITCH_N_EXT_BSCAN.bscan_inst/SERIES7_BSCAN.bscan_inst/INTERNAL_TCK fall edge)
                                                     25.000    25.000 f  
    CONFIG_SITE_X0Y0     BSCANE2                      0.000    25.000 f  dbg_hub/inst/BSCANID.u_xsdbm_id/SWITCH_N_EXT_BSCAN.bscan_inst/SERIES7_BSCAN.bscan_inst/INTERNAL_TCK
                         clock pessimism              0.000    25.000    
                         clock uncertainty           -0.235    24.765    
    CONFIG_SITE_X0Y0     BSCANE2 (Setup_BSCAN1_CONFIG_SITE_INTERNAL_TCK_TDO)
                                                      0.000    24.765    dbg_hub/inst/BSCANID.u_xsdbm_id/SWITCH_N_EXT_BSCAN.bscan_inst/SERIES7_BSCAN.bscan_inst
  -------------------------------------------------------------------
                         required time                         24.765    
                         arrival time                          -9.938    
  -------------------------------------------------------------------
                         slack                                 14.826    





Min Delay Paths
--------------------------------------------------------------------------------------
Slack (MET) :             0.013ns  (arrival time - required time)
  Source:                 dbg_hub/inst/BSCANID.u_xsdbm_id/SWITCH_N_EXT_BSCAN.bscan_switch/portno_temp_reg[1]/C
                            (rising edge-triggered cell FDRE clocked by dbg_hub/inst/BSCANID.u_xsdbm_id/SWITCH_N_EXT_BSCAN.bscan_inst/SERIES7_BSCAN.bscan_inst/INTERNAL_TCK  {rise@0.000ns fall@25.000ns period=50.000ns})
  Destination:            dbg_hub/inst/BSCANID.u_xsdbm_id/SWITCH_N_EXT_BSCAN.bscan_switch/portno_reg[1]/D
                            (rising edge-triggered cell FDRE clocked by dbg_hub/inst/BSCANID.u_xsdbm_id/SWITCH_N_EXT_BSCAN.bscan_inst/SERIES7_BSCAN.bscan_inst/INTERNAL_TCK  {rise@0.000ns fall@25.000ns period=50.000ns})
  Path Group:             dbg_hub/inst/BSCANID.u_xsdbm_id/SWITCH_N_EXT_BSCAN.bscan_inst/SERIES7_BSCAN.bscan_inst/INTERNAL_TCK
  Path Type:              Hold (Min at Slow Process Corner)
  Requirement:            0.000ns  (dbg_hub/inst/BSCANID.u_xsdbm_id/SWITCH_N_EXT_BSCAN.bscan_inst/SERIES7_BSCAN.bscan_inst/INTERNAL_TCK rise@0.000ns - dbg_hub/inst/BSCANID.u_xsdbm_id/SWITCH_N_EXT_BSCAN.bscan_inst/SERIES7_BSCAN.bscan_inst/INTERNAL_TCK rise@0.000ns)
  Data Path Delay:        0.130ns  (logic 0.058ns (44.615%)  route 0.072ns (55.385%))
  Logic Levels:           0  
  Clock Path Skew:        0.055ns (DCD - SCD - CPR)
    Destination Clock Delay (DCD):    7.118ns
    Source Clock Delay      (SCD):    2.733ns
    Clock Pessimism Removal (CPR):    4.330ns
  Clock Net Delay (Source):      1.459ns (routing 0.490ns, distribution 0.969ns)
  Clock Net Delay (Destination): 1.671ns (routing 0.539ns, distribution 1.132ns)

    Location             Delay type                Incr(ns)  Path(ns)    Netlist Resource(s)
  -------------------------------------------------------------------    -------------------
                         (clock dbg_hub/inst/BSCANID.u_xsdbm_id/SWITCH_N_EXT_BSCAN.bscan_inst/SERIES7_BSCAN.bscan_inst/INTERNAL_TCK rise edge)
                                                      0.000     0.000 r  
    CONFIG_SITE_X0Y0     BSCANE2                      0.000     0.000 r  dbg_hub/inst/BSCANID.u_xsdbm_id/SWITCH_N_EXT_BSCAN.bscan_inst/SERIES7_BSCAN.bscan_inst/INTERNAL_TCK
    CONFIG_SITE_X0Y0     BSCANE2 (Prop_BSCAN1_CONFIG_SITE_INTERNAL_TCK_TCK)
                                                      0.465     0.465 r  dbg_hub/inst/BSCANID.u_xsdbm_id/SWITCH_N_EXT_BSCAN.bscan_inst/SERIES7_BSCAN.bscan_inst/TCK
                         net (fo=1, routed)           0.785     1.250    dbg_hub/inst/BSCANID.u_xsdbm_id/tck_bs
    BUFGCE_X0Y28         BUFGCE (Prop_BUFCE_BUFGCE_I_O)
                                                      0.024     1.274 r  dbg_hub/inst/BSCANID.u_xsdbm_id/SWITCH_N_EXT_BSCAN.u_bufg_icon_tck/O
    X4Y2 (CLOCK_ROOT)    net (fo=482, routed)         1.459     2.733    dbg_hub/inst/BSCANID.u_xsdbm_id/SWITCH_N_EXT_BSCAN.bscan_switch/s_bscan_tck
    SLICE_X105Y116       FDRE                                         r  dbg_hub/inst/BSCANID.u_xsdbm_id/SWITCH_N_EXT_BSCAN.bscan_switch/portno_temp_reg[1]/C
  -------------------------------------------------------------------    -------------------
    SLICE_X105Y116       FDRE (Prop_HFF_SLICEL_C_Q)
                                                      0.058     2.791 r  dbg_hub/inst/BSCANID.u_xsdbm_id/SWITCH_N_EXT_BSCAN.bscan_switch/portno_temp_reg[1]/Q
                         net (fo=2, routed)           0.072     2.863    dbg_hub/inst/BSCANID.u_xsdbm_id/SWITCH_N_EXT_BSCAN.bscan_switch/portno_temp[1]
    SLICE_X105Y117       FDRE                                         r  dbg_hub/inst/BSCANID.u_xsdbm_id/SWITCH_N_EXT_BSCAN.bscan_switch/portno_reg[1]/D
  -------------------------------------------------------------------    -------------------

                         (clock dbg_hub/inst/BSCANID.u_xsdbm_id/SWITCH_N_EXT_BSCAN.bscan_inst/SERIES7_BSCAN.bscan_inst/INTERNAL_TCK rise edge)
                                                      0.000     0.000 r  
    CONFIG_SITE_X0Y0     BSCANE2                      0.000     0.000 r  dbg_hub/inst/BSCANID.u_xsdbm_id/SWITCH_N_EXT_BSCAN.bscan_inst/SERIES7_BSCAN.bscan_inst/INTERNAL_TCK
    CONFIG_SITE_X0Y0     BSCANE2 (Prop_BSCAN1_CONFIG_SITE_INTERNAL_TCK_TCK)
                                                      4.300     4.300 r  dbg_hub/inst/BSCANID.u_xsdbm_id/SWITCH_N_EXT_BSCAN.bscan_inst/SERIES7_BSCAN.bscan_inst/TCK
                         net (fo=1, routed)           1.119     5.419    dbg_hub/inst/BSCANID.u_xsdbm_id/tck_bs
    BUFGCE_X0Y28         BUFGCE (Prop_BUFCE_BUFGCE_I_O)
                                                      0.028     5.447 r  dbg_hub/inst/BSCANID.u_xsdbm_id/SWITCH_N_EXT_BSCAN.u_bufg_icon_tck/O
    X4Y2 (CLOCK_ROOT)    net (fo=482, routed)         1.671     7.118    dbg_hub/inst/BSCANID.u_xsdbm_id/SWITCH_N_EXT_BSCAN.bscan_switch/s_bscan_tck
    SLICE_X105Y117       FDRE                                         r  dbg_hub/inst/BSCANID.u_xsdbm_id/SWITCH_N_EXT_BSCAN.bscan_switch/portno_reg[1]/C
                         clock pessimism             -4.330     2.788    
    SLICE_X105Y117       FDRE (Hold_EFF2_SLICEL_C_D)
                                                      0.062     2.850    dbg_hub/inst/BSCANID.u_xsdbm_id/SWITCH_N_EXT_BSCAN.bscan_switch/portno_reg[1]
  -------------------------------------------------------------------
                         required time                         -2.850    
                         arrival time                           2.863    
  -------------------------------------------------------------------
                         slack                                  0.013    





Pulse Width Checks
--------------------------------------------------------------------------------------
Clock Name:         dbg_hub/inst/BSCANID.u_xsdbm_id/SWITCH_N_EXT_BSCAN.bscan_inst/SERIES7_BSCAN.bscan_inst/INTERNAL_TCK
Waveform(ns):       { 0.000 25.000 }
Period(ns):         50.000
Sources:            { dbg_hub/inst/BSCANID.u_xsdbm_id/SWITCH_N_EXT_BSCAN.bscan_inst/SERIES7_BSCAN.bscan_inst/INTERNAL_TCK }

Check Type        Corner  Lib Pin     Reference Pin  Required(ns)  Actual(ns)  Slack(ns)  Location       Pin
Min Period        n/a     BUFGCE/I    n/a            1.290         50.000      48.710     BUFGCE_X0Y28   dbg_hub/inst/BSCANID.u_xsdbm_id/SWITCH_N_EXT_BSCAN.u_bufg_icon_tck/I
Low Pulse Width   Slow    RAMD32/CLK  n/a            0.532         25.000      24.468     SLICE_X76Y186  dbg_hub/inst/BSCANID.u_xsdbm_id/CORE_XSDB.UUT_MASTER/U_ICON_INTERFACE/U_CMD6_WR/U_WR_FIFO/SUBCORE_FIFO.xsdbm_v3_0_0_wrfifo_inst/inst_fifo_gen/gconvfifo.rf/grf.rf/gntv_or_sync_fifo.mem/gdm.dm_gen.dm/RAM_reg_0_15_0_13/RAMA/CLK
High Pulse Width  Slow    RAMD32/CLK  n/a            0.532         25.000      24.468     SLICE_X76Y186  dbg_hub/inst/BSCANID.u_xsdbm_id/CORE_XSDB.UUT_MASTER/U_ICON_INTERFACE/U_CMD6_WR/U_WR_FIFO/SUBCORE_FIFO.xsdbm_v3_0_0_wrfifo_inst/inst_fifo_gen/gconvfifo.rf/grf.rf/gntv_or_sync_fifo.mem/gdm.dm_gen.dm/RAM_reg_0_15_0_13/RAMA/CLK



---------------------------------------------------------------------------------------------------
From Clock:  GTYE4_CHANNEL_TXOUTCLKPCS[0]
  To Clock:  GTYE4_CHANNEL_TXOUTCLKPCS[0]

Setup :            0  Failing Endpoints,  Worst Slack        2.006ns,  Total Violation        0.000ns
Hold  :            0  Failing Endpoints,  Worst Slack        0.080ns,  Total Violation        0.000ns
PW    :            0  Failing Endpoints,  Worst Slack        1.277ns,  Total Violation        0.000ns
---------------------------------------------------------------------------------------------------


Max Delay Paths
--------------------------------------------------------------------------------------
Slack (MET) :             2.006ns  (required time - arrival time)
  Source:                 core_inst/cmac_inst/inst/cmac_usplus_0_gt_i/inst/gen_gtwizard_gtye4_top.cmac_usplus_0_gt_gtwizard_gtye4_inst/gen_gtwizard_gtye4.gen_pwrgood_delay_inst[0].delay_powergood_inst/gen_powergood_delay.int_pwr_on_fsm_reg/C
                            (rising edge-triggered cell FDCE clocked by GTYE4_CHANNEL_TXOUTCLKPCS[0]  {rise@0.000ns fall@1.552ns period=3.103ns})
  Destination:            core_inst/cmac_inst/inst/cmac_usplus_0_gt_i/inst/gen_gtwizard_gtye4_top.cmac_usplus_0_gt_gtwizard_gtye4_inst/gen_gtwizard_gtye4.gen_pwrgood_delay_inst[0].delay_powergood_inst/gen_powergood_delay.wait_cnt_reg[0]/CE
                            (rising edge-triggered cell FDRE clocked by GTYE4_CHANNEL_TXOUTCLKPCS[0]  {rise@0.000ns fall@1.552ns period=3.103ns})
  Path Group:             GTYE4_CHANNEL_TXOUTCLKPCS[0]
  Path Type:              Setup (Max at Slow Process Corner)
  Requirement:            3.103ns  (GTYE4_CHANNEL_TXOUTCLKPCS[0] rise@3.103ns - GTYE4_CHANNEL_TXOUTCLKPCS[0] rise@0.000ns)
  Data Path Delay:        0.868ns  (logic 0.213ns (24.541%)  route 0.655ns (75.459%))
  Logic Levels:           1  (LUT2=1)
  Clock Path Skew:        -0.123ns (DCD - SCD + CPR)
    Destination Clock Delay (DCD):    0.379ns = ( 3.482 - 3.103 ) 
    Source Clock Delay      (SCD):    0.561ns
    Clock Pessimism Removal (CPR):    0.059ns
  Clock Uncertainty:      0.046ns  ((TSJ^2 + DJ^2)^1/2) / 2 + PE
    Total System Jitter     (TSJ):    0.071ns
    Discrete Jitter          (DJ):    0.060ns
    Phase Error              (PE):    0.000ns

    Location             Delay type                Incr(ns)  Path(ns)    Netlist Resource(s)
  -------------------------------------------------------------------    -------------------
                         (clock GTYE4_CHANNEL_TXOUTCLKPCS[0] rise edge)
                                                      0.000     0.000 r  
    GTYE4_CHANNEL_X0Y4   GTYE4_CHANNEL                0.000     0.000 r  core_inst/cmac_inst/inst/cmac_usplus_0_gt_i/inst/gen_gtwizard_gtye4_top.cmac_usplus_0_gt_gtwizard_gtye4_inst/gen_gtwizard_gtye4.gen_channel_container[1].gen_enabled_channel.gtye4_channel_wrapper_inst/channel_inst/gtye4_channel_gen.gen_gtye4_channel_inst[0].GTYE4_CHANNEL_PRIM_INST/TXOUTCLKPCS
                         net (fo=15, routed)          0.561     0.561    core_inst/cmac_inst/inst/cmac_usplus_0_gt_i/inst/gen_gtwizard_gtye4_top.cmac_usplus_0_gt_gtwizard_gtye4_inst/gen_gtwizard_gtye4.gen_pwrgood_delay_inst[0].delay_powergood_inst/GTYE4_CHANNEL_TXOUTCLKPCS[0]
    SLICE_X1Y246         FDCE                                         r  core_inst/cmac_inst/inst/cmac_usplus_0_gt_i/inst/gen_gtwizard_gtye4_top.cmac_usplus_0_gt_gtwizard_gtye4_inst/gen_gtwizard_gtye4.gen_pwrgood_delay_inst[0].delay_powergood_inst/gen_powergood_delay.int_pwr_on_fsm_reg/C
  -------------------------------------------------------------------    -------------------
    SLICE_X1Y246         FDCE (Prop_AFF2_SLICEM_C_Q)
                                                      0.080     0.641 f  core_inst/cmac_inst/inst/cmac_usplus_0_gt_i/inst/gen_gtwizard_gtye4_top.cmac_usplus_0_gt_gtwizard_gtye4_inst/gen_gtwizard_gtye4.gen_pwrgood_delay_inst[0].delay_powergood_inst/gen_powergood_delay.int_pwr_on_fsm_reg/Q
                         net (fo=4, routed)           0.395     1.036    core_inst/cmac_inst/inst/cmac_usplus_0_gt_i/inst/gen_gtwizard_gtye4_top.cmac_usplus_0_gt_gtwizard_gtye4_inst/gen_gtwizard_gtye4.gen_pwrgood_delay_inst[0].delay_powergood_inst/gen_powergood_delay.int_pwr_on_fsm
    SLICE_X0Y246         LUT2 (Prop_D5LUT_SLICEL_I1_O)
                                                      0.133     1.169 r  core_inst/cmac_inst/inst/cmac_usplus_0_gt_i/inst/gen_gtwizard_gtye4_top.cmac_usplus_0_gt_gtwizard_gtye4_inst/gen_gtwizard_gtye4.gen_pwrgood_delay_inst[0].delay_powergood_inst/gen_powergood_delay.wait_cnt[0]_i_1/O
                         net (fo=1, routed)           0.260     1.429    core_inst/cmac_inst/inst/cmac_usplus_0_gt_i/inst/gen_gtwizard_gtye4_top.cmac_usplus_0_gt_gtwizard_gtye4_inst/gen_gtwizard_gtye4.gen_pwrgood_delay_inst[0].delay_powergood_inst/gen_powergood_delay.wait_cnt[0]_i_1_n_0
    SLICE_X0Y247         FDRE                                         r  core_inst/cmac_inst/inst/cmac_usplus_0_gt_i/inst/gen_gtwizard_gtye4_top.cmac_usplus_0_gt_gtwizard_gtye4_inst/gen_gtwizard_gtye4.gen_pwrgood_delay_inst[0].delay_powergood_inst/gen_powergood_delay.wait_cnt_reg[0]/CE
  -------------------------------------------------------------------    -------------------

                         (clock GTYE4_CHANNEL_TXOUTCLKPCS[0] rise edge)
                                                      3.103     3.103 r  
    GTYE4_CHANNEL_X0Y4   GTYE4_CHANNEL                0.000     3.103 r  core_inst/cmac_inst/inst/cmac_usplus_0_gt_i/inst/gen_gtwizard_gtye4_top.cmac_usplus_0_gt_gtwizard_gtye4_inst/gen_gtwizard_gtye4.gen_channel_container[1].gen_enabled_channel.gtye4_channel_wrapper_inst/channel_inst/gtye4_channel_gen.gen_gtye4_channel_inst[0].GTYE4_CHANNEL_PRIM_INST/TXOUTCLKPCS
                         net (fo=15, routed)          0.379     3.482    core_inst/cmac_inst/inst/cmac_usplus_0_gt_i/inst/gen_gtwizard_gtye4_top.cmac_usplus_0_gt_gtwizard_gtye4_inst/gen_gtwizard_gtye4.gen_pwrgood_delay_inst[0].delay_powergood_inst/GTYE4_CHANNEL_TXOUTCLKPCS[0]
    SLICE_X0Y247         FDRE                                         r  core_inst/cmac_inst/inst/cmac_usplus_0_gt_i/inst/gen_gtwizard_gtye4_top.cmac_usplus_0_gt_gtwizard_gtye4_inst/gen_gtwizard_gtye4.gen_pwrgood_delay_inst[0].delay_powergood_inst/gen_powergood_delay.wait_cnt_reg[0]/C
                         clock pessimism              0.059     3.541    
                         clock uncertainty           -0.046     3.495    
    SLICE_X0Y247         FDRE (Setup_AFF2_SLICEL_C_CE)
                                                     -0.059     3.436    core_inst/cmac_inst/inst/cmac_usplus_0_gt_i/inst/gen_gtwizard_gtye4_top.cmac_usplus_0_gt_gtwizard_gtye4_inst/gen_gtwizard_gtye4.gen_pwrgood_delay_inst[0].delay_powergood_inst/gen_powergood_delay.wait_cnt_reg[0]
  -------------------------------------------------------------------
                         required time                          3.436    
                         arrival time                          -1.429    
  -------------------------------------------------------------------
                         slack                                  2.006    





Min Delay Paths
--------------------------------------------------------------------------------------
Slack (MET) :             0.080ns  (arrival time - required time)
  Source:                 core_inst/cmac_inst/inst/cmac_usplus_0_gt_i/inst/gen_gtwizard_gtye4_top.cmac_usplus_0_gt_gtwizard_gtye4_inst/gen_gtwizard_gtye4.gen_pwrgood_delay_inst[0].delay_powergood_inst/gen_powergood_delay.intclk_rrst_n_r_reg[4]/C
                            (rising edge-triggered cell FDCE clocked by GTYE4_CHANNEL_TXOUTCLKPCS[0]  {rise@0.000ns fall@1.552ns period=3.103ns})
  Destination:            core_inst/cmac_inst/inst/cmac_usplus_0_gt_i/inst/gen_gtwizard_gtye4_top.cmac_usplus_0_gt_gtwizard_gtye4_inst/gen_gtwizard_gtye4.gen_pwrgood_delay_inst[0].delay_powergood_inst/gen_powergood_delay.wait_cnt_reg[0]/D
                            (rising edge-triggered cell FDRE clocked by GTYE4_CHANNEL_TXOUTCLKPCS[0]  {rise@0.000ns fall@1.552ns period=3.103ns})
  Path Group:             GTYE4_CHANNEL_TXOUTCLKPCS[0]
  Path Type:              Hold (Min at Slow Process Corner)
  Requirement:            0.000ns  (GTYE4_CHANNEL_TXOUTCLKPCS[0] rise@0.000ns - GTYE4_CHANNEL_TXOUTCLKPCS[0] rise@0.000ns)
  Data Path Delay:        0.284ns  (logic 0.060ns (21.106%)  route 0.224ns (78.894%))
  Logic Levels:           0  
  Clock Path Skew:        0.142ns (DCD - SCD - CPR)
    Destination Clock Delay (DCD):    0.560ns
    Source Clock Delay      (SCD):    0.359ns
    Clock Pessimism Removal (CPR):    0.059ns

    Location             Delay type                Incr(ns)  Path(ns)    Netlist Resource(s)
  -------------------------------------------------------------------    -------------------
                         (clock GTYE4_CHANNEL_TXOUTCLKPCS[0] rise edge)
                                                      0.000     0.000 r  
    GTYE4_CHANNEL_X0Y4   GTYE4_CHANNEL                0.000     0.000 r  core_inst/cmac_inst/inst/cmac_usplus_0_gt_i/inst/gen_gtwizard_gtye4_top.cmac_usplus_0_gt_gtwizard_gtye4_inst/gen_gtwizard_gtye4.gen_channel_container[1].gen_enabled_channel.gtye4_channel_wrapper_inst/channel_inst/gtye4_channel_gen.gen_gtye4_channel_inst[0].GTYE4_CHANNEL_PRIM_INST/TXOUTCLKPCS
                         net (fo=15, routed)          0.359     0.359    core_inst/cmac_inst/inst/cmac_usplus_0_gt_i/inst/gen_gtwizard_gtye4_top.cmac_usplus_0_gt_gtwizard_gtye4_inst/gen_gtwizard_gtye4.gen_pwrgood_delay_inst[0].delay_powergood_inst/GTYE4_CHANNEL_TXOUTCLKPCS[0]
    SLICE_X0Y246         FDCE                                         r  core_inst/cmac_inst/inst/cmac_usplus_0_gt_i/inst/gen_gtwizard_gtye4_top.cmac_usplus_0_gt_gtwizard_gtye4_inst/gen_gtwizard_gtye4.gen_pwrgood_delay_inst[0].delay_powergood_inst/gen_powergood_delay.intclk_rrst_n_r_reg[4]/C
  -------------------------------------------------------------------    -------------------
    SLICE_X0Y246         FDCE (Prop_EFF2_SLICEL_C_Q)
                                                      0.060     0.419 r  core_inst/cmac_inst/inst/cmac_usplus_0_gt_i/inst/gen_gtwizard_gtye4_top.cmac_usplus_0_gt_gtwizard_gtye4_inst/gen_gtwizard_gtye4.gen_pwrgood_delay_inst[0].delay_powergood_inst/gen_powergood_delay.intclk_rrst_n_r_reg[4]/Q
                         net (fo=9, routed)           0.224     0.643    core_inst/cmac_inst/inst/cmac_usplus_0_gt_i/inst/gen_gtwizard_gtye4_top.cmac_usplus_0_gt_gtwizard_gtye4_inst/gen_gtwizard_gtye4.gen_pwrgood_delay_inst[0].delay_powergood_inst/gen_powergood_delay.intclk_rrst_n_r[4]
    SLICE_X0Y247         FDRE                                         r  core_inst/cmac_inst/inst/cmac_usplus_0_gt_i/inst/gen_gtwizard_gtye4_top.cmac_usplus_0_gt_gtwizard_gtye4_inst/gen_gtwizard_gtye4.gen_pwrgood_delay_inst[0].delay_powergood_inst/gen_powergood_delay.wait_cnt_reg[0]/D
  -------------------------------------------------------------------    -------------------

                         (clock GTYE4_CHANNEL_TXOUTCLKPCS[0] rise edge)
                                                      0.000     0.000 r  
    GTYE4_CHANNEL_X0Y4   GTYE4_CHANNEL                0.000     0.000 r  core_inst/cmac_inst/inst/cmac_usplus_0_gt_i/inst/gen_gtwizard_gtye4_top.cmac_usplus_0_gt_gtwizard_gtye4_inst/gen_gtwizard_gtye4.gen_channel_container[1].gen_enabled_channel.gtye4_channel_wrapper_inst/channel_inst/gtye4_channel_gen.gen_gtye4_channel_inst[0].GTYE4_CHANNEL_PRIM_INST/TXOUTCLKPCS
                         net (fo=15, routed)          0.560     0.560    core_inst/cmac_inst/inst/cmac_usplus_0_gt_i/inst/gen_gtwizard_gtye4_top.cmac_usplus_0_gt_gtwizard_gtye4_inst/gen_gtwizard_gtye4.gen_pwrgood_delay_inst[0].delay_powergood_inst/GTYE4_CHANNEL_TXOUTCLKPCS[0]
    SLICE_X0Y247         FDRE                                         r  core_inst/cmac_inst/inst/cmac_usplus_0_gt_i/inst/gen_gtwizard_gtye4_top.cmac_usplus_0_gt_gtwizard_gtye4_inst/gen_gtwizard_gtye4.gen_pwrgood_delay_inst[0].delay_powergood_inst/gen_powergood_delay.wait_cnt_reg[0]/C
                         clock pessimism             -0.059     0.501    
    SLICE_X0Y247         FDRE (Hold_AFF2_SLICEL_C_D)
                                                      0.062     0.563    core_inst/cmac_inst/inst/cmac_usplus_0_gt_i/inst/gen_gtwizard_gtye4_top.cmac_usplus_0_gt_gtwizard_gtye4_inst/gen_gtwizard_gtye4.gen_pwrgood_delay_inst[0].delay_powergood_inst/gen_powergood_delay.wait_cnt_reg[0]
  -------------------------------------------------------------------
                         required time                         -0.563    
                         arrival time                           0.643    
  -------------------------------------------------------------------
                         slack                                  0.080    





Pulse Width Checks
--------------------------------------------------------------------------------------
Clock Name:         GTYE4_CHANNEL_TXOUTCLKPCS[0]
Waveform(ns):       { 0.000 1.552 }
Period(ns):         3.103
Sources:            { core_inst/cmac_inst/inst/cmac_usplus_0_gt_i/inst/gen_gtwizard_gtye4_top.cmac_usplus_0_gt_gtwizard_gtye4_inst/gen_gtwizard_gtye4.gen_channel_container[1].gen_enabled_channel.gtye4_channel_wrapper_inst/channel_inst/gtye4_channel_gen.gen_gtye4_channel_inst[0].GTYE4_CHANNEL_PRIM_INST/TXOUTCLKPCS }

Check Type        Corner  Lib Pin  Reference Pin  Required(ns)  Actual(ns)  Slack(ns)  Location      Pin
Min Period        n/a     FDCE/C   n/a            0.550         3.103       2.553      SLICE_X1Y246  core_inst/cmac_inst/inst/cmac_usplus_0_gt_i/inst/gen_gtwizard_gtye4_top.cmac_usplus_0_gt_gtwizard_gtye4_inst/gen_gtwizard_gtye4.gen_pwrgood_delay_inst[0].delay_powergood_inst/gen_powergood_delay.int_pwr_on_fsm_reg/C
Low Pulse Width   Slow    FDCE/C   n/a            0.275         1.552       1.277      SLICE_X1Y246  core_inst/cmac_inst/inst/cmac_usplus_0_gt_i/inst/gen_gtwizard_gtye4_top.cmac_usplus_0_gt_gtwizard_gtye4_inst/gen_gtwizard_gtye4.gen_pwrgood_delay_inst[0].delay_powergood_inst/gen_powergood_delay.int_pwr_on_fsm_reg/C
High Pulse Width  Slow    FDCE/C   n/a            0.275         1.552       1.277      SLICE_X1Y246  core_inst/cmac_inst/inst/cmac_usplus_0_gt_i/inst/gen_gtwizard_gtye4_top.cmac_usplus_0_gt_gtwizard_gtye4_inst/gen_gtwizard_gtye4.gen_pwrgood_delay_inst[0].delay_powergood_inst/gen_powergood_delay.int_pwr_on_fsm_reg/C



---------------------------------------------------------------------------------------------------
From Clock:  GTYE4_CHANNEL_TXOUTCLKPCS[1]
  To Clock:  GTYE4_CHANNEL_TXOUTCLKPCS[1]

Setup :            0  Failing Endpoints,  Worst Slack        2.090ns,  Total Violation        0.000ns
Hold  :            0  Failing Endpoints,  Worst Slack        0.107ns,  Total Violation        0.000ns
PW    :            0  Failing Endpoints,  Worst Slack        1.277ns,  Total Violation        0.000ns
---------------------------------------------------------------------------------------------------


Max Delay Paths
--------------------------------------------------------------------------------------
Slack (MET) :             2.090ns  (required time - arrival time)
  Source:                 core_inst/cmac_inst/inst/cmac_usplus_0_gt_i/inst/gen_gtwizard_gtye4_top.cmac_usplus_0_gt_gtwizard_gtye4_inst/gen_gtwizard_gtye4.gen_pwrgood_delay_inst[1].delay_powergood_inst/gen_powergood_delay.int_pwr_on_fsm_reg/C
                            (rising edge-triggered cell FDCE clocked by GTYE4_CHANNEL_TXOUTCLKPCS[1]  {rise@0.000ns fall@1.552ns period=3.103ns})
  Destination:            core_inst/cmac_inst/inst/cmac_usplus_0_gt_i/inst/gen_gtwizard_gtye4_top.cmac_usplus_0_gt_gtwizard_gtye4_inst/gen_gtwizard_gtye4.gen_pwrgood_delay_inst[1].delay_powergood_inst/gen_powergood_delay.wait_cnt_reg[5]/CE
                            (rising edge-triggered cell FDRE clocked by GTYE4_CHANNEL_TXOUTCLKPCS[1]  {rise@0.000ns fall@1.552ns period=3.103ns})
  Path Group:             GTYE4_CHANNEL_TXOUTCLKPCS[1]
  Path Type:              Setup (Max at Slow Process Corner)
  Requirement:            3.103ns  (GTYE4_CHANNEL_TXOUTCLKPCS[1] rise@3.103ns - GTYE4_CHANNEL_TXOUTCLKPCS[1] rise@0.000ns)
  Data Path Delay:        0.717ns  (logic 0.120ns (16.726%)  route 0.597ns (83.274%))
  Logic Levels:           1  (LUT1=1)
  Clock Path Skew:        -0.188ns (DCD - SCD + CPR)
    Destination Clock Delay (DCD):    0.304ns = ( 3.407 - 3.103 ) 
    Source Clock Delay      (SCD):    0.547ns
    Clock Pessimism Removal (CPR):    0.055ns
  Clock Uncertainty:      0.046ns  ((TSJ^2 + DJ^2)^1/2) / 2 + PE
    Total System Jitter     (TSJ):    0.071ns
    Discrete Jitter          (DJ):    0.060ns
    Phase Error              (PE):    0.000ns

    Location             Delay type                Incr(ns)  Path(ns)    Netlist Resource(s)
  -------------------------------------------------------------------    -------------------
                         (clock GTYE4_CHANNEL_TXOUTCLKPCS[1] rise edge)
                                                      0.000     0.000 r  
    GTYE4_CHANNEL_X0Y5   GTYE4_CHANNEL                0.000     0.000 r  core_inst/cmac_inst/inst/cmac_usplus_0_gt_i/inst/gen_gtwizard_gtye4_top.cmac_usplus_0_gt_gtwizard_gtye4_inst/gen_gtwizard_gtye4.gen_channel_container[1].gen_enabled_channel.gtye4_channel_wrapper_inst/channel_inst/gtye4_channel_gen.gen_gtye4_channel_inst[1].GTYE4_CHANNEL_PRIM_INST/TXOUTCLKPCS
                         net (fo=15, routed)          0.547     0.547    core_inst/cmac_inst/inst/cmac_usplus_0_gt_i/inst/gen_gtwizard_gtye4_top.cmac_usplus_0_gt_gtwizard_gtye4_inst/gen_gtwizard_gtye4.gen_pwrgood_delay_inst[1].delay_powergood_inst/GTYE4_CHANNEL_TXOUTCLKPCS[0]
    SLICE_X2Y265         FDCE                                         r  core_inst/cmac_inst/inst/cmac_usplus_0_gt_i/inst/gen_gtwizard_gtye4_top.cmac_usplus_0_gt_gtwizard_gtye4_inst/gen_gtwizard_gtye4.gen_pwrgood_delay_inst[1].delay_powergood_inst/gen_powergood_delay.int_pwr_on_fsm_reg/C
  -------------------------------------------------------------------    -------------------
    SLICE_X2Y265         FDCE (Prop_AFF2_SLICEL_C_Q)
                                                      0.081     0.628 f  core_inst/cmac_inst/inst/cmac_usplus_0_gt_i/inst/gen_gtwizard_gtye4_top.cmac_usplus_0_gt_gtwizard_gtye4_inst/gen_gtwizard_gtye4.gen_pwrgood_delay_inst[1].delay_powergood_inst/gen_powergood_delay.int_pwr_on_fsm_reg/Q
                         net (fo=4, routed)           0.185     0.812    core_inst/cmac_inst/inst/cmac_usplus_0_gt_i/inst/gen_gtwizard_gtye4_top.cmac_usplus_0_gt_gtwizard_gtye4_inst/gen_gtwizard_gtye4.gen_pwrgood_delay_inst[1].delay_powergood_inst/gen_powergood_delay.int_pwr_on_fsm
    SLICE_X1Y265         LUT1 (Prop_H6LUT_SLICEM_I0_O)
                                                      0.039     0.851 r  core_inst/cmac_inst/inst/cmac_usplus_0_gt_i/inst/gen_gtwizard_gtye4_top.cmac_usplus_0_gt_gtwizard_gtye4_inst/gen_gtwizard_gtye4.gen_pwrgood_delay_inst[1].delay_powergood_inst/gen_powergood_delay.intclk_rrst_n_r[4]_i_1__0/O
                         net (fo=12, routed)          0.413     1.264    core_inst/cmac_inst/inst/cmac_usplus_0_gt_i/inst/gen_gtwizard_gtye4_top.cmac_usplus_0_gt_gtwizard_gtye4_inst/gen_gtwizard_gtye4.gen_pwrgood_delay_inst[1].delay_powergood_inst/gen_powergood_delay.intclk_rrst_n_r[4]_i_1__0_n_0
    SLICE_X1Y267         FDRE                                         r  core_inst/cmac_inst/inst/cmac_usplus_0_gt_i/inst/gen_gtwizard_gtye4_top.cmac_usplus_0_gt_gtwizard_gtye4_inst/gen_gtwizard_gtye4.gen_pwrgood_delay_inst[1].delay_powergood_inst/gen_powergood_delay.wait_cnt_reg[5]/CE
  -------------------------------------------------------------------    -------------------

                         (clock GTYE4_CHANNEL_TXOUTCLKPCS[1] rise edge)
                                                      3.103     3.103 r  
    GTYE4_CHANNEL_X0Y5   GTYE4_CHANNEL                0.000     3.103 r  core_inst/cmac_inst/inst/cmac_usplus_0_gt_i/inst/gen_gtwizard_gtye4_top.cmac_usplus_0_gt_gtwizard_gtye4_inst/gen_gtwizard_gtye4.gen_channel_container[1].gen_enabled_channel.gtye4_channel_wrapper_inst/channel_inst/gtye4_channel_gen.gen_gtye4_channel_inst[1].GTYE4_CHANNEL_PRIM_INST/TXOUTCLKPCS
                         net (fo=15, routed)          0.304     3.407    core_inst/cmac_inst/inst/cmac_usplus_0_gt_i/inst/gen_gtwizard_gtye4_top.cmac_usplus_0_gt_gtwizard_gtye4_inst/gen_gtwizard_gtye4.gen_pwrgood_delay_inst[1].delay_powergood_inst/GTYE4_CHANNEL_TXOUTCLKPCS[0]
    SLICE_X1Y267         FDRE                                         r  core_inst/cmac_inst/inst/cmac_usplus_0_gt_i/inst/gen_gtwizard_gtye4_top.cmac_usplus_0_gt_gtwizard_gtye4_inst/gen_gtwizard_gtye4.gen_pwrgood_delay_inst[1].delay_powergood_inst/gen_powergood_delay.wait_cnt_reg[5]/C
                         clock pessimism              0.055     3.462    
                         clock uncertainty           -0.046     3.415    
    SLICE_X1Y267         FDRE (Setup_EFF2_SLICEM_C_CE)
                                                     -0.061     3.354    core_inst/cmac_inst/inst/cmac_usplus_0_gt_i/inst/gen_gtwizard_gtye4_top.cmac_usplus_0_gt_gtwizard_gtye4_inst/gen_gtwizard_gtye4.gen_pwrgood_delay_inst[1].delay_powergood_inst/gen_powergood_delay.wait_cnt_reg[5]
  -------------------------------------------------------------------
                         required time                          3.354    
                         arrival time                          -1.264    
  -------------------------------------------------------------------
                         slack                                  2.090    





Min Delay Paths
--------------------------------------------------------------------------------------
Slack (MET) :             0.107ns  (arrival time - required time)
  Source:                 core_inst/cmac_inst/inst/cmac_usplus_0_gt_i/inst/gen_gtwizard_gtye4_top.cmac_usplus_0_gt_gtwizard_gtye4_inst/gen_gtwizard_gtye4.gen_pwrgood_delay_inst[1].delay_powergood_inst/gen_powergood_delay.wait_cnt_reg[0]/C
                            (rising edge-triggered cell FDRE clocked by GTYE4_CHANNEL_TXOUTCLKPCS[1]  {rise@0.000ns fall@1.552ns period=3.103ns})
  Destination:            core_inst/cmac_inst/inst/cmac_usplus_0_gt_i/inst/gen_gtwizard_gtye4_top.cmac_usplus_0_gt_gtwizard_gtye4_inst/gen_gtwizard_gtye4.gen_pwrgood_delay_inst[1].delay_powergood_inst/gen_powergood_delay.wait_cnt_reg[1]/D
                            (rising edge-triggered cell FDRE clocked by GTYE4_CHANNEL_TXOUTCLKPCS[1]  {rise@0.000ns fall@1.552ns period=3.103ns})
  Path Group:             GTYE4_CHANNEL_TXOUTCLKPCS[1]
  Path Type:              Hold (Min at Slow Process Corner)
  Requirement:            0.000ns  (GTYE4_CHANNEL_TXOUTCLKPCS[1] rise@0.000ns - GTYE4_CHANNEL_TXOUTCLKPCS[1] rise@0.000ns)
  Data Path Delay:        0.254ns  (logic 0.060ns (23.622%)  route 0.194ns (76.378%))
  Logic Levels:           0  
  Clock Path Skew:        0.085ns (DCD - SCD - CPR)
    Destination Clock Delay (DCD):    0.477ns
    Source Clock Delay      (SCD):    0.337ns
    Clock Pessimism Removal (CPR):    0.055ns

    Location             Delay type                Incr(ns)  Path(ns)    Netlist Resource(s)
  -------------------------------------------------------------------    -------------------
                         (clock GTYE4_CHANNEL_TXOUTCLKPCS[1] rise edge)
                                                      0.000     0.000 r  
    GTYE4_CHANNEL_X0Y5   GTYE4_CHANNEL                0.000     0.000 r  core_inst/cmac_inst/inst/cmac_usplus_0_gt_i/inst/gen_gtwizard_gtye4_top.cmac_usplus_0_gt_gtwizard_gtye4_inst/gen_gtwizard_gtye4.gen_channel_container[1].gen_enabled_channel.gtye4_channel_wrapper_inst/channel_inst/gtye4_channel_gen.gen_gtye4_channel_inst[1].GTYE4_CHANNEL_PRIM_INST/TXOUTCLKPCS
                         net (fo=15, routed)          0.337     0.337    core_inst/cmac_inst/inst/cmac_usplus_0_gt_i/inst/gen_gtwizard_gtye4_top.cmac_usplus_0_gt_gtwizard_gtye4_inst/gen_gtwizard_gtye4.gen_pwrgood_delay_inst[1].delay_powergood_inst/GTYE4_CHANNEL_TXOUTCLKPCS[0]
    SLICE_X1Y266         FDRE                                         r  core_inst/cmac_inst/inst/cmac_usplus_0_gt_i/inst/gen_gtwizard_gtye4_top.cmac_usplus_0_gt_gtwizard_gtye4_inst/gen_gtwizard_gtye4.gen_pwrgood_delay_inst[1].delay_powergood_inst/gen_powergood_delay.wait_cnt_reg[0]/C
  -------------------------------------------------------------------    -------------------
    SLICE_X1Y266         FDRE (Prop_AFF2_SLICEM_C_Q)
                                                      0.060     0.397 r  core_inst/cmac_inst/inst/cmac_usplus_0_gt_i/inst/gen_gtwizard_gtye4_top.cmac_usplus_0_gt_gtwizard_gtye4_inst/gen_gtwizard_gtye4.gen_pwrgood_delay_inst[1].delay_powergood_inst/gen_powergood_delay.wait_cnt_reg[0]/Q
                         net (fo=1, routed)           0.194     0.591    core_inst/cmac_inst/inst/cmac_usplus_0_gt_i/inst/gen_gtwizard_gtye4_top.cmac_usplus_0_gt_gtwizard_gtye4_inst/gen_gtwizard_gtye4.gen_pwrgood_delay_inst[1].delay_powergood_inst/gen_powergood_delay.wait_cnt[0]
    SLICE_X1Y267         FDRE                                         r  core_inst/cmac_inst/inst/cmac_usplus_0_gt_i/inst/gen_gtwizard_gtye4_top.cmac_usplus_0_gt_gtwizard_gtye4_inst/gen_gtwizard_gtye4.gen_pwrgood_delay_inst[1].delay_powergood_inst/gen_powergood_delay.wait_cnt_reg[1]/D
  -------------------------------------------------------------------    -------------------

                         (clock GTYE4_CHANNEL_TXOUTCLKPCS[1] rise edge)
                                                      0.000     0.000 r  
    GTYE4_CHANNEL_X0Y5   GTYE4_CHANNEL                0.000     0.000 r  core_inst/cmac_inst/inst/cmac_usplus_0_gt_i/inst/gen_gtwizard_gtye4_top.cmac_usplus_0_gt_gtwizard_gtye4_inst/gen_gtwizard_gtye4.gen_channel_container[1].gen_enabled_channel.gtye4_channel_wrapper_inst/channel_inst/gtye4_channel_gen.gen_gtye4_channel_inst[1].GTYE4_CHANNEL_PRIM_INST/TXOUTCLKPCS
                         net (fo=15, routed)          0.477     0.477    core_inst/cmac_inst/inst/cmac_usplus_0_gt_i/inst/gen_gtwizard_gtye4_top.cmac_usplus_0_gt_gtwizard_gtye4_inst/gen_gtwizard_gtye4.gen_pwrgood_delay_inst[1].delay_powergood_inst/GTYE4_CHANNEL_TXOUTCLKPCS[0]
    SLICE_X1Y267         FDRE                                         r  core_inst/cmac_inst/inst/cmac_usplus_0_gt_i/inst/gen_gtwizard_gtye4_top.cmac_usplus_0_gt_gtwizard_gtye4_inst/gen_gtwizard_gtye4.gen_pwrgood_delay_inst[1].delay_powergood_inst/gen_powergood_delay.wait_cnt_reg[1]/C
                         clock pessimism             -0.055     0.422    
    SLICE_X1Y267         FDRE (Hold_AFF2_SLICEM_C_D)
                                                      0.062     0.484    core_inst/cmac_inst/inst/cmac_usplus_0_gt_i/inst/gen_gtwizard_gtye4_top.cmac_usplus_0_gt_gtwizard_gtye4_inst/gen_gtwizard_gtye4.gen_pwrgood_delay_inst[1].delay_powergood_inst/gen_powergood_delay.wait_cnt_reg[1]
  -------------------------------------------------------------------
                         required time                         -0.484    
                         arrival time                           0.591    
  -------------------------------------------------------------------
                         slack                                  0.107    





Pulse Width Checks
--------------------------------------------------------------------------------------
Clock Name:         GTYE4_CHANNEL_TXOUTCLKPCS[1]
Waveform(ns):       { 0.000 1.552 }
Period(ns):         3.103
Sources:            { core_inst/cmac_inst/inst/cmac_usplus_0_gt_i/inst/gen_gtwizard_gtye4_top.cmac_usplus_0_gt_gtwizard_gtye4_inst/gen_gtwizard_gtye4.gen_channel_container[1].gen_enabled_channel.gtye4_channel_wrapper_inst/channel_inst/gtye4_channel_gen.gen_gtye4_channel_inst[1].GTYE4_CHANNEL_PRIM_INST/TXOUTCLKPCS }

Check Type        Corner  Lib Pin  Reference Pin  Required(ns)  Actual(ns)  Slack(ns)  Location      Pin
Min Period        n/a     FDCE/C   n/a            0.550         3.103       2.553      SLICE_X2Y265  core_inst/cmac_inst/inst/cmac_usplus_0_gt_i/inst/gen_gtwizard_gtye4_top.cmac_usplus_0_gt_gtwizard_gtye4_inst/gen_gtwizard_gtye4.gen_pwrgood_delay_inst[1].delay_powergood_inst/gen_powergood_delay.int_pwr_on_fsm_reg/C
Low Pulse Width   Slow    FDCE/C   n/a            0.275         1.552       1.277      SLICE_X2Y265  core_inst/cmac_inst/inst/cmac_usplus_0_gt_i/inst/gen_gtwizard_gtye4_top.cmac_usplus_0_gt_gtwizard_gtye4_inst/gen_gtwizard_gtye4.gen_pwrgood_delay_inst[1].delay_powergood_inst/gen_powergood_delay.int_pwr_on_fsm_reg/C
High Pulse Width  Slow    FDCE/C   n/a            0.275         1.552       1.277      SLICE_X2Y265  core_inst/cmac_inst/inst/cmac_usplus_0_gt_i/inst/gen_gtwizard_gtye4_top.cmac_usplus_0_gt_gtwizard_gtye4_inst/gen_gtwizard_gtye4.gen_pwrgood_delay_inst[1].delay_powergood_inst/gen_powergood_delay.int_pwr_on_fsm_reg/C



---------------------------------------------------------------------------------------------------
From Clock:  GTYE4_CHANNEL_TXOUTCLKPCS[2]
  To Clock:  GTYE4_CHANNEL_TXOUTCLKPCS[2]

Setup :            0  Failing Endpoints,  Worst Slack        2.038ns,  Total Violation        0.000ns
Hold  :            0  Failing Endpoints,  Worst Slack        0.142ns,  Total Violation        0.000ns
PW    :            0  Failing Endpoints,  Worst Slack        1.277ns,  Total Violation        0.000ns
---------------------------------------------------------------------------------------------------


Max Delay Paths
--------------------------------------------------------------------------------------
Slack (MET) :             2.038ns  (required time - arrival time)
  Source:                 core_inst/cmac_inst/inst/cmac_usplus_0_gt_i/inst/gen_gtwizard_gtye4_top.cmac_usplus_0_gt_gtwizard_gtye4_inst/gen_gtwizard_gtye4.gen_pwrgood_delay_inst[2].delay_powergood_inst/gen_powergood_delay.int_pwr_on_fsm_reg/C
                            (rising edge-triggered cell FDCE clocked by GTYE4_CHANNEL_TXOUTCLKPCS[2]  {rise@0.000ns fall@1.552ns period=3.103ns})
  Destination:            core_inst/cmac_inst/inst/cmac_usplus_0_gt_i/inst/gen_gtwizard_gtye4_top.cmac_usplus_0_gt_gtwizard_gtye4_inst/gen_gtwizard_gtye4.gen_pwrgood_delay_inst[2].delay_powergood_inst/gen_powergood_delay.intclk_rrst_n_r_reg[4]/CE
                            (rising edge-triggered cell FDCE clocked by GTYE4_CHANNEL_TXOUTCLKPCS[2]  {rise@0.000ns fall@1.552ns period=3.103ns})
  Path Group:             GTYE4_CHANNEL_TXOUTCLKPCS[2]
  Path Type:              Setup (Max at Slow Process Corner)
  Requirement:            3.103ns  (GTYE4_CHANNEL_TXOUTCLKPCS[2] rise@3.103ns - GTYE4_CHANNEL_TXOUTCLKPCS[2] rise@0.000ns)
  Data Path Delay:        0.794ns  (logic 0.131ns (16.494%)  route 0.663ns (83.506%))
  Logic Levels:           1  (LUT1=1)
  Clock Path Skew:        -0.164ns (DCD - SCD + CPR)
    Destination Clock Delay (DCD):    0.312ns = ( 3.415 - 3.103 ) 
    Source Clock Delay      (SCD):    0.534ns
    Clock Pessimism Removal (CPR):    0.058ns
  Clock Uncertainty:      0.046ns  ((TSJ^2 + DJ^2)^1/2) / 2 + PE
    Total System Jitter     (TSJ):    0.071ns
    Discrete Jitter          (DJ):    0.060ns
    Phase Error              (PE):    0.000ns

    Location             Delay type                Incr(ns)  Path(ns)    Netlist Resource(s)
  -------------------------------------------------------------------    -------------------
                         (clock GTYE4_CHANNEL_TXOUTCLKPCS[2] rise edge)
                                                      0.000     0.000 r  
    GTYE4_CHANNEL_X0Y6   GTYE4_CHANNEL                0.000     0.000 r  core_inst/cmac_inst/inst/cmac_usplus_0_gt_i/inst/gen_gtwizard_gtye4_top.cmac_usplus_0_gt_gtwizard_gtye4_inst/gen_gtwizard_gtye4.gen_channel_container[1].gen_enabled_channel.gtye4_channel_wrapper_inst/channel_inst/gtye4_channel_gen.gen_gtye4_channel_inst[2].GTYE4_CHANNEL_PRIM_INST/TXOUTCLKPCS
                         net (fo=15, routed)          0.534     0.534    core_inst/cmac_inst/inst/cmac_usplus_0_gt_i/inst/gen_gtwizard_gtye4_top.cmac_usplus_0_gt_gtwizard_gtye4_inst/gen_gtwizard_gtye4.gen_pwrgood_delay_inst[2].delay_powergood_inst/GTYE4_CHANNEL_TXOUTCLKPCS[0]
    SLICE_X1Y273         FDCE                                         r  core_inst/cmac_inst/inst/cmac_usplus_0_gt_i/inst/gen_gtwizard_gtye4_top.cmac_usplus_0_gt_gtwizard_gtye4_inst/gen_gtwizard_gtye4.gen_pwrgood_delay_inst[2].delay_powergood_inst/gen_powergood_delay.int_pwr_on_fsm_reg/C
  -------------------------------------------------------------------    -------------------
    SLICE_X1Y273         FDCE (Prop_AFF2_SLICEM_C_Q)
                                                      0.080     0.614 f  core_inst/cmac_inst/inst/cmac_usplus_0_gt_i/inst/gen_gtwizard_gtye4_top.cmac_usplus_0_gt_gtwizard_gtye4_inst/gen_gtwizard_gtye4.gen_pwrgood_delay_inst[2].delay_powergood_inst/gen_powergood_delay.int_pwr_on_fsm_reg/Q
                         net (fo=4, routed)           0.394     1.008    core_inst/cmac_inst/inst/cmac_usplus_0_gt_i/inst/gen_gtwizard_gtye4_top.cmac_usplus_0_gt_gtwizard_gtye4_inst/gen_gtwizard_gtye4.gen_pwrgood_delay_inst[2].delay_powergood_inst/gen_powergood_delay.int_pwr_on_fsm
    SLICE_X0Y273         LUT1 (Prop_H6LUT_SLICEL_I0_O)
                                                      0.051     1.059 r  core_inst/cmac_inst/inst/cmac_usplus_0_gt_i/inst/gen_gtwizard_gtye4_top.cmac_usplus_0_gt_gtwizard_gtye4_inst/gen_gtwizard_gtye4.gen_pwrgood_delay_inst[2].delay_powergood_inst/gen_powergood_delay.intclk_rrst_n_r[4]_i_1__1/O
                         net (fo=12, routed)          0.269     1.328    core_inst/cmac_inst/inst/cmac_usplus_0_gt_i/inst/gen_gtwizard_gtye4_top.cmac_usplus_0_gt_gtwizard_gtye4_inst/gen_gtwizard_gtye4.gen_pwrgood_delay_inst[2].delay_powergood_inst/gen_powergood_delay.intclk_rrst_n_r[4]_i_1__1_n_0
    SLICE_X0Y272         FDCE                                         r  core_inst/cmac_inst/inst/cmac_usplus_0_gt_i/inst/gen_gtwizard_gtye4_top.cmac_usplus_0_gt_gtwizard_gtye4_inst/gen_gtwizard_gtye4.gen_pwrgood_delay_inst[2].delay_powergood_inst/gen_powergood_delay.intclk_rrst_n_r_reg[4]/CE
  -------------------------------------------------------------------    -------------------

                         (clock GTYE4_CHANNEL_TXOUTCLKPCS[2] rise edge)
                                                      3.103     3.103 r  
    GTYE4_CHANNEL_X0Y6   GTYE4_CHANNEL                0.000     3.103 r  core_inst/cmac_inst/inst/cmac_usplus_0_gt_i/inst/gen_gtwizard_gtye4_top.cmac_usplus_0_gt_gtwizard_gtye4_inst/gen_gtwizard_gtye4.gen_channel_container[1].gen_enabled_channel.gtye4_channel_wrapper_inst/channel_inst/gtye4_channel_gen.gen_gtye4_channel_inst[2].GTYE4_CHANNEL_PRIM_INST/TXOUTCLKPCS
                         net (fo=15, routed)          0.312     3.415    core_inst/cmac_inst/inst/cmac_usplus_0_gt_i/inst/gen_gtwizard_gtye4_top.cmac_usplus_0_gt_gtwizard_gtye4_inst/gen_gtwizard_gtye4.gen_pwrgood_delay_inst[2].delay_powergood_inst/GTYE4_CHANNEL_TXOUTCLKPCS[0]
    SLICE_X0Y272         FDCE                                         r  core_inst/cmac_inst/inst/cmac_usplus_0_gt_i/inst/gen_gtwizard_gtye4_top.cmac_usplus_0_gt_gtwizard_gtye4_inst/gen_gtwizard_gtye4.gen_pwrgood_delay_inst[2].delay_powergood_inst/gen_powergood_delay.intclk_rrst_n_r_reg[4]/C
                         clock pessimism              0.058     3.473    
                         clock uncertainty           -0.046     3.427    
    SLICE_X0Y272         FDCE (Setup_EFF2_SLICEL_C_CE)
                                                     -0.060     3.367    core_inst/cmac_inst/inst/cmac_usplus_0_gt_i/inst/gen_gtwizard_gtye4_top.cmac_usplus_0_gt_gtwizard_gtye4_inst/gen_gtwizard_gtye4.gen_pwrgood_delay_inst[2].delay_powergood_inst/gen_powergood_delay.intclk_rrst_n_r_reg[4]
  -------------------------------------------------------------------
                         required time                          3.367    
                         arrival time                          -1.328    
  -------------------------------------------------------------------
                         slack                                  2.038    





Min Delay Paths
--------------------------------------------------------------------------------------
Slack (MET) :             0.142ns  (arrival time - required time)
  Source:                 core_inst/cmac_inst/inst/cmac_usplus_0_gt_i/inst/gen_gtwizard_gtye4_top.cmac_usplus_0_gt_gtwizard_gtye4_inst/gen_gtwizard_gtye4.gen_pwrgood_delay_inst[2].delay_powergood_inst/gen_powergood_delay.intclk_rrst_n_r_reg[4]/C
                            (rising edge-triggered cell FDCE clocked by GTYE4_CHANNEL_TXOUTCLKPCS[2]  {rise@0.000ns fall@1.552ns period=3.103ns})
  Destination:            core_inst/cmac_inst/inst/cmac_usplus_0_gt_i/inst/gen_gtwizard_gtye4_top.cmac_usplus_0_gt_gtwizard_gtye4_inst/gen_gtwizard_gtye4.gen_pwrgood_delay_inst[2].delay_powergood_inst/gen_powergood_delay.wait_cnt_reg[0]/D
                            (rising edge-triggered cell FDRE clocked by GTYE4_CHANNEL_TXOUTCLKPCS[2]  {rise@0.000ns fall@1.552ns period=3.103ns})
  Path Group:             GTYE4_CHANNEL_TXOUTCLKPCS[2]
  Path Type:              Hold (Min at Slow Process Corner)
  Requirement:            0.000ns  (GTYE4_CHANNEL_TXOUTCLKPCS[2] rise@0.000ns - GTYE4_CHANNEL_TXOUTCLKPCS[2] rise@0.000ns)
  Data Path Delay:        0.330ns  (logic 0.060ns (18.160%)  route 0.270ns (81.840%))
  Logic Levels:           0  
  Clock Path Skew:        0.126ns (DCD - SCD - CPR)
    Destination Clock Delay (DCD):    0.496ns
    Source Clock Delay      (SCD):    0.312ns
    Clock Pessimism Removal (CPR):    0.058ns

    Location             Delay type                Incr(ns)  Path(ns)    Netlist Resource(s)
  -------------------------------------------------------------------    -------------------
                         (clock GTYE4_CHANNEL_TXOUTCLKPCS[2] rise edge)
                                                      0.000     0.000 r  
    GTYE4_CHANNEL_X0Y6   GTYE4_CHANNEL                0.000     0.000 r  core_inst/cmac_inst/inst/cmac_usplus_0_gt_i/inst/gen_gtwizard_gtye4_top.cmac_usplus_0_gt_gtwizard_gtye4_inst/gen_gtwizard_gtye4.gen_channel_container[1].gen_enabled_channel.gtye4_channel_wrapper_inst/channel_inst/gtye4_channel_gen.gen_gtye4_channel_inst[2].GTYE4_CHANNEL_PRIM_INST/TXOUTCLKPCS
                         net (fo=15, routed)          0.312     0.312    core_inst/cmac_inst/inst/cmac_usplus_0_gt_i/inst/gen_gtwizard_gtye4_top.cmac_usplus_0_gt_gtwizard_gtye4_inst/gen_gtwizard_gtye4.gen_pwrgood_delay_inst[2].delay_powergood_inst/GTYE4_CHANNEL_TXOUTCLKPCS[0]
    SLICE_X0Y272         FDCE                                         r  core_inst/cmac_inst/inst/cmac_usplus_0_gt_i/inst/gen_gtwizard_gtye4_top.cmac_usplus_0_gt_gtwizard_gtye4_inst/gen_gtwizard_gtye4.gen_pwrgood_delay_inst[2].delay_powergood_inst/gen_powergood_delay.intclk_rrst_n_r_reg[4]/C
  -------------------------------------------------------------------    -------------------
    SLICE_X0Y272         FDCE (Prop_EFF2_SLICEL_C_Q)
                                                      0.060     0.372 r  core_inst/cmac_inst/inst/cmac_usplus_0_gt_i/inst/gen_gtwizard_gtye4_top.cmac_usplus_0_gt_gtwizard_gtye4_inst/gen_gtwizard_gtye4.gen_pwrgood_delay_inst[2].delay_powergood_inst/gen_powergood_delay.intclk_rrst_n_r_reg[4]/Q
                         net (fo=9, routed)           0.270     0.642    core_inst/cmac_inst/inst/cmac_usplus_0_gt_i/inst/gen_gtwizard_gtye4_top.cmac_usplus_0_gt_gtwizard_gtye4_inst/gen_gtwizard_gtye4.gen_pwrgood_delay_inst[2].delay_powergood_inst/gen_powergood_delay.intclk_rrst_n_r[4]
    SLICE_X0Y273         FDRE                                         r  core_inst/cmac_inst/inst/cmac_usplus_0_gt_i/inst/gen_gtwizard_gtye4_top.cmac_usplus_0_gt_gtwizard_gtye4_inst/gen_gtwizard_gtye4.gen_pwrgood_delay_inst[2].delay_powergood_inst/gen_powergood_delay.wait_cnt_reg[0]/D
  -------------------------------------------------------------------    -------------------

                         (clock GTYE4_CHANNEL_TXOUTCLKPCS[2] rise edge)
                                                      0.000     0.000 r  
    GTYE4_CHANNEL_X0Y6   GTYE4_CHANNEL                0.000     0.000 r  core_inst/cmac_inst/inst/cmac_usplus_0_gt_i/inst/gen_gtwizard_gtye4_top.cmac_usplus_0_gt_gtwizard_gtye4_inst/gen_gtwizard_gtye4.gen_channel_container[1].gen_enabled_channel.gtye4_channel_wrapper_inst/channel_inst/gtye4_channel_gen.gen_gtye4_channel_inst[2].GTYE4_CHANNEL_PRIM_INST/TXOUTCLKPCS
                         net (fo=15, routed)          0.496     0.496    core_inst/cmac_inst/inst/cmac_usplus_0_gt_i/inst/gen_gtwizard_gtye4_top.cmac_usplus_0_gt_gtwizard_gtye4_inst/gen_gtwizard_gtye4.gen_pwrgood_delay_inst[2].delay_powergood_inst/GTYE4_CHANNEL_TXOUTCLKPCS[0]
    SLICE_X0Y273         FDRE                                         r  core_inst/cmac_inst/inst/cmac_usplus_0_gt_i/inst/gen_gtwizard_gtye4_top.cmac_usplus_0_gt_gtwizard_gtye4_inst/gen_gtwizard_gtye4.gen_pwrgood_delay_inst[2].delay_powergood_inst/gen_powergood_delay.wait_cnt_reg[0]/C
                         clock pessimism             -0.058     0.438    
    SLICE_X0Y273         FDRE (Hold_AFF2_SLICEL_C_D)
                                                      0.062     0.500    core_inst/cmac_inst/inst/cmac_usplus_0_gt_i/inst/gen_gtwizard_gtye4_top.cmac_usplus_0_gt_gtwizard_gtye4_inst/gen_gtwizard_gtye4.gen_pwrgood_delay_inst[2].delay_powergood_inst/gen_powergood_delay.wait_cnt_reg[0]
  -------------------------------------------------------------------
                         required time                         -0.500    
                         arrival time                           0.642    
  -------------------------------------------------------------------
                         slack                                  0.142    





Pulse Width Checks
--------------------------------------------------------------------------------------
Clock Name:         GTYE4_CHANNEL_TXOUTCLKPCS[2]
Waveform(ns):       { 0.000 1.552 }
Period(ns):         3.103
Sources:            { core_inst/cmac_inst/inst/cmac_usplus_0_gt_i/inst/gen_gtwizard_gtye4_top.cmac_usplus_0_gt_gtwizard_gtye4_inst/gen_gtwizard_gtye4.gen_channel_container[1].gen_enabled_channel.gtye4_channel_wrapper_inst/channel_inst/gtye4_channel_gen.gen_gtye4_channel_inst[2].GTYE4_CHANNEL_PRIM_INST/TXOUTCLKPCS }

Check Type        Corner  Lib Pin  Reference Pin  Required(ns)  Actual(ns)  Slack(ns)  Location      Pin
Min Period        n/a     FDCE/C   n/a            0.550         3.103       2.553      SLICE_X1Y273  core_inst/cmac_inst/inst/cmac_usplus_0_gt_i/inst/gen_gtwizard_gtye4_top.cmac_usplus_0_gt_gtwizard_gtye4_inst/gen_gtwizard_gtye4.gen_pwrgood_delay_inst[2].delay_powergood_inst/gen_powergood_delay.int_pwr_on_fsm_reg/C
Low Pulse Width   Slow    FDCE/C   n/a            0.275         1.552       1.277      SLICE_X1Y273  core_inst/cmac_inst/inst/cmac_usplus_0_gt_i/inst/gen_gtwizard_gtye4_top.cmac_usplus_0_gt_gtwizard_gtye4_inst/gen_gtwizard_gtye4.gen_pwrgood_delay_inst[2].delay_powergood_inst/gen_powergood_delay.int_pwr_on_fsm_reg/C
High Pulse Width  Slow    FDCE/C   n/a            0.275         1.552       1.277      SLICE_X1Y273  core_inst/cmac_inst/inst/cmac_usplus_0_gt_i/inst/gen_gtwizard_gtye4_top.cmac_usplus_0_gt_gtwizard_gtye4_inst/gen_gtwizard_gtye4.gen_pwrgood_delay_inst[2].delay_powergood_inst/gen_powergood_delay.int_pwr_on_fsm_reg/C



---------------------------------------------------------------------------------------------------
From Clock:  GTYE4_CHANNEL_TXOUTCLKPCS[3]
  To Clock:  GTYE4_CHANNEL_TXOUTCLKPCS[3]

Setup :            0  Failing Endpoints,  Worst Slack        1.810ns,  Total Violation        0.000ns
Hold  :            0  Failing Endpoints,  Worst Slack        0.129ns,  Total Violation        0.000ns
PW    :            0  Failing Endpoints,  Worst Slack        1.277ns,  Total Violation        0.000ns
---------------------------------------------------------------------------------------------------


Max Delay Paths
--------------------------------------------------------------------------------------
Slack (MET) :             1.810ns  (required time - arrival time)
  Source:                 core_inst/cmac_inst/inst/cmac_usplus_0_gt_i/inst/gen_gtwizard_gtye4_top.cmac_usplus_0_gt_gtwizard_gtye4_inst/gen_gtwizard_gtye4.gen_pwrgood_delay_inst[3].delay_powergood_inst/gen_powergood_delay.int_pwr_on_fsm_reg/C
                            (rising edge-triggered cell FDCE clocked by GTYE4_CHANNEL_TXOUTCLKPCS[3]  {rise@0.000ns fall@1.552ns period=3.103ns})
  Destination:            core_inst/cmac_inst/inst/cmac_usplus_0_gt_i/inst/gen_gtwizard_gtye4_top.cmac_usplus_0_gt_gtwizard_gtye4_inst/gen_gtwizard_gtye4.gen_pwrgood_delay_inst[3].delay_powergood_inst/gen_powergood_delay.wait_cnt_reg[1]/CE
                            (rising edge-triggered cell FDRE clocked by GTYE4_CHANNEL_TXOUTCLKPCS[3]  {rise@0.000ns fall@1.552ns period=3.103ns})
  Path Group:             GTYE4_CHANNEL_TXOUTCLKPCS[3]
  Path Type:              Setup (Max at Slow Process Corner)
  Requirement:            3.103ns  (GTYE4_CHANNEL_TXOUTCLKPCS[3] rise@3.103ns - GTYE4_CHANNEL_TXOUTCLKPCS[3] rise@0.000ns)
  Data Path Delay:        0.910ns  (logic 0.179ns (19.676%)  route 0.731ns (80.324%))
  Logic Levels:           1  (LUT1=1)
  Clock Path Skew:        -0.278ns (DCD - SCD + CPR)
    Destination Clock Delay (DCD):    0.399ns = ( 3.502 - 3.103 ) 
    Source Clock Delay      (SCD):    0.733ns
    Clock Pessimism Removal (CPR):    0.056ns
  Clock Uncertainty:      0.046ns  ((TSJ^2 + DJ^2)^1/2) / 2 + PE
    Total System Jitter     (TSJ):    0.071ns
    Discrete Jitter          (DJ):    0.060ns
    Phase Error              (PE):    0.000ns

    Location             Delay type                Incr(ns)  Path(ns)    Netlist Resource(s)
  -------------------------------------------------------------------    -------------------
                         (clock GTYE4_CHANNEL_TXOUTCLKPCS[3] rise edge)
                                                      0.000     0.000 r  
    GTYE4_CHANNEL_X0Y7   GTYE4_CHANNEL                0.000     0.000 r  core_inst/cmac_inst/inst/cmac_usplus_0_gt_i/inst/gen_gtwizard_gtye4_top.cmac_usplus_0_gt_gtwizard_gtye4_inst/gen_gtwizard_gtye4.gen_channel_container[1].gen_enabled_channel.gtye4_channel_wrapper_inst/channel_inst/gtye4_channel_gen.gen_gtye4_channel_inst[3].GTYE4_CHANNEL_PRIM_INST/TXOUTCLKPCS
                         net (fo=15, routed)          0.733     0.733    core_inst/cmac_inst/inst/cmac_usplus_0_gt_i/inst/gen_gtwizard_gtye4_top.cmac_usplus_0_gt_gtwizard_gtye4_inst/gen_gtwizard_gtye4.gen_pwrgood_delay_inst[3].delay_powergood_inst/GTYE4_CHANNEL_TXOUTCLKPCS[0]
    SLICE_X1Y278         FDCE                                         r  core_inst/cmac_inst/inst/cmac_usplus_0_gt_i/inst/gen_gtwizard_gtye4_top.cmac_usplus_0_gt_gtwizard_gtye4_inst/gen_gtwizard_gtye4.gen_pwrgood_delay_inst[3].delay_powergood_inst/gen_powergood_delay.int_pwr_on_fsm_reg/C
  -------------------------------------------------------------------    -------------------
    SLICE_X1Y278         FDCE (Prop_AFF2_SLICEM_C_Q)
                                                      0.080     0.813 f  core_inst/cmac_inst/inst/cmac_usplus_0_gt_i/inst/gen_gtwizard_gtye4_top.cmac_usplus_0_gt_gtwizard_gtye4_inst/gen_gtwizard_gtye4.gen_pwrgood_delay_inst[3].delay_powergood_inst/gen_powergood_delay.int_pwr_on_fsm_reg/Q
                         net (fo=4, routed)           0.439     1.252    core_inst/cmac_inst/inst/cmac_usplus_0_gt_i/inst/gen_gtwizard_gtye4_top.cmac_usplus_0_gt_gtwizard_gtye4_inst/gen_gtwizard_gtye4.gen_pwrgood_delay_inst[3].delay_powergood_inst/gen_powergood_delay.int_pwr_on_fsm
    SLICE_X0Y278         LUT1 (Prop_H6LUT_SLICEL_I0_O)
                                                      0.099     1.351 r  core_inst/cmac_inst/inst/cmac_usplus_0_gt_i/inst/gen_gtwizard_gtye4_top.cmac_usplus_0_gt_gtwizard_gtye4_inst/gen_gtwizard_gtye4.gen_pwrgood_delay_inst[3].delay_powergood_inst/gen_powergood_delay.intclk_rrst_n_r[4]_i_1__2/O
                         net (fo=12, routed)          0.292     1.643    core_inst/cmac_inst/inst/cmac_usplus_0_gt_i/inst/gen_gtwizard_gtye4_top.cmac_usplus_0_gt_gtwizard_gtye4_inst/gen_gtwizard_gtye4.gen_pwrgood_delay_inst[3].delay_powergood_inst/gen_powergood_delay.intclk_rrst_n_r[4]_i_1__2_n_0
    SLICE_X0Y280         FDRE                                         r  core_inst/cmac_inst/inst/cmac_usplus_0_gt_i/inst/gen_gtwizard_gtye4_top.cmac_usplus_0_gt_gtwizard_gtye4_inst/gen_gtwizard_gtye4.gen_pwrgood_delay_inst[3].delay_powergood_inst/gen_powergood_delay.wait_cnt_reg[1]/CE
  -------------------------------------------------------------------    -------------------

                         (clock GTYE4_CHANNEL_TXOUTCLKPCS[3] rise edge)
                                                      3.103     3.103 r  
    GTYE4_CHANNEL_X0Y7   GTYE4_CHANNEL                0.000     3.103 r  core_inst/cmac_inst/inst/cmac_usplus_0_gt_i/inst/gen_gtwizard_gtye4_top.cmac_usplus_0_gt_gtwizard_gtye4_inst/gen_gtwizard_gtye4.gen_channel_container[1].gen_enabled_channel.gtye4_channel_wrapper_inst/channel_inst/gtye4_channel_gen.gen_gtye4_channel_inst[3].GTYE4_CHANNEL_PRIM_INST/TXOUTCLKPCS
                         net (fo=15, routed)          0.399     3.502    core_inst/cmac_inst/inst/cmac_usplus_0_gt_i/inst/gen_gtwizard_gtye4_top.cmac_usplus_0_gt_gtwizard_gtye4_inst/gen_gtwizard_gtye4.gen_pwrgood_delay_inst[3].delay_powergood_inst/GTYE4_CHANNEL_TXOUTCLKPCS[0]
    SLICE_X0Y280         FDRE                                         r  core_inst/cmac_inst/inst/cmac_usplus_0_gt_i/inst/gen_gtwizard_gtye4_top.cmac_usplus_0_gt_gtwizard_gtye4_inst/gen_gtwizard_gtye4.gen_pwrgood_delay_inst[3].delay_powergood_inst/gen_powergood_delay.wait_cnt_reg[1]/C
                         clock pessimism              0.056     3.558    
                         clock uncertainty           -0.046     3.512    
    SLICE_X0Y280         FDRE (Setup_AFF2_SLICEL_C_CE)
                                                     -0.059     3.453    core_inst/cmac_inst/inst/cmac_usplus_0_gt_i/inst/gen_gtwizard_gtye4_top.cmac_usplus_0_gt_gtwizard_gtye4_inst/gen_gtwizard_gtye4.gen_pwrgood_delay_inst[3].delay_powergood_inst/gen_powergood_delay.wait_cnt_reg[1]
  -------------------------------------------------------------------
                         required time                          3.453    
                         arrival time                          -1.643    
  -------------------------------------------------------------------
                         slack                                  1.810    





Min Delay Paths
--------------------------------------------------------------------------------------
Slack (MET) :             0.129ns  (arrival time - required time)
  Source:                 core_inst/cmac_inst/inst/cmac_usplus_0_gt_i/inst/gen_gtwizard_gtye4_top.cmac_usplus_0_gt_gtwizard_gtye4_inst/gen_gtwizard_gtye4.gen_pwrgood_delay_inst[3].delay_powergood_inst/gen_powergood_delay.intclk_rrst_n_r_reg[4]/C
                            (rising edge-triggered cell FDCE clocked by GTYE4_CHANNEL_TXOUTCLKPCS[3]  {rise@0.000ns fall@1.552ns period=3.103ns})
  Destination:            core_inst/cmac_inst/inst/cmac_usplus_0_gt_i/inst/gen_gtwizard_gtye4_top.cmac_usplus_0_gt_gtwizard_gtye4_inst/gen_gtwizard_gtye4.gen_pwrgood_delay_inst[3].delay_powergood_inst/gen_powergood_delay.wait_cnt_reg[5]/R
                            (rising edge-triggered cell FDRE clocked by GTYE4_CHANNEL_TXOUTCLKPCS[3]  {rise@0.000ns fall@1.552ns period=3.103ns})
  Path Group:             GTYE4_CHANNEL_TXOUTCLKPCS[3]
  Path Type:              Hold (Min at Slow Process Corner)
  Requirement:            0.000ns  (GTYE4_CHANNEL_TXOUTCLKPCS[3] rise@0.000ns - GTYE4_CHANNEL_TXOUTCLKPCS[3] rise@0.000ns)
  Data Path Delay:        0.230ns  (logic 0.060ns (26.064%)  route 0.170ns (73.936%))
  Logic Levels:           0  
  Clock Path Skew:        0.116ns (DCD - SCD - CPR)
    Destination Clock Delay (DCD):    0.618ns
    Source Clock Delay      (SCD):    0.446ns
    Clock Pessimism Removal (CPR):    0.056ns

    Location             Delay type                Incr(ns)  Path(ns)    Netlist Resource(s)
  -------------------------------------------------------------------    -------------------
                         (clock GTYE4_CHANNEL_TXOUTCLKPCS[3] rise edge)
                                                      0.000     0.000 r  
    GTYE4_CHANNEL_X0Y7   GTYE4_CHANNEL                0.000     0.000 r  core_inst/cmac_inst/inst/cmac_usplus_0_gt_i/inst/gen_gtwizard_gtye4_top.cmac_usplus_0_gt_gtwizard_gtye4_inst/gen_gtwizard_gtye4.gen_channel_container[1].gen_enabled_channel.gtye4_channel_wrapper_inst/channel_inst/gtye4_channel_gen.gen_gtye4_channel_inst[3].GTYE4_CHANNEL_PRIM_INST/TXOUTCLKPCS
                         net (fo=15, routed)          0.446     0.446    core_inst/cmac_inst/inst/cmac_usplus_0_gt_i/inst/gen_gtwizard_gtye4_top.cmac_usplus_0_gt_gtwizard_gtye4_inst/gen_gtwizard_gtye4.gen_pwrgood_delay_inst[3].delay_powergood_inst/GTYE4_CHANNEL_TXOUTCLKPCS[0]
    SLICE_X0Y278         FDCE                                         r  core_inst/cmac_inst/inst/cmac_usplus_0_gt_i/inst/gen_gtwizard_gtye4_top.cmac_usplus_0_gt_gtwizard_gtye4_inst/gen_gtwizard_gtye4.gen_pwrgood_delay_inst[3].delay_powergood_inst/gen_powergood_delay.intclk_rrst_n_r_reg[4]/C
  -------------------------------------------------------------------    -------------------
    SLICE_X0Y278         FDCE (Prop_EFF2_SLICEL_C_Q)
                                                      0.060     0.506 f  core_inst/cmac_inst/inst/cmac_usplus_0_gt_i/inst/gen_gtwizard_gtye4_top.cmac_usplus_0_gt_gtwizard_gtye4_inst/gen_gtwizard_gtye4.gen_pwrgood_delay_inst[3].delay_powergood_inst/gen_powergood_delay.intclk_rrst_n_r_reg[4]/Q
                         net (fo=9, routed)           0.170     0.676    core_inst/cmac_inst/inst/cmac_usplus_0_gt_i/inst/gen_gtwizard_gtye4_top.cmac_usplus_0_gt_gtwizard_gtye4_inst/gen_gtwizard_gtye4.gen_pwrgood_delay_inst[3].delay_powergood_inst/gen_powergood_delay.intclk_rrst_n_r[4]
    SLICE_X0Y280         FDRE                                         r  core_inst/cmac_inst/inst/cmac_usplus_0_gt_i/inst/gen_gtwizard_gtye4_top.cmac_usplus_0_gt_gtwizard_gtye4_inst/gen_gtwizard_gtye4.gen_pwrgood_delay_inst[3].delay_powergood_inst/gen_powergood_delay.wait_cnt_reg[5]/R  (IS_INVERTED)
  -------------------------------------------------------------------    -------------------

                         (clock GTYE4_CHANNEL_TXOUTCLKPCS[3] rise edge)
                                                      0.000     0.000 r  
    GTYE4_CHANNEL_X0Y7   GTYE4_CHANNEL                0.000     0.000 r  core_inst/cmac_inst/inst/cmac_usplus_0_gt_i/inst/gen_gtwizard_gtye4_top.cmac_usplus_0_gt_gtwizard_gtye4_inst/gen_gtwizard_gtye4.gen_channel_container[1].gen_enabled_channel.gtye4_channel_wrapper_inst/channel_inst/gtye4_channel_gen.gen_gtye4_channel_inst[3].GTYE4_CHANNEL_PRIM_INST/TXOUTCLKPCS
                         net (fo=15, routed)          0.618     0.618    core_inst/cmac_inst/inst/cmac_usplus_0_gt_i/inst/gen_gtwizard_gtye4_top.cmac_usplus_0_gt_gtwizard_gtye4_inst/gen_gtwizard_gtye4.gen_pwrgood_delay_inst[3].delay_powergood_inst/GTYE4_CHANNEL_TXOUTCLKPCS[0]
    SLICE_X0Y280         FDRE                                         r  core_inst/cmac_inst/inst/cmac_usplus_0_gt_i/inst/gen_gtwizard_gtye4_top.cmac_usplus_0_gt_gtwizard_gtye4_inst/gen_gtwizard_gtye4.gen_pwrgood_delay_inst[3].delay_powergood_inst/gen_powergood_delay.wait_cnt_reg[5]/C
                         clock pessimism             -0.056     0.562    
    SLICE_X0Y280         FDRE (Hold_EFF2_SLICEL_C_R)
                                                     -0.015     0.547    core_inst/cmac_inst/inst/cmac_usplus_0_gt_i/inst/gen_gtwizard_gtye4_top.cmac_usplus_0_gt_gtwizard_gtye4_inst/gen_gtwizard_gtye4.gen_pwrgood_delay_inst[3].delay_powergood_inst/gen_powergood_delay.wait_cnt_reg[5]
  -------------------------------------------------------------------
                         required time                         -0.547    
                         arrival time                           0.676    
  -------------------------------------------------------------------
                         slack                                  0.129    





Pulse Width Checks
--------------------------------------------------------------------------------------
Clock Name:         GTYE4_CHANNEL_TXOUTCLKPCS[3]
Waveform(ns):       { 0.000 1.552 }
Period(ns):         3.103
Sources:            { core_inst/cmac_inst/inst/cmac_usplus_0_gt_i/inst/gen_gtwizard_gtye4_top.cmac_usplus_0_gt_gtwizard_gtye4_inst/gen_gtwizard_gtye4.gen_channel_container[1].gen_enabled_channel.gtye4_channel_wrapper_inst/channel_inst/gtye4_channel_gen.gen_gtye4_channel_inst[3].GTYE4_CHANNEL_PRIM_INST/TXOUTCLKPCS }

Check Type        Corner  Lib Pin  Reference Pin  Required(ns)  Actual(ns)  Slack(ns)  Location      Pin
Min Period        n/a     FDCE/C   n/a            0.550         3.103       2.553      SLICE_X1Y278  core_inst/cmac_inst/inst/cmac_usplus_0_gt_i/inst/gen_gtwizard_gtye4_top.cmac_usplus_0_gt_gtwizard_gtye4_inst/gen_gtwizard_gtye4.gen_pwrgood_delay_inst[3].delay_powergood_inst/gen_powergood_delay.int_pwr_on_fsm_reg/C
Low Pulse Width   Slow    FDCE/C   n/a            0.275         1.552       1.277      SLICE_X1Y278  core_inst/cmac_inst/inst/cmac_usplus_0_gt_i/inst/gen_gtwizard_gtye4_top.cmac_usplus_0_gt_gtwizard_gtye4_inst/gen_gtwizard_gtye4.gen_pwrgood_delay_inst[3].delay_powergood_inst/gen_powergood_delay.int_pwr_on_fsm_reg/C
High Pulse Width  Slow    FDCE/C   n/a            0.275         1.552       1.277      SLICE_X1Y278  core_inst/cmac_inst/inst/cmac_usplus_0_gt_i/inst/gen_gtwizard_gtye4_top.cmac_usplus_0_gt_gtwizard_gtye4_inst/gen_gtwizard_gtye4.gen_pwrgood_delay_inst[3].delay_powergood_inst/gen_powergood_delay.int_pwr_on_fsm_reg/C



---------------------------------------------------------------------------------------------------
From Clock:  rxoutclk_out[0]
  To Clock:  rxoutclk_out[0]

Setup :            0  Failing Endpoints,  Worst Slack        1.068ns,  Total Violation        0.000ns
Hold  :            0  Failing Endpoints,  Worst Slack        0.046ns,  Total Violation        0.000ns
PW    :            0  Failing Endpoints,  Worst Slack        0.454ns,  Total Violation        0.000ns
---------------------------------------------------------------------------------------------------


Max Delay Paths
--------------------------------------------------------------------------------------
Slack (MET) :             1.068ns  (required time - arrival time)
  Source:                 core_inst/cmac_inst/inst/i_cmac_usplus_0_rx_16bit_sync_alt_data3/data_out_reg[10]/C
                            (rising edge-triggered cell FDRE clocked by rxoutclk_out[0]  {rise@0.000ns fall@1.552ns period=3.103ns})
  Destination:            core_inst/cmac_inst/inst/i_cmac_usplus_0_top/obsibdaaf4ker2wujpra0sjb/RX_SERDES_ALT_DATA3[10]
                            (rising edge-triggered cell CMACE4 clocked by rxoutclk_out[0]  {rise@0.000ns fall@1.552ns period=3.103ns})
  Path Group:             rxoutclk_out[0]
  Path Type:              Setup (Max at Slow Process Corner)
  Requirement:            3.103ns  (rxoutclk_out[0] rise@3.103ns - rxoutclk_out[0] rise@0.000ns)
  Data Path Delay:        2.135ns  (logic 0.239ns (11.194%)  route 1.896ns (88.806%))
  Logic Levels:           1  (LUT1=1)
  Clock Path Skew:        -0.182ns (DCD - SCD + CPR)
    Destination Clock Delay (DCD):    1.378ns = ( 4.481 - 3.103 ) 
    Source Clock Delay      (SCD):    1.636ns
    Clock Pessimism Removal (CPR):    0.076ns
  Clock Uncertainty:      0.046ns  ((TSJ^2 + DJ^2)^1/2) / 2 + PE
    Total System Jitter     (TSJ):    0.071ns
    Discrete Jitter          (DJ):    0.060ns
    Phase Error              (PE):    0.000ns
  Clock Net Delay (Source):      1.420ns (routing 0.541ns, distribution 0.879ns)
  Clock Net Delay (Destination): 1.185ns (routing 0.488ns, distribution 0.697ns)

    Location             Delay type                Incr(ns)  Path(ns)    Netlist Resource(s)
  -------------------------------------------------------------------    -------------------
                         (clock rxoutclk_out[0] rise edge)
                                                      0.000     0.000 r  
    GTYE4_CHANNEL_X0Y4   GTYE4_CHANNEL                0.000     0.000 r  core_inst/cmac_inst/inst/cmac_usplus_0_gt_i/inst/gen_gtwizard_gtye4_top.cmac_usplus_0_gt_gtwizard_gtye4_inst/gen_gtwizard_gtye4.gen_channel_container[1].gen_enabled_channel.gtye4_channel_wrapper_inst/channel_inst/gtye4_channel_gen.gen_gtye4_channel_inst[0].GTYE4_CHANNEL_PRIM_INST/RXOUTCLK
                         net (fo=2, routed)           0.086     0.086    core_inst/cmac_inst/inst/cmac_gtwiz_userclk_rx_inst/rxoutclk_out[0]
    BUFG_GT_X0Y96        BUFG_GT (Prop_BUFG_GT_I_O)
                                                      0.130     0.216 r  core_inst/cmac_inst/inst/cmac_gtwiz_userclk_rx_inst/gen_gtwiz_userclk_rx_main.bufg_gt_usrclk_inst/O
    X0Y3 (CLOCK_ROOT)    net (fo=665, routed)         1.420     1.636    core_inst/cmac_inst/inst/i_cmac_usplus_0_rx_16bit_sync_alt_data3/CLK
    SLICE_X11Y257        FDRE                                         r  core_inst/cmac_inst/inst/i_cmac_usplus_0_rx_16bit_sync_alt_data3/data_out_reg[10]/C
  -------------------------------------------------------------------    -------------------
    SLICE_X11Y257        FDRE (Prop_EFF_SLICEM_C_Q)
                                                      0.076     1.712 r  core_inst/cmac_inst/inst/i_cmac_usplus_0_rx_16bit_sync_alt_data3/data_out_reg[10]/Q
                         net (fo=1, routed)           0.865     2.577    core_inst/cmac_inst/inst/i_cmac_usplus_0_rx_16bit_sync_alt_data3/Q[10]
    SLICE_X1Y180         LUT1 (Prop_A5LUT_SLICEM_I0_O)
                                                      0.163     2.740 r  core_inst/cmac_inst/inst/i_cmac_usplus_0_rx_16bit_sync_alt_data3/Q[10]_hold_fix/O
                         net (fo=1, routed)           1.031     3.771    core_inst/cmac_inst/inst/i_cmac_usplus_0_top/Q[10]_hold_fix_1_alias
    CMACE4_X0Y0          CMACE4                                       r  core_inst/cmac_inst/inst/i_cmac_usplus_0_top/obsibdaaf4ker2wujpra0sjb/RX_SERDES_ALT_DATA3[10]
  -------------------------------------------------------------------    -------------------

                         (clock rxoutclk_out[0] rise edge)
                                                      3.103     3.103 r  
    GTYE4_CHANNEL_X0Y4   GTYE4_CHANNEL                0.000     3.103 r  core_inst/cmac_inst/inst/cmac_usplus_0_gt_i/inst/gen_gtwizard_gtye4_top.cmac_usplus_0_gt_gtwizard_gtye4_inst/gen_gtwizard_gtye4.gen_channel_container[1].gen_enabled_channel.gtye4_channel_wrapper_inst/channel_inst/gtye4_channel_gen.gen_gtye4_channel_inst[0].GTYE4_CHANNEL_PRIM_INST/RXOUTCLK
                         net (fo=2, routed)           0.079     3.182    core_inst/cmac_inst/inst/cmac_gtwiz_userclk_rx_inst/rxoutclk_out[0]
    BUFG_GT_X0Y96        BUFG_GT (Prop_BUFG_GT_I_O)
                                                      0.114     3.296 r  core_inst/cmac_inst/inst/cmac_gtwiz_userclk_rx_inst/gen_gtwiz_userclk_rx_main.bufg_gt_usrclk_inst/O
    X0Y3 (CLOCK_ROOT)    net (fo=665, routed)         1.185     4.481    core_inst/cmac_inst/inst/i_cmac_usplus_0_top/rx_serdes_clk[3]
    CMACE4_X0Y0          CMACE4                                       r  core_inst/cmac_inst/inst/i_cmac_usplus_0_top/obsibdaaf4ker2wujpra0sjb/RX_SERDES_CLK[3]
                         clock pessimism              0.076     4.557    
                         clock uncertainty           -0.046     4.510    
    CMACE4_X0Y0          CMACE4 (Setup_CMACE4_RX_SERDES_CLK[3]_RX_SERDES_ALT_DATA3[10])
                                                      0.329     4.839    core_inst/cmac_inst/inst/i_cmac_usplus_0_top/obsibdaaf4ker2wujpra0sjb
  -------------------------------------------------------------------
                         required time                          4.839    
                         arrival time                          -3.771    
  -------------------------------------------------------------------
                         slack                                  1.068    





Min Delay Paths
--------------------------------------------------------------------------------------
Slack (MET) :             0.046ns  (arrival time - required time)
  Source:                 core_inst/cmac_inst/inst/i_cmac_usplus_0_rx_64bit_sync_serdes_data3/data_out_reg[59]/C
                            (rising edge-triggered cell FDRE clocked by rxoutclk_out[0]  {rise@0.000ns fall@1.552ns period=3.103ns})
  Destination:            core_inst/cmac_inst/inst/i_cmac_usplus_0_top/obsibdaaf4ker2wujpra0sjb/RX_SERDES_DATA3[59]
                            (rising edge-triggered cell CMACE4 clocked by rxoutclk_out[0]  {rise@0.000ns fall@1.552ns period=3.103ns})
  Path Group:             rxoutclk_out[0]
  Path Type:              Hold (Min at Slow Process Corner)
  Requirement:            0.000ns  (rxoutclk_out[0] rise@0.000ns - rxoutclk_out[0] rise@0.000ns)
  Data Path Delay:        0.696ns  (logic 0.091ns (13.075%)  route 0.605ns (86.925%))
  Logic Levels:           1  (LUT1=1)
  Clock Path Skew:        0.057ns (DCD - SCD - CPR)
    Destination Clock Delay (DCD):    1.568ns
    Source Clock Delay      (SCD):    1.435ns
    Clock Pessimism Removal (CPR):    0.076ns
  Clock Net Delay (Source):      1.242ns (routing 0.488ns, distribution 0.754ns)
  Clock Net Delay (Destination): 1.352ns (routing 0.541ns, distribution 0.811ns)

    Location             Delay type                Incr(ns)  Path(ns)    Netlist Resource(s)
  -------------------------------------------------------------------    -------------------
                         (clock rxoutclk_out[0] rise edge)
                                                      0.000     0.000 r  
    GTYE4_CHANNEL_X0Y4   GTYE4_CHANNEL                0.000     0.000 r  core_inst/cmac_inst/inst/cmac_usplus_0_gt_i/inst/gen_gtwizard_gtye4_top.cmac_usplus_0_gt_gtwizard_gtye4_inst/gen_gtwizard_gtye4.gen_channel_container[1].gen_enabled_channel.gtye4_channel_wrapper_inst/channel_inst/gtye4_channel_gen.gen_gtye4_channel_inst[0].GTYE4_CHANNEL_PRIM_INST/RXOUTCLK
                         net (fo=2, routed)           0.079     0.079    core_inst/cmac_inst/inst/cmac_gtwiz_userclk_rx_inst/rxoutclk_out[0]
    BUFG_GT_X0Y96        BUFG_GT (Prop_BUFG_GT_I_O)
                                                      0.114     0.193 r  core_inst/cmac_inst/inst/cmac_gtwiz_userclk_rx_inst/gen_gtwiz_userclk_rx_main.bufg_gt_usrclk_inst/O
    X0Y3 (CLOCK_ROOT)    net (fo=665, routed)         1.242     1.435    core_inst/cmac_inst/inst/i_cmac_usplus_0_rx_64bit_sync_serdes_data3/CLK
    SLICE_X8Y248         FDRE                                         r  core_inst/cmac_inst/inst/i_cmac_usplus_0_rx_64bit_sync_serdes_data3/data_out_reg[59]/C
  -------------------------------------------------------------------    -------------------
    SLICE_X8Y248         FDRE (Prop_HFF2_SLICEM_C_Q)
                                                      0.059     1.494 r  core_inst/cmac_inst/inst/i_cmac_usplus_0_rx_64bit_sync_serdes_data3/data_out_reg[59]/Q
                         net (fo=1, routed)           0.221     1.715    core_inst/cmac_inst/inst/i_cmac_usplus_0_rx_64bit_sync_serdes_data3/Q[59]
    SLICE_X0Y256         LUT1 (Prop_A5LUT_SLICEL_I0_O)
                                                      0.032     1.747 r  core_inst/cmac_inst/inst/i_cmac_usplus_0_rx_64bit_sync_serdes_data3/Q[59]_hold_fix/O
                         net (fo=1, routed)           0.384     2.131    core_inst/cmac_inst/inst/i_cmac_usplus_0_top/Q[59]_hold_fix_1_alias
    CMACE4_X0Y0          CMACE4                                       r  core_inst/cmac_inst/inst/i_cmac_usplus_0_top/obsibdaaf4ker2wujpra0sjb/RX_SERDES_DATA3[59]
  -------------------------------------------------------------------    -------------------

                         (clock rxoutclk_out[0] rise edge)
                                                      0.000     0.000 r  
    GTYE4_CHANNEL_X0Y4   GTYE4_CHANNEL                0.000     0.000 r  core_inst/cmac_inst/inst/cmac_usplus_0_gt_i/inst/gen_gtwizard_gtye4_top.cmac_usplus_0_gt_gtwizard_gtye4_inst/gen_gtwizard_gtye4.gen_channel_container[1].gen_enabled_channel.gtye4_channel_wrapper_inst/channel_inst/gtye4_channel_gen.gen_gtye4_channel_inst[0].GTYE4_CHANNEL_PRIM_INST/RXOUTCLK
                         net (fo=2, routed)           0.086     0.086    core_inst/cmac_inst/inst/cmac_gtwiz_userclk_rx_inst/rxoutclk_out[0]
    BUFG_GT_X0Y96        BUFG_GT (Prop_BUFG_GT_I_O)
                                                      0.130     0.216 r  core_inst/cmac_inst/inst/cmac_gtwiz_userclk_rx_inst/gen_gtwiz_userclk_rx_main.bufg_gt_usrclk_inst/O
    X0Y3 (CLOCK_ROOT)    net (fo=665, routed)         1.352     1.568    core_inst/cmac_inst/inst/i_cmac_usplus_0_top/rx_serdes_clk[3]
    CMACE4_X0Y0          CMACE4                                       r  core_inst/cmac_inst/inst/i_cmac_usplus_0_top/obsibdaaf4ker2wujpra0sjb/RX_SERDES_CLK[3]
                         clock pessimism             -0.076     1.492    
    CMACE4_X0Y0          CMACE4 (Hold_CMACE4_RX_SERDES_CLK[3]_RX_SERDES_DATA3[59])
                                                      0.593     2.085    core_inst/cmac_inst/inst/i_cmac_usplus_0_top/obsibdaaf4ker2wujpra0sjb
  -------------------------------------------------------------------
                         required time                         -2.085    
                         arrival time                           2.131    
  -------------------------------------------------------------------
                         slack                                  0.046    





Pulse Width Checks
--------------------------------------------------------------------------------------
Clock Name:         rxoutclk_out[0]
Waveform(ns):       { 0.000 1.552 }
Period(ns):         3.103
Sources:            { core_inst/cmac_inst/inst/cmac_usplus_0_gt_i/inst/gen_gtwizard_gtye4_top.cmac_usplus_0_gt_gtwizard_gtye4_inst/gen_gtwizard_gtye4.gen_channel_container[1].gen_enabled_channel.gtye4_channel_wrapper_inst/channel_inst/gtye4_channel_gen.gen_gtye4_channel_inst[0].GTYE4_CHANNEL_PRIM_INST/RXOUTCLK }

Check Type        Corner  Lib Pin                  Reference Pin            Required(ns)  Actual(ns)  Slack(ns)  Location            Pin
Min Period        n/a     CMACE4/RX_SERDES_CLK[3]  n/a                      2.560         3.103       0.543      CMACE4_X0Y0         core_inst/cmac_inst/inst/i_cmac_usplus_0_top/obsibdaaf4ker2wujpra0sjb/RX_SERDES_CLK[3]
Low Pulse Width   Slow    GTYE4_CHANNEL/RXUSRCLK   n/a                      0.880         1.552       0.672      GTYE4_CHANNEL_X0Y4  core_inst/cmac_inst/inst/cmac_usplus_0_gt_i/inst/gen_gtwizard_gtye4_top.cmac_usplus_0_gt_gtwizard_gtye4_inst/gen_gtwizard_gtye4.gen_channel_container[1].gen_enabled_channel.gtye4_channel_wrapper_inst/channel_inst/gtye4_channel_gen.gen_gtye4_channel_inst[0].GTYE4_CHANNEL_PRIM_INST/RXUSRCLK
High Pulse Width  Slow    GTYE4_CHANNEL/RXUSRCLK   n/a                      0.880         1.552       0.672      GTYE4_CHANNEL_X0Y4  core_inst/cmac_inst/inst/cmac_usplus_0_gt_i/inst/gen_gtwizard_gtye4_top.cmac_usplus_0_gt_gtwizard_gtye4_inst/gen_gtwizard_gtye4.gen_channel_container[1].gen_enabled_channel.gtye4_channel_wrapper_inst/channel_inst/gtye4_channel_gen.gen_gtye4_channel_inst[0].GTYE4_CHANNEL_PRIM_INST/RXUSRCLK
Max Skew          Slow    GTYE4_CHANNEL/RXUSRCLK   GTYE4_CHANNEL/RXUSRCLK2  0.478         0.024       0.454      GTYE4_CHANNEL_X0Y4  core_inst/cmac_inst/inst/cmac_usplus_0_gt_i/inst/gen_gtwizard_gtye4_top.cmac_usplus_0_gt_gtwizard_gtye4_inst/gen_gtwizard_gtye4.gen_channel_container[1].gen_enabled_channel.gtye4_channel_wrapper_inst/channel_inst/gtye4_channel_gen.gen_gtye4_channel_inst[0].GTYE4_CHANNEL_PRIM_INST/RXUSRCLK



---------------------------------------------------------------------------------------------------
From Clock:  txoutclk_out[0]
  To Clock:  txoutclk_out[0]

Setup :            0  Failing Endpoints,  Worst Slack        0.239ns,  Total Violation        0.000ns
Hold  :            0  Failing Endpoints,  Worst Slack        0.019ns,  Total Violation        0.000ns
PW    :            0  Failing Endpoints,  Worst Slack        0.543ns,  Total Violation        0.000ns
---------------------------------------------------------------------------------------------------


Max Delay Paths
--------------------------------------------------------------------------------------
Slack (MET) :             0.239ns  (required time - arrival time)
  Source:                 core_inst/tx_fifo/fifo_inst/mem_reg_8/CLKARDCLK
                            (rising edge-triggered cell RAMB18E2 clocked by txoutclk_out[0]  {rise@0.000ns fall@1.552ns period=3.103ns})
  Destination:            core_inst/cmac_inst/inst/i_cmac_usplus_0_axis2lbus/i_cmac_usplus_0_axis2lbus_segmented_corelogic/genblk1.SEG_LOOP[3].lbus_data_reg[471]/D
                            (rising edge-triggered cell FDRE clocked by txoutclk_out[0]  {rise@0.000ns fall@1.552ns period=3.103ns})
  Path Group:             txoutclk_out[0]
  Path Type:              Setup (Max at Slow Process Corner)
  Requirement:            3.103ns  (txoutclk_out[0] rise@3.103ns - txoutclk_out[0] rise@0.000ns)
  Data Path Delay:        2.690ns  (logic 0.271ns (10.076%)  route 2.419ns (89.924%))
  Logic Levels:           1  (LUT6=1)
  Clock Path Skew:        -0.153ns (DCD - SCD + CPR)
    Destination Clock Delay (DCD):    1.413ns = ( 4.516 - 3.103 ) 
    Source Clock Delay      (SCD):    1.682ns
    Clock Pessimism Removal (CPR):    0.116ns
  Clock Uncertainty:      0.046ns  ((TSJ^2 + DJ^2)^1/2) / 2 + PE
    Total System Jitter     (TSJ):    0.071ns
    Discrete Jitter          (DJ):    0.060ns
    Phase Error              (PE):    0.000ns
  Clock Net Delay (Source):      1.467ns (routing 0.553ns, distribution 0.914ns)
  Clock Net Delay (Destination): 1.221ns (routing 0.498ns, distribution 0.723ns)

    Location             Delay type                Incr(ns)  Path(ns)    Netlist Resource(s)
  -------------------------------------------------------------------    -------------------
                         (clock txoutclk_out[0] rise edge)
                                                      0.000     0.000 r  
    GTYE4_CHANNEL_X0Y4   GTYE4_CHANNEL                0.000     0.000 r  core_inst/cmac_inst/inst/cmac_usplus_0_gt_i/inst/gen_gtwizard_gtye4_top.cmac_usplus_0_gt_gtwizard_gtye4_inst/gen_gtwizard_gtye4.gen_channel_container[1].gen_enabled_channel.gtye4_channel_wrapper_inst/channel_inst/gtye4_channel_gen.gen_gtye4_channel_inst[0].GTYE4_CHANNEL_PRIM_INST/TXOUTCLK
                         net (fo=2, routed)           0.085     0.085    core_inst/cmac_inst/inst/cmac_gtwiz_userclk_tx_inst/txoutclk_out[0]
    BUFG_GT_X0Y102       BUFG_GT (Prop_BUFG_GT_I_O)
                                                      0.130     0.215 r  core_inst/cmac_inst/inst/cmac_gtwiz_userclk_tx_inst/gen_gtwiz_userclk_tx_main.bufg_gt_usrclk_inst/O
    X0Y3 (CLOCK_ROOT)    net (fo=2722, routed)        1.467     1.682    core_inst/tx_fifo/fifo_inst/gt_txusrclk2
    RAMB18_X0Y72         RAMB18E2                                     r  core_inst/tx_fifo/fifo_inst/mem_reg_8/CLKARDCLK
  -------------------------------------------------------------------    -------------------
    RAMB18_X0Y72         RAMB18E2 (Prop_RAMB18E2_L_RAMB180_CLKARDCLK_DOUTADOUT[0])
                                                      0.220     1.902 f  core_inst/tx_fifo/fifo_inst/mem_reg_8/DOUTADOUT[0]
                         net (fo=576, routed)         2.368     4.270    core_inst/tx_fifo/fifo_inst/mem_reg_8_n_47
    SLICE_X12Y201        LUT6 (Prop_H6LUT_SLICEL_I2_O)
                                                      0.051     4.321 r  core_inst/tx_fifo/fifo_inst/cmac_inst_i_81/O
                         net (fo=1, routed)           0.051     4.372    core_inst/cmac_inst/inst/i_cmac_usplus_0_axis2lbus/i_cmac_usplus_0_axis2lbus_segmented_corelogic/tx_axis_tdata[431]
    SLICE_X12Y201        FDRE                                         r  core_inst/cmac_inst/inst/i_cmac_usplus_0_axis2lbus/i_cmac_usplus_0_axis2lbus_segmented_corelogic/genblk1.SEG_LOOP[3].lbus_data_reg[471]/D
  -------------------------------------------------------------------    -------------------

                         (clock txoutclk_out[0] rise edge)
                                                      3.103     3.103 r  
    GTYE4_CHANNEL_X0Y4   GTYE4_CHANNEL                0.000     3.103 r  core_inst/cmac_inst/inst/cmac_usplus_0_gt_i/inst/gen_gtwizard_gtye4_top.cmac_usplus_0_gt_gtwizard_gtye4_inst/gen_gtwizard_gtye4.gen_channel_container[1].gen_enabled_channel.gtye4_channel_wrapper_inst/channel_inst/gtye4_channel_gen.gen_gtye4_channel_inst[0].GTYE4_CHANNEL_PRIM_INST/TXOUTCLK
                         net (fo=2, routed)           0.078     3.181    core_inst/cmac_inst/inst/cmac_gtwiz_userclk_tx_inst/txoutclk_out[0]
    BUFG_GT_X0Y102       BUFG_GT (Prop_BUFG_GT_I_O)
                                                      0.114     3.295 r  core_inst/cmac_inst/inst/cmac_gtwiz_userclk_tx_inst/gen_gtwiz_userclk_tx_main.bufg_gt_usrclk_inst/O
    X0Y3 (CLOCK_ROOT)    net (fo=2722, routed)        1.221     4.516    core_inst/cmac_inst/inst/i_cmac_usplus_0_axis2lbus/i_cmac_usplus_0_axis2lbus_segmented_corelogic/genblk1.SEG_LOOP[3].lbus_err_reg[3]_0
    SLICE_X12Y201        FDRE                                         r  core_inst/cmac_inst/inst/i_cmac_usplus_0_axis2lbus/i_cmac_usplus_0_axis2lbus_segmented_corelogic/genblk1.SEG_LOOP[3].lbus_data_reg[471]/C
                         clock pessimism              0.116     4.632    
                         clock uncertainty           -0.046     4.585    
    SLICE_X12Y201        FDRE (Setup_HFF_SLICEL_C_D)
                                                      0.025     4.610    core_inst/cmac_inst/inst/i_cmac_usplus_0_axis2lbus/i_cmac_usplus_0_axis2lbus_segmented_corelogic/genblk1.SEG_LOOP[3].lbus_data_reg[471]
  -------------------------------------------------------------------
                         required time                          4.610    
                         arrival time                          -4.372    
  -------------------------------------------------------------------
                         slack                                  0.239    





Min Delay Paths
--------------------------------------------------------------------------------------
Slack (MET) :             0.019ns  (arrival time - required time)
  Source:                 core_inst/cmac_inst/inst/i_cmac_usplus_0_tx_sync/data_out_reg[140]/C
                            (rising edge-triggered cell FDRE clocked by txoutclk_out[0]  {rise@0.000ns fall@1.552ns period=3.103ns})
  Destination:            core_inst/cmac_inst/inst/cmac_usplus_0_gt_i/inst/gen_gtwizard_gtye4_top.cmac_usplus_0_gt_gtwizard_gtye4_inst/gen_gtwizard_gtye4.gen_channel_container[1].gen_enabled_channel.gtye4_channel_wrapper_inst/channel_inst/gtye4_channel_gen.gen_gtye4_channel_inst[1].GTYE4_CHANNEL_PRIM_INST/TXDATA[12]
                            (rising edge-triggered cell GTYE4_CHANNEL clocked by txoutclk_out[0]  {rise@0.000ns fall@1.552ns period=3.103ns})
  Path Group:             txoutclk_out[0]
  Path Type:              Hold (Min at Slow Process Corner)
  Requirement:            0.000ns  (txoutclk_out[0] rise@0.000ns - txoutclk_out[0] rise@0.000ns)
  Data Path Delay:        0.375ns  (logic 0.058ns (15.467%)  route 0.317ns (84.533%))
  Logic Levels:           0  
  Clock Path Skew:        0.160ns (DCD - SCD - CPR)
    Destination Clock Delay (DCD):    1.628ns
    Source Clock Delay      (SCD):    1.390ns
    Clock Pessimism Removal (CPR):    0.078ns
  Clock Net Delay (Source):      1.198ns (routing 0.498ns, distribution 0.700ns)
  Clock Net Delay (Destination): 1.413ns (routing 0.553ns, distribution 0.860ns)

    Location             Delay type                Incr(ns)  Path(ns)    Netlist Resource(s)
  -------------------------------------------------------------------    -------------------
                         (clock txoutclk_out[0] rise edge)
                                                      0.000     0.000 r  
    GTYE4_CHANNEL_X0Y4   GTYE4_CHANNEL                0.000     0.000 r  core_inst/cmac_inst/inst/cmac_usplus_0_gt_i/inst/gen_gtwizard_gtye4_top.cmac_usplus_0_gt_gtwizard_gtye4_inst/gen_gtwizard_gtye4.gen_channel_container[1].gen_enabled_channel.gtye4_channel_wrapper_inst/channel_inst/gtye4_channel_gen.gen_gtye4_channel_inst[0].GTYE4_CHANNEL_PRIM_INST/TXOUTCLK
                         net (fo=2, routed)           0.078     0.078    core_inst/cmac_inst/inst/cmac_gtwiz_userclk_tx_inst/txoutclk_out[0]
    BUFG_GT_X0Y102       BUFG_GT (Prop_BUFG_GT_I_O)
                                                      0.114     0.192 r  core_inst/cmac_inst/inst/cmac_gtwiz_userclk_tx_inst/gen_gtwiz_userclk_tx_main.bufg_gt_usrclk_inst/O
    X0Y3 (CLOCK_ROOT)    net (fo=2722, routed)        1.198     1.390    core_inst/cmac_inst/inst/i_cmac_usplus_0_tx_sync/ctrl1_out_reg[55]_1
    SLICE_X5Y239         FDRE                                         r  core_inst/cmac_inst/inst/i_cmac_usplus_0_tx_sync/data_out_reg[140]/C
  -------------------------------------------------------------------    -------------------
    SLICE_X5Y239         FDRE (Prop_GFF_SLICEM_C_Q)
                                                      0.058     1.448 r  core_inst/cmac_inst/inst/i_cmac_usplus_0_tx_sync/data_out_reg[140]/Q
                         net (fo=1, routed)           0.317     1.765    core_inst/cmac_inst/inst/cmac_usplus_0_gt_i/inst/gen_gtwizard_gtye4_top.cmac_usplus_0_gt_gtwizard_gtye4_inst/gen_gtwizard_gtye4.gen_channel_container[1].gen_enabled_channel.gtye4_channel_wrapper_inst/channel_inst/txdata_in[76]
    GTYE4_CHANNEL_X0Y5   GTYE4_CHANNEL                                r  core_inst/cmac_inst/inst/cmac_usplus_0_gt_i/inst/gen_gtwizard_gtye4_top.cmac_usplus_0_gt_gtwizard_gtye4_inst/gen_gtwizard_gtye4.gen_channel_container[1].gen_enabled_channel.gtye4_channel_wrapper_inst/channel_inst/gtye4_channel_gen.gen_gtye4_channel_inst[1].GTYE4_CHANNEL_PRIM_INST/TXDATA[12]
  -------------------------------------------------------------------    -------------------

                         (clock txoutclk_out[0] rise edge)
                                                      0.000     0.000 r  
    GTYE4_CHANNEL_X0Y4   GTYE4_CHANNEL                0.000     0.000 r  core_inst/cmac_inst/inst/cmac_usplus_0_gt_i/inst/gen_gtwizard_gtye4_top.cmac_usplus_0_gt_gtwizard_gtye4_inst/gen_gtwizard_gtye4.gen_channel_container[1].gen_enabled_channel.gtye4_channel_wrapper_inst/channel_inst/gtye4_channel_gen.gen_gtye4_channel_inst[0].GTYE4_CHANNEL_PRIM_INST/TXOUTCLK
                         net (fo=2, routed)           0.085     0.085    core_inst/cmac_inst/inst/cmac_gtwiz_userclk_tx_inst/txoutclk_out[0]
    BUFG_GT_X0Y102       BUFG_GT (Prop_BUFG_GT_I_O)
                                                      0.130     0.215 r  core_inst/cmac_inst/inst/cmac_gtwiz_userclk_tx_inst/gen_gtwiz_userclk_tx_main.bufg_gt_usrclk_inst/O
    X0Y3 (CLOCK_ROOT)    net (fo=2722, routed)        1.413     1.628    core_inst/cmac_inst/inst/cmac_usplus_0_gt_i/inst/gen_gtwizard_gtye4_top.cmac_usplus_0_gt_gtwizard_gtye4_inst/gen_gtwizard_gtye4.gen_channel_container[1].gen_enabled_channel.gtye4_channel_wrapper_inst/channel_inst/txusrclk_in[0]
    GTYE4_CHANNEL_X0Y5   GTYE4_CHANNEL                                r  core_inst/cmac_inst/inst/cmac_usplus_0_gt_i/inst/gen_gtwizard_gtye4_top.cmac_usplus_0_gt_gtwizard_gtye4_inst/gen_gtwizard_gtye4.gen_channel_container[1].gen_enabled_channel.gtye4_channel_wrapper_inst/channel_inst/gtye4_channel_gen.gen_gtye4_channel_inst[1].GTYE4_CHANNEL_PRIM_INST/TXUSRCLK2
                         clock pessimism             -0.078     1.550    
    GTYE4_CHANNEL_X0Y5   GTYE4_CHANNEL (Hold_GTYE4_CHANNEL_TXUSRCLK2_TXDATA[12])
                                                      0.196     1.746    core_inst/cmac_inst/inst/cmac_usplus_0_gt_i/inst/gen_gtwizard_gtye4_top.cmac_usplus_0_gt_gtwizard_gtye4_inst/gen_gtwizard_gtye4.gen_channel_container[1].gen_enabled_channel.gtye4_channel_wrapper_inst/channel_inst/gtye4_channel_gen.gen_gtye4_channel_inst[1].GTYE4_CHANNEL_PRIM_INST
  -------------------------------------------------------------------
                         required time                         -1.746    
                         arrival time                           1.765    
  -------------------------------------------------------------------
                         slack                                  0.019    





Pulse Width Checks
--------------------------------------------------------------------------------------
Clock Name:         txoutclk_out[0]
Waveform(ns):       { 0.000 1.552 }
Period(ns):         3.103
Sources:            { core_inst/cmac_inst/inst/cmac_usplus_0_gt_i/inst/gen_gtwizard_gtye4_top.cmac_usplus_0_gt_gtwizard_gtye4_inst/gen_gtwizard_gtye4.gen_channel_container[1].gen_enabled_channel.gtye4_channel_wrapper_inst/channel_inst/gtye4_channel_gen.gen_gtye4_channel_inst[0].GTYE4_CHANNEL_PRIM_INST/TXOUTCLK }

Check Type        Corner  Lib Pin                 Reference Pin            Required(ns)  Actual(ns)  Slack(ns)  Location            Pin
Min Period        n/a     CMACE4/RX_CLK           n/a                      2.560         3.103       0.543      CMACE4_X0Y0         core_inst/cmac_inst/inst/i_cmac_usplus_0_top/obsibdaaf4ker2wujpra0sjb/RX_CLK
Low Pulse Width   Slow    GTYE4_CHANNEL/TXUSRCLK  n/a                      0.880         1.552       0.672      GTYE4_CHANNEL_X0Y4  core_inst/cmac_inst/inst/cmac_usplus_0_gt_i/inst/gen_gtwizard_gtye4_top.cmac_usplus_0_gt_gtwizard_gtye4_inst/gen_gtwizard_gtye4.gen_channel_container[1].gen_enabled_channel.gtye4_channel_wrapper_inst/channel_inst/gtye4_channel_gen.gen_gtye4_channel_inst[0].GTYE4_CHANNEL_PRIM_INST/TXUSRCLK
High Pulse Width  Slow    GTYE4_CHANNEL/TXUSRCLK  n/a                      0.880         1.552       0.672      GTYE4_CHANNEL_X0Y4  core_inst/cmac_inst/inst/cmac_usplus_0_gt_i/inst/gen_gtwizard_gtye4_top.cmac_usplus_0_gt_gtwizard_gtye4_inst/gen_gtwizard_gtye4.gen_channel_container[1].gen_enabled_channel.gtye4_channel_wrapper_inst/channel_inst/gtye4_channel_gen.gen_gtye4_channel_inst[0].GTYE4_CHANNEL_PRIM_INST/TXUSRCLK
Max Skew          Slow    GTYE4_CHANNEL/TXUSRCLK  GTYE4_CHANNEL/TXUSRCLK2  0.624         0.024       0.600      GTYE4_CHANNEL_X0Y5  core_inst/cmac_inst/inst/cmac_usplus_0_gt_i/inst/gen_gtwizard_gtye4_top.cmac_usplus_0_gt_gtwizard_gtye4_inst/gen_gtwizard_gtye4.gen_channel_container[1].gen_enabled_channel.gtye4_channel_wrapper_inst/channel_inst/gtye4_channel_gen.gen_gtye4_channel_inst[1].GTYE4_CHANNEL_PRIM_INST/TXUSRCLK



---------------------------------------------------------------------------------------------------
From Clock:  mmcm_clkout5
  To Clock:  mmcm_clkout0

Setup :            0  Failing Endpoints,  Worst Slack        1.944ns,  Total Violation        0.000ns
Hold  :           NA  Failing Endpoints,  Worst Slack           NA  ,  Total Violation           NA
---------------------------------------------------------------------------------------------------


Max Delay Paths
--------------------------------------------------------------------------------------
Slack (MET) :             1.944ns  (required time - arrival time)
  Source:                 core_inst/ddr_inst/u_ddr4/inst/u_ddr4_mem_intfc/u_ddr_cal_top/u_ddr_cal/u_xsdb_arbiter/slave_addr_r_reg[12]/C
                            (rising edge-triggered cell FDRE clocked by mmcm_clkout5  {rise@0.000ns fall@6.664ns period=13.328ns})
  Destination:            core_inst/ddr_inst/u_ddr4/inst/u_ddr4_mem_intfc/u_ddr_cal_top/u_ddr_cal/u_xsdb_arbiter/u_slave_addr_sync/SYNC[12].sync_reg_reg[0]/D
                            (rising edge-triggered cell FDRE clocked by mmcm_clkout0  {rise@0.000ns fall@1.666ns period=3.332ns})
  Path Group:             mmcm_clkout0
  Path Type:              Setup (Max at Slow Process Corner)
  Requirement:            3.000ns  (MaxDelay Path 3.000ns)
  Data Path Delay:        1.081ns  (logic 0.079ns (7.308%)  route 1.002ns (92.692%))
  Logic Levels:           0  
  Timing Exception:       MaxDelay Path 3.000ns -datapath_only

    Location             Delay type                Incr(ns)  Path(ns)    Netlist Resource(s)
  -------------------------------------------------------------------    -------------------
    SLICE_X81Y190                                     0.000     0.000 r  core_inst/ddr_inst/u_ddr4/inst/u_ddr4_mem_intfc/u_ddr_cal_top/u_ddr_cal/u_xsdb_arbiter/slave_addr_r_reg[12]/C
    SLICE_X81Y190        FDRE (Prop_HFF_SLICEL_C_Q)
                                                      0.079     0.079 r  core_inst/ddr_inst/u_ddr4/inst/u_ddr4_mem_intfc/u_ddr_cal_top/u_ddr_cal/u_xsdb_arbiter/slave_addr_r_reg[12]/Q
                         net (fo=1, routed)           1.002     1.081    core_inst/ddr_inst/u_ddr4/inst/u_ddr4_mem_intfc/u_ddr_cal_top/u_ddr_cal/u_xsdb_arbiter/u_slave_addr_sync/out[12]
    SLICE_X82Y187        FDRE                                         r  core_inst/ddr_inst/u_ddr4/inst/u_ddr4_mem_intfc/u_ddr_cal_top/u_ddr_cal/u_xsdb_arbiter/u_slave_addr_sync/SYNC[12].sync_reg_reg[0]/D
  -------------------------------------------------------------------    -------------------

                         max delay                    3.000     3.000    
    SLICE_X82Y187        FDRE (Setup_DFF2_SLICEM_C_D)
                                                      0.025     3.025    core_inst/ddr_inst/u_ddr4/inst/u_ddr4_mem_intfc/u_ddr_cal_top/u_ddr_cal/u_xsdb_arbiter/u_slave_addr_sync/SYNC[12].sync_reg_reg[0]
  -------------------------------------------------------------------
                         required time                          3.025    
                         arrival time                          -1.081    
  -------------------------------------------------------------------
                         slack                                  1.944    





---------------------------------------------------------------------------------------------------
From Clock:  mmcm_clkout6
  To Clock:  mmcm_clkout0

Setup :            0  Failing Endpoints,  Worst Slack        1.380ns,  Total Violation        0.000ns
Hold  :           NA  Failing Endpoints,  Worst Slack           NA  ,  Total Violation           NA
---------------------------------------------------------------------------------------------------


Max Delay Paths
--------------------------------------------------------------------------------------
Slack (MET) :             1.380ns  (required time - arrival time)
  Source:                 core_inst/ddr_inst/u_ddr4/inst/u_ddr4_mem_intfc/u_ddr_cal_riu/io_address_riuclk_reg[5]/C
                            (rising edge-triggered cell FDRE clocked by mmcm_clkout6  {rise@0.000ns fall@3.332ns period=6.664ns})
  Destination:            core_inst/ddr_inst/u_ddr4/inst/u_ddr4_mem_intfc/u_io_addr_sync/SYNC[5].sync_reg_reg[0]/D
                            (rising edge-triggered cell FDRE clocked by mmcm_clkout0  {rise@0.000ns fall@1.666ns period=3.332ns})
  Path Group:             mmcm_clkout0
  Path Type:              Setup (Max at Slow Process Corner)
  Requirement:            3.000ns  (MaxDelay Path 3.000ns)
  Data Path Delay:        1.645ns  (logic 0.078ns (4.741%)  route 1.567ns (95.259%))
  Logic Levels:           0  
  Timing Exception:       MaxDelay Path 3.000ns -datapath_only

    Location             Delay type                Incr(ns)  Path(ns)    Netlist Resource(s)
  -------------------------------------------------------------------    -------------------
    SLICE_X87Y187                                     0.000     0.000 r  core_inst/ddr_inst/u_ddr4/inst/u_ddr4_mem_intfc/u_ddr_cal_riu/io_address_riuclk_reg[5]/C
    SLICE_X87Y187        FDRE (Prop_GFF_SLICEM_C_Q)
                                                      0.078     0.078 r  core_inst/ddr_inst/u_ddr4/inst/u_ddr4_mem_intfc/u_ddr_cal_riu/io_address_riuclk_reg[5]/Q
                         net (fo=52, routed)          1.567     1.645    core_inst/ddr_inst/u_ddr4/inst/u_ddr4_mem_intfc/u_io_addr_sync/SYNC[31].sync_reg_reg[0]_0[5]
    SLICE_X86Y195        FDRE                                         r  core_inst/ddr_inst/u_ddr4/inst/u_ddr4_mem_intfc/u_io_addr_sync/SYNC[5].sync_reg_reg[0]/D
  -------------------------------------------------------------------    -------------------

                         max delay                    3.000     3.000    
    SLICE_X86Y195        FDRE (Setup_DFF2_SLICEM_C_D)
                                                      0.025     3.025    core_inst/ddr_inst/u_ddr4/inst/u_ddr4_mem_intfc/u_io_addr_sync/SYNC[5].sync_reg_reg[0]
  -------------------------------------------------------------------
                         required time                          3.025    
                         arrival time                          -1.645    
  -------------------------------------------------------------------
                         slack                                  1.380    





---------------------------------------------------------------------------------------------------
From Clock:  clk_125_mmcm
  To Clock:  mmcm_clkout0

Setup :            0  Failing Endpoints,  Worst Slack        7.450ns,  Total Violation        0.000ns
Hold  :           NA  Failing Endpoints,  Worst Slack           NA  ,  Total Violation           NA
---------------------------------------------------------------------------------------------------


Max Delay Paths
--------------------------------------------------------------------------------------
Slack (MET) :             7.450ns  (required time - arrival time)
  Source:                 core_inst/ddr_inst/u_wfifo/fifo_inst/wr_ptr_gray_reg_reg[5]/C
                            (rising edge-triggered cell FDRE clocked by clk_125_mmcm  {rise@0.000ns fall@4.000ns period=8.000ns})
  Destination:            core_inst/ddr_inst/u_wfifo/fifo_inst/wr_ptr_gray_sync1_reg_reg[5]/D
                            (rising edge-triggered cell FDRE clocked by mmcm_clkout0  {rise@0.000ns fall@1.666ns period=3.332ns})
  Path Group:             mmcm_clkout0
  Path Type:              Setup (Max at Slow Process Corner)
  Requirement:            8.000ns  (MaxDelay Path 8.000ns)
  Data Path Delay:        0.575ns  (logic 0.078ns (13.565%)  route 0.497ns (86.435%))
  Logic Levels:           0  
  Timing Exception:       MaxDelay Path 8.000ns -datapath_only

    Location             Delay type                Incr(ns)  Path(ns)    Netlist Resource(s)
  -------------------------------------------------------------------    -------------------
    SLICE_X72Y296                                     0.000     0.000 r  core_inst/ddr_inst/u_wfifo/fifo_inst/wr_ptr_gray_reg_reg[5]/C
    SLICE_X72Y296        FDRE (Prop_DFF_SLICEM_C_Q)
                                                      0.078     0.078 r  core_inst/ddr_inst/u_wfifo/fifo_inst/wr_ptr_gray_reg_reg[5]/Q
                         net (fo=2, routed)           0.497     0.575    core_inst/ddr_inst/u_wfifo/fifo_inst/wr_ptr_gray_reg[5]
    SLICE_X72Y294        FDRE                                         r  core_inst/ddr_inst/u_wfifo/fifo_inst/wr_ptr_gray_sync1_reg_reg[5]/D
  -------------------------------------------------------------------    -------------------

                         max delay                    8.000     8.000    
    SLICE_X72Y294        FDRE (Setup_DFF2_SLICEM_C_D)
                                                      0.025     8.025    core_inst/ddr_inst/u_wfifo/fifo_inst/wr_ptr_gray_sync1_reg_reg[5]
  -------------------------------------------------------------------
                         required time                          8.025    
                         arrival time                          -0.575    
  -------------------------------------------------------------------
                         slack                                  7.450    





---------------------------------------------------------------------------------------------------
From Clock:  clk_400_mmcm
  To Clock:  mmcm_clkout0

Setup :            0  Failing Endpoints,  Worst Slack        2.016ns,  Total Violation        0.000ns
Hold  :           NA  Failing Endpoints,  Worst Slack           NA  ,  Total Violation           NA
---------------------------------------------------------------------------------------------------


Max Delay Paths
--------------------------------------------------------------------------------------
Slack (MET) :             2.016ns  (required time - arrival time)
  Source:                 core_inst/ddr_inst/u_rfifo/fifo_inst/rd_ptr_gray_reg_reg[0]/C
                            (rising edge-triggered cell FDRE clocked by clk_400_mmcm  {rise@0.000ns fall@1.250ns period=2.500ns})
  Destination:            core_inst/ddr_inst/u_rfifo/fifo_inst/rd_ptr_gray_sync1_reg_reg[0]/D
                            (rising edge-triggered cell FDRE clocked by mmcm_clkout0  {rise@0.000ns fall@1.666ns period=3.332ns})
  Path Group:             mmcm_clkout0
  Path Type:              Setup (Max at Slow Process Corner)
  Requirement:            2.500ns  (MaxDelay Path 2.500ns)
  Data Path Delay:        0.509ns  (logic 0.080ns (15.705%)  route 0.429ns (84.295%))
  Logic Levels:           0  
  Timing Exception:       MaxDelay Path 2.500ns -datapath_only

    Location             Delay type                Incr(ns)  Path(ns)    Netlist Resource(s)
  -------------------------------------------------------------------    -------------------
    SLICE_X67Y244                                     0.000     0.000 r  core_inst/ddr_inst/u_rfifo/fifo_inst/rd_ptr_gray_reg_reg[0]/C
    SLICE_X67Y244        FDRE (Prop_BFF2_SLICEM_C_Q)
                                                      0.080     0.080 r  core_inst/ddr_inst/u_rfifo/fifo_inst/rd_ptr_gray_reg_reg[0]/Q
                         net (fo=2, routed)           0.429     0.509    core_inst/ddr_inst/u_rfifo/fifo_inst/rd_ptr_gray_reg_reg_n_0_[0]
    SLICE_X67Y244        FDRE                                         r  core_inst/ddr_inst/u_rfifo/fifo_inst/rd_ptr_gray_sync1_reg_reg[0]/D
  -------------------------------------------------------------------    -------------------

                         max delay                    2.500     2.500    
    SLICE_X67Y244        FDRE (Setup_HFF2_SLICEM_C_D)
                                                      0.025     2.525    core_inst/ddr_inst/u_rfifo/fifo_inst/rd_ptr_gray_sync1_reg_reg[0]
  -------------------------------------------------------------------
                         required time                          2.525    
                         arrival time                          -0.509    
  -------------------------------------------------------------------
                         slack                                  2.016    





---------------------------------------------------------------------------------------------------
From Clock:  mmcm_clkout0
  To Clock:  pll_clk[0]_DIV

Setup :            0  Failing Endpoints,  Worst Slack        0.660ns,  Total Violation        0.000ns
Hold  :            0  Failing Endpoints,  Worst Slack        0.629ns,  Total Violation        0.000ns
---------------------------------------------------------------------------------------------------


Max Delay Paths
--------------------------------------------------------------------------------------
Slack (MET) :             0.660ns  (required time - arrival time)
  Source:                 core_inst/ddr_inst/u_ddr4/inst/u_ddr4_mem_intfc/u_ddr_cal_top/u_ddr_mc_pi/u_ddr_mc_write/genByte[7].u_ddr_mc_wr_byte/genBit[0].u_ddr_mc_wr_bit/dReg_reg[7]/C
                            (rising edge-triggered cell FDRE clocked by mmcm_clkout0  {rise@0.000ns fall@1.666ns period=3.332ns})
  Destination:            core_inst/ddr_inst/u_ddr4/inst/u_ddr4_mem_intfc/u_mig_ddr4_phy/inst/generate_block1.u_ddr_xiphy/byte_num[0].xiphy_byte_wrapper.u_xiphy_byte_wrapper/I_BITSLICE_LOWER[4].GEN_RXTX_BITSLICE_EN.u_xiphy_bitslice_lower/xiphy_rxtx_bitslice/D[7]
                            (rising edge-triggered cell RXTX_BITSLICE clocked by pll_clk[0]_DIV  {rise@0.000ns fall@1.666ns period=3.332ns})
  Path Group:             pll_clk[0]_DIV
  Path Type:              Setup (Max at Slow Process Corner)
  Requirement:            3.332ns  (pll_clk[0]_DIV rise@3.332ns - mmcm_clkout0 rise@0.000ns)
  Data Path Delay:        1.889ns  (logic 0.079ns (4.182%)  route 1.810ns (95.818%))
  Logic Levels:           0  
  Clock Path Skew:        -0.542ns (DCD - SCD + CPR)
    Destination Clock Delay (DCD):    2.370ns = ( 5.702 - 3.332 ) 
    Source Clock Delay      (SCD):    2.383ns
    Clock Pessimism Removal (CPR):    -0.528ns
  Clock Uncertainty:      0.157ns  ((TSJ^2 + DJ^2)^1/2) / 2 + PE
    Total System Jitter     (TSJ):    0.071ns
    Discrete Jitter          (DJ):    0.064ns
    Phase Error              (PE):    0.109ns
  Clock Net Delay (Source):      1.154ns (routing 0.171ns, distribution 0.983ns)

    Location             Delay type                Incr(ns)  Path(ns)    Netlist Resource(s)
  -------------------------------------------------------------------    -------------------
                         (clock mmcm_clkout0 rise edge)
                                                      0.000     0.000 r  
    G13                                               0.000     0.000 r  c0_sys_clk_p (IN)
                         net (fo=0)                   0.100     0.100    core_inst/ddr_inst/u_ddr4/inst/u_ddr4_mem_intfc/u_mig_ddr4_phy/inst/u_ddr4_phy_pll/diff_input_clk.u_ibufg_sys_clk/I
    HPIOBDIFFINBUF_X0Y108
                         DIFFINBUF (Prop_DIFFINBUF_HPIOBDIFFINBUF_DIFF_IN_P_O)
                                                      0.549     0.649 r  core_inst/ddr_inst/u_ddr4/inst/u_ddr4_mem_intfc/u_mig_ddr4_phy/inst/u_ddr4_phy_pll/diff_input_clk.u_ibufg_sys_clk/DIFFINBUF_INST/O
                         net (fo=1, routed)           0.050     0.699    core_inst/ddr_inst/u_ddr4/inst/u_ddr4_mem_intfc/u_mig_ddr4_phy/inst/u_ddr4_phy_pll/diff_input_clk.u_ibufg_sys_clk/OUT
    G13                  IBUFCTRL (Prop_IBUFCTRL_HPIOB_M_I_O)
                                                      0.000     0.699 r  core_inst/ddr_inst/u_ddr4/inst/u_ddr4_mem_intfc/u_mig_ddr4_phy/inst/u_ddr4_phy_pll/diff_input_clk.u_ibufg_sys_clk/IBUFCTRL_INST/O
                         net (fo=2, routed)           0.384     1.083    core_inst/ddr_inst/u_ddr4/inst/u_ddr4_infrastructure/mmcm_clk_in
    MMCM_X0Y4            MMCME4_ADV (Prop_MMCM_CLKIN1_CLKOUT0)
                                                     -0.127     0.956 r  core_inst/ddr_inst/u_ddr4/inst/u_ddr4_infrastructure/gen_mmcme4.u_mmcme_adv_inst/CLKOUT0
                         net (fo=1, routed)           0.245     1.201    core_inst/ddr_inst/u_ddr4/inst/u_ddr4_infrastructure/mmcm_clkout0
    BUFGCE_X0Y118        BUFGCE (Prop_BUFCE_BUFGCE_I_O)
                                                      0.028     1.229 r  core_inst/ddr_inst/u_ddr4/inst/u_ddr4_infrastructure/u_bufg_divClk/O
    X4Y4 (CLOCK_ROOT)    net (fo=25160, routed)       1.154     2.383    core_inst/ddr_inst/u_ddr4/inst/u_ddr4_mem_intfc/u_ddr_cal_top/u_ddr_mc_pi/u_ddr_mc_write/genByte[7].u_ddr_mc_wr_byte/genBit[0].u_ddr_mc_wr_bit/wosp_reg[2]_rep__7_1
    SLICE_X81Y297        FDRE                                         r  core_inst/ddr_inst/u_ddr4/inst/u_ddr4_mem_intfc/u_ddr_cal_top/u_ddr_mc_pi/u_ddr_mc_write/genByte[7].u_ddr_mc_wr_byte/genBit[0].u_ddr_mc_wr_bit/dReg_reg[7]/C
  -------------------------------------------------------------------    -------------------
    SLICE_X81Y297        FDRE (Prop_AFF_SLICEL_C_Q)
                                                      0.079     2.462 r  core_inst/ddr_inst/u_ddr4/inst/u_ddr4_mem_intfc/u_ddr_cal_top/u_ddr_mc_pi/u_ddr_mc_write/genByte[7].u_ddr_mc_wr_byte/genBit[0].u_ddr_mc_wr_bit/dReg_reg[7]/Q
                         net (fo=1, routed)           1.810     4.272    core_inst/ddr_inst/u_ddr4/inst/u_ddr4_mem_intfc/u_mig_ddr4_phy/inst/generate_block1.u_ddr_xiphy/byte_num[0].xiphy_byte_wrapper.u_xiphy_byte_wrapper/I_BITSLICE_LOWER[4].GEN_RXTX_BITSLICE_EN.u_xiphy_bitslice_lower/ch0_mcal_DQOut[7]
    BITSLICE_RX_TX_X0Y160
                         RXTX_BITSLICE                                r  core_inst/ddr_inst/u_ddr4/inst/u_ddr4_mem_intfc/u_mig_ddr4_phy/inst/generate_block1.u_ddr_xiphy/byte_num[0].xiphy_byte_wrapper.u_xiphy_byte_wrapper/I_BITSLICE_LOWER[4].GEN_RXTX_BITSLICE_EN.u_xiphy_bitslice_lower/xiphy_rxtx_bitslice/D[7]
  -------------------------------------------------------------------    -------------------

                         (clock pll_clk[0]_DIV rise edge)
                                                      3.332     3.332 r  
    G13                                               0.000     3.332 r  c0_sys_clk_p (IN)
                         net (fo=0)                   0.079     3.411    core_inst/ddr_inst/u_ddr4/inst/u_ddr4_mem_intfc/u_mig_ddr4_phy/inst/u_ddr4_phy_pll/diff_input_clk.u_ibufg_sys_clk/I
    HPIOBDIFFINBUF_X0Y108
                         DIFFINBUF (Prop_DIFFINBUF_HPIOBDIFFINBUF_DIFF_IN_P_O)
                                                      0.453     3.864 r  core_inst/ddr_inst/u_ddr4/inst/u_ddr4_mem_intfc/u_mig_ddr4_phy/inst/u_ddr4_phy_pll/diff_input_clk.u_ibufg_sys_clk/DIFFINBUF_INST/O
                         net (fo=1, routed)           0.040     3.904    core_inst/ddr_inst/u_ddr4/inst/u_ddr4_mem_intfc/u_mig_ddr4_phy/inst/u_ddr4_phy_pll/diff_input_clk.u_ibufg_sys_clk/OUT
    G13                  IBUFCTRL (Prop_IBUFCTRL_HPIOB_M_I_O)
                                                      0.000     3.904 r  core_inst/ddr_inst/u_ddr4/inst/u_ddr4_mem_intfc/u_mig_ddr4_phy/inst/u_ddr4_phy_pll/diff_input_clk.u_ibufg_sys_clk/IBUFCTRL_INST/O
                         net (fo=2, routed)           0.333     4.237    core_inst/ddr_inst/u_ddr4/inst/u_ddr4_infrastructure/mmcm_clk_in
    MMCM_X0Y4            MMCME4_ADV (Prop_MMCM_CLKIN1_CLKOUT0)
                                                      0.630     4.867 r  core_inst/ddr_inst/u_ddr4/inst/u_ddr4_infrastructure/gen_mmcme4.u_mmcme_adv_inst/CLKOUT0
                         net (fo=1, routed)           0.215     5.082    core_inst/ddr_inst/u_ddr4/inst/u_ddr4_infrastructure/mmcm_clkout0
    BUFGCE_X0Y118        BUFGCE (Prop_BUFCE_BUFGCE_I_O)
                                                      0.024     5.106 r  core_inst/ddr_inst/u_ddr4/inst/u_ddr4_infrastructure/u_bufg_divClk/O
                         net (fo=25160, routed)       0.880     5.986    core_inst/ddr_inst/u_ddr4/inst/u_ddr4_mem_intfc/u_mig_ddr4_phy/inst/u_ddr4_phy_pll/div_clk
    PLL_X0Y7             PLLE4_ADV (Prop_PLL_CLKIN_CLKOUTPHY)
                                                     -0.713     5.273 r  core_inst/ddr_inst/u_ddr4/inst/u_ddr4_mem_intfc/u_mig_ddr4_phy/inst/u_ddr4_phy_pll/plle_loop[0].gen_plle4.PLLE4_BASE_INST_OTHER/CLKOUTPHY
                         net (fo=8, routed)           0.097     5.370    core_inst/ddr_inst/u_ddr4/inst/u_ddr4_mem_intfc/u_mig_ddr4_phy/inst/generate_block1.u_ddr_xiphy/byte_num[0].xiphy_byte_wrapper.u_xiphy_byte_wrapper/I_CONTROL[0].GEN_I_CONTROL.u_xiphy_control/pll_clk[0]
    BITSLICE_CONTROL_X0Y24
                         BITSLICE_CONTROL (Prop_CONTROL_BITSLICE_CONTROL_PLL_CLK_TX_DIV2_CLK_Q)
                                                      0.117     5.487 r  core_inst/ddr_inst/u_ddr4/inst/u_ddr4_mem_intfc/u_mig_ddr4_phy/inst/generate_block1.u_ddr_xiphy/byte_num[0].xiphy_byte_wrapper.u_xiphy_byte_wrapper/I_CONTROL[0].GEN_I_CONTROL.u_xiphy_control/xiphy_control/TX_DIV2_CLK_Q
    BITSLICE_CONTROL_X0Y24
                         BITSLICE_CONTROL (Prop_CONTROL_BITSLICE_CONTROL_TX_DIV2_CLK_Q_TX_DIV4_CLK_Q)
                                                      0.075     5.562 r  core_inst/ddr_inst/u_ddr4/inst/u_ddr4_mem_intfc/u_mig_ddr4_phy/inst/generate_block1.u_ddr_xiphy/byte_num[0].xiphy_byte_wrapper.u_xiphy_byte_wrapper/I_CONTROL[0].GEN_I_CONTROL.u_xiphy_control/xiphy_control/TX_DIV4_CLK_Q
    BITSLICE_CONTROL_X0Y24
                         BITSLICE_CONTROL (Prop_CONTROL_BITSLICE_CONTROL_TX_DIV4_CLK_Q_TX_BIT_CTRL_OUT4[26])
                                                      0.127     5.689 r  core_inst/ddr_inst/u_ddr4/inst/u_ddr4_mem_intfc/u_mig_ddr4_phy/inst/generate_block1.u_ddr_xiphy/byte_num[0].xiphy_byte_wrapper.u_xiphy_byte_wrapper/I_CONTROL[0].GEN_I_CONTROL.u_xiphy_control/xiphy_control/TX_BIT_CTRL_OUT4[26]
                         net (fo=1, routed)           0.013     5.702    core_inst/ddr_inst/u_ddr4/inst/u_ddr4_mem_intfc/u_mig_ddr4_phy/inst/generate_block1.u_ddr_xiphy/byte_num[0].xiphy_byte_wrapper.u_xiphy_byte_wrapper/I_BITSLICE_LOWER[4].GEN_RXTX_BITSLICE_EN.u_xiphy_bitslice_lower/TX_BIT_CTRL_OUT4[26]
    BITSLICE_RX_TX_X0Y160
                         RXTX_BITSLICE                                r  core_inst/ddr_inst/u_ddr4/inst/u_ddr4_mem_intfc/u_mig_ddr4_phy/inst/generate_block1.u_ddr_xiphy/byte_num[0].xiphy_byte_wrapper.u_xiphy_byte_wrapper/I_BITSLICE_LOWER[4].GEN_RXTX_BITSLICE_EN.u_xiphy_bitslice_lower/xiphy_rxtx_bitslice/TX_BIT_CTRL_IN[26]
                         clock pessimism             -0.528     5.173    
                         clock uncertainty           -0.157     5.016    
    BITSLICE_RX_TX_X0Y160
                         RXTX_BITSLICE (Setup_RXTX_BITSLICE_BITSLICE_RX_TX_TX_BIT_CTRL_IN[26]_D[7])
                                                     -0.084     4.932    core_inst/ddr_inst/u_ddr4/inst/u_ddr4_mem_intfc/u_mig_ddr4_phy/inst/generate_block1.u_ddr_xiphy/byte_num[0].xiphy_byte_wrapper.u_xiphy_byte_wrapper/I_BITSLICE_LOWER[4].GEN_RXTX_BITSLICE_EN.u_xiphy_bitslice_lower/xiphy_rxtx_bitslice
  -------------------------------------------------------------------
                         required time                          4.932    
                         arrival time                          -4.272    
  -------------------------------------------------------------------
                         slack                                  0.660    





Min Delay Paths
--------------------------------------------------------------------------------------
Slack (MET) :             0.629ns  (arrival time - required time)
  Source:                 core_inst/ddr_inst/u_ddr4/inst/u_ddr4_mem_intfc/u_ddr_cal_top/u_ddr_mc_pi/rdEn[6].u_ddr_mc_rd_en_low/rdEn_reg[3]/C
                            (rising edge-triggered cell FDRE clocked by mmcm_clkout0  {rise@0.000ns fall@1.666ns period=3.332ns})
  Destination:            core_inst/ddr_inst/u_ddr4/inst/u_ddr4_mem_intfc/u_mig_ddr4_phy/inst/generate_block1.u_ddr_xiphy/byte_num[3].xiphy_byte_wrapper.u_xiphy_byte_wrapper/I_CONTROL[0].GEN_I_CONTROL.u_xiphy_control/xiphy_control/PHY_RDEN[3]
                            (rising edge-triggered cell BITSLICE_CONTROL clocked by pll_clk[0]_DIV  {rise@0.000ns fall@1.666ns period=3.332ns})
  Path Group:             pll_clk[0]_DIV
  Path Type:              Hold (Min at Slow Process Corner)
  Requirement:            0.000ns  (pll_clk[0]_DIV rise@0.000ns - mmcm_clkout0 rise@0.000ns)
  Data Path Delay:        0.301ns  (logic 0.059ns (19.601%)  route 0.242ns (80.399%))
  Logic Levels:           0  
  Clock Path Skew:        -0.753ns (DCD - SCD - CPR)
    Destination Clock Delay (DCD):    1.538ns
    Source Clock Delay      (SCD):    2.769ns
    Clock Pessimism Removal (CPR):    -0.478ns
  Clock Uncertainty:      0.157ns  ((TSJ^2 + DJ^2)^1/2) / 2 + PE
    Total System Jitter     (TSJ):    0.071ns
    Discrete Jitter          (DJ):    0.064ns
    Phase Error              (PE):    0.109ns
  Clock Net Delay (Source):      0.996ns (routing 0.155ns, distribution 0.841ns)
  Clock Net Delay (Destination): 0.998ns (routing 0.171ns, distribution 0.827ns)

    Location             Delay type                Incr(ns)  Path(ns)    Netlist Resource(s)
  -------------------------------------------------------------------    -------------------
                         (clock mmcm_clkout0 rise edge)
                                                      0.000     0.000 r  
    G13                                               0.000     0.000 r  c0_sys_clk_p (IN)
                         net (fo=0)                   0.079     0.079    core_inst/ddr_inst/u_ddr4/inst/u_ddr4_mem_intfc/u_mig_ddr4_phy/inst/u_ddr4_phy_pll/diff_input_clk.u_ibufg_sys_clk/I
    HPIOBDIFFINBUF_X0Y108
                         DIFFINBUF (Prop_DIFFINBUF_HPIOBDIFFINBUF_DIFF_IN_P_O)
                                                      0.453     0.532 r  core_inst/ddr_inst/u_ddr4/inst/u_ddr4_mem_intfc/u_mig_ddr4_phy/inst/u_ddr4_phy_pll/diff_input_clk.u_ibufg_sys_clk/DIFFINBUF_INST/O
                         net (fo=1, routed)           0.040     0.572    core_inst/ddr_inst/u_ddr4/inst/u_ddr4_mem_intfc/u_mig_ddr4_phy/inst/u_ddr4_phy_pll/diff_input_clk.u_ibufg_sys_clk/OUT
    G13                  IBUFCTRL (Prop_IBUFCTRL_HPIOB_M_I_O)
                                                      0.000     0.572 r  core_inst/ddr_inst/u_ddr4/inst/u_ddr4_mem_intfc/u_mig_ddr4_phy/inst/u_ddr4_phy_pll/diff_input_clk.u_ibufg_sys_clk/IBUFCTRL_INST/O
                         net (fo=2, routed)           0.333     0.905    core_inst/ddr_inst/u_ddr4/inst/u_ddr4_infrastructure/mmcm_clk_in
    MMCM_X0Y4            MMCME4_ADV (Prop_MMCM_CLKIN1_CLKOUT0)
                                                      0.630     1.535 r  core_inst/ddr_inst/u_ddr4/inst/u_ddr4_infrastructure/gen_mmcme4.u_mmcme_adv_inst/CLKOUT0
                         net (fo=1, routed)           0.215     1.750    core_inst/ddr_inst/u_ddr4/inst/u_ddr4_infrastructure/mmcm_clkout0
    BUFGCE_X0Y118        BUFGCE (Prop_BUFCE_BUFGCE_I_O)
                                                      0.024     1.774 r  core_inst/ddr_inst/u_ddr4/inst/u_ddr4_infrastructure/u_bufg_divClk/O
    X4Y4 (CLOCK_ROOT)    net (fo=25160, routed)       0.996     2.769    core_inst/ddr_inst/u_ddr4/inst/u_ddr4_mem_intfc/u_ddr_cal_top/u_ddr_mc_pi/rdEn[6].u_ddr_mc_rd_en_low/rsMask_reg[7][12]_0
    SLICE_X81Y212        FDRE                                         r  core_inst/ddr_inst/u_ddr4/inst/u_ddr4_mem_intfc/u_ddr_cal_top/u_ddr_mc_pi/rdEn[6].u_ddr_mc_rd_en_low/rdEn_reg[3]/C
  -------------------------------------------------------------------    -------------------
    SLICE_X81Y212        FDRE (Prop_BFF_SLICEL_C_Q)
                                                      0.059     2.828 r  core_inst/ddr_inst/u_ddr4/inst/u_ddr4_mem_intfc/u_ddr_cal_top/u_ddr_mc_pi/rdEn[6].u_ddr_mc_rd_en_low/rdEn_reg[3]/Q
                         net (fo=1, routed)           0.242     3.070    core_inst/ddr_inst/u_ddr4/inst/u_ddr4_mem_intfc/u_mig_ddr4_phy/inst/generate_block1.u_ddr_xiphy/byte_num[3].xiphy_byte_wrapper.u_xiphy_byte_wrapper/I_CONTROL[0].GEN_I_CONTROL.u_xiphy_control/ch0_mcal_clb2phy_rden_low[3]
    BITSLICE_CONTROL_X0Y30
                         BITSLICE_CONTROL                             r  core_inst/ddr_inst/u_ddr4/inst/u_ddr4_mem_intfc/u_mig_ddr4_phy/inst/generate_block1.u_ddr_xiphy/byte_num[3].xiphy_byte_wrapper.u_xiphy_byte_wrapper/I_CONTROL[0].GEN_I_CONTROL.u_xiphy_control/xiphy_control/PHY_RDEN[3]
  -------------------------------------------------------------------    -------------------

                         (clock pll_clk[0]_DIV rise edge)
                                                      0.000     0.000 f  
    G13                                               0.000     0.000 f  c0_sys_clk_p (IN)
                         net (fo=0)                   0.100     0.100    core_inst/ddr_inst/u_ddr4/inst/u_ddr4_mem_intfc/u_mig_ddr4_phy/inst/u_ddr4_phy_pll/diff_input_clk.u_ibufg_sys_clk/I
    HPIOBDIFFINBUF_X0Y108
                         DIFFINBUF (Prop_DIFFINBUF_HPIOBDIFFINBUF_DIFF_IN_P_O)
                                                      0.549     0.649 f  core_inst/ddr_inst/u_ddr4/inst/u_ddr4_mem_intfc/u_mig_ddr4_phy/inst/u_ddr4_phy_pll/diff_input_clk.u_ibufg_sys_clk/DIFFINBUF_INST/O
                         net (fo=1, routed)           0.050     0.699    core_inst/ddr_inst/u_ddr4/inst/u_ddr4_mem_intfc/u_mig_ddr4_phy/inst/u_ddr4_phy_pll/diff_input_clk.u_ibufg_sys_clk/OUT
    G13                  IBUFCTRL (Prop_IBUFCTRL_HPIOB_M_I_O)
                                                      0.000     0.699 f  core_inst/ddr_inst/u_ddr4/inst/u_ddr4_mem_intfc/u_mig_ddr4_phy/inst/u_ddr4_phy_pll/diff_input_clk.u_ibufg_sys_clk/IBUFCTRL_INST/O
                         net (fo=2, routed)           0.384     1.083    core_inst/ddr_inst/u_ddr4/inst/u_ddr4_infrastructure/mmcm_clk_in
    MMCM_X0Y4            MMCME4_ADV (Prop_MMCM_CLKIN1_CLKOUT0)
                                                     -0.127     0.956 f  core_inst/ddr_inst/u_ddr4/inst/u_ddr4_infrastructure/gen_mmcme4.u_mmcme_adv_inst/CLKOUT0
                         net (fo=1, routed)           0.245     1.201    core_inst/ddr_inst/u_ddr4/inst/u_ddr4_infrastructure/mmcm_clkout0
    BUFGCE_X0Y118        BUFGCE (Prop_BUFCE_BUFGCE_I_O)
                                                      0.028     1.229 f  core_inst/ddr_inst/u_ddr4/inst/u_ddr4_infrastructure/u_bufg_divClk/O
    X4Y4 (CLOCK_ROOT)    net (fo=25160, routed)       0.998     2.227    core_inst/ddr_inst/u_ddr4/inst/u_ddr4_mem_intfc/u_mig_ddr4_phy/inst/u_ddr4_phy_pll/div_clk
    PLL_X0Y7             PLLE4_ADV (Prop_PLL_CLKIN_CLKOUTPHY)
                                                     -1.141     1.086 f  core_inst/ddr_inst/u_ddr4/inst/u_ddr4_mem_intfc/u_mig_ddr4_phy/inst/u_ddr4_phy_pll/plle_loop[0].gen_plle4.PLLE4_BASE_INST_OTHER/CLKOUTPHY
                         net (fo=8, routed)           0.140     1.226    core_inst/ddr_inst/u_ddr4/inst/u_ddr4_mem_intfc/u_mig_ddr4_phy/inst/generate_block1.u_ddr_xiphy/byte_num[3].xiphy_byte_wrapper.u_xiphy_byte_wrapper/I_CONTROL[0].GEN_I_CONTROL.u_xiphy_control/pll_clk[0]
    BITSLICE_CONTROL_X0Y30
                         BITSLICE_CONTROL (Prop_CONTROL_BITSLICE_CONTROL_PLL_CLK_RX_DIV2_CLK_Q)
                                                      0.193     1.419 r  core_inst/ddr_inst/u_ddr4/inst/u_ddr4_mem_intfc/u_mig_ddr4_phy/inst/generate_block1.u_ddr_xiphy/byte_num[3].xiphy_byte_wrapper.u_xiphy_byte_wrapper/I_CONTROL[0].GEN_I_CONTROL.u_xiphy_control/xiphy_control/RX_DIV2_CLK_Q
    BITSLICE_CONTROL_X0Y30
                         BITSLICE_CONTROL (Prop_CONTROL_BITSLICE_CONTROL_RX_DIV2_CLK_Q_RX_DIV4_CLK_Q)
                                                      0.119     1.538 r  core_inst/ddr_inst/u_ddr4/inst/u_ddr4_mem_intfc/u_mig_ddr4_phy/inst/generate_block1.u_ddr_xiphy/byte_num[3].xiphy_byte_wrapper.u_xiphy_byte_wrapper/I_CONTROL[0].GEN_I_CONTROL.u_xiphy_control/xiphy_control/RX_DIV4_CLK_Q
                         clock pessimism              0.478     2.016    
                         clock uncertainty            0.157     2.173    
    BITSLICE_CONTROL_X0Y30
                         BITSLICE_CONTROL (Hold_CONTROL_BITSLICE_CONTROL_RX_DIV4_CLK_Q_PHY_RDEN[3])
                                                      0.268     2.441    core_inst/ddr_inst/u_ddr4/inst/u_ddr4_mem_intfc/u_mig_ddr4_phy/inst/generate_block1.u_ddr_xiphy/byte_num[3].xiphy_byte_wrapper.u_xiphy_byte_wrapper/I_CONTROL[0].GEN_I_CONTROL.u_xiphy_control/xiphy_control
  -------------------------------------------------------------------
                         required time                         -2.441    
                         arrival time                           3.070    
  -------------------------------------------------------------------
                         slack                                  0.629    





---------------------------------------------------------------------------------------------------
From Clock:  mmcm_clkout0
  To Clock:  pll_clk[1]_DIV

Setup :            0  Failing Endpoints,  Worst Slack        0.645ns,  Total Violation        0.000ns
Hold  :            0  Failing Endpoints,  Worst Slack        0.690ns,  Total Violation        0.000ns
---------------------------------------------------------------------------------------------------


Max Delay Paths
--------------------------------------------------------------------------------------
Slack (MET) :             0.645ns  (required time - arrival time)
  Source:                 core_inst/ddr_inst/u_ddr4/inst/u_ddr4_mem_intfc/u_ddr_cal_top/mcal_ODT_dly_reg[0][4]/C
                            (rising edge-triggered cell FDRE clocked by mmcm_clkout0  {rise@0.000ns fall@1.666ns period=3.332ns})
  Destination:            core_inst/ddr_inst/u_ddr4/inst/u_ddr4_mem_intfc/u_mig_ddr4_phy/inst/generate_block1.u_ddr_xiphy/byte_num[7].xiphy_byte_wrapper.u_xiphy_byte_wrapper/I_BITSLICE_UPPER[4].GEN_RXTX_BITSLICE_EN.u_xiphy_bitslice_upper/xiphy_rxtx_bitslice/D[2]
                            (rising edge-triggered cell RXTX_BITSLICE clocked by pll_clk[1]_DIV  {rise@0.000ns fall@1.666ns period=3.332ns})
  Path Group:             pll_clk[1]_DIV
  Path Type:              Setup (Max at Slow Process Corner)
  Requirement:            3.332ns  (pll_clk[1]_DIV rise@3.332ns - mmcm_clkout0 rise@0.000ns)
  Data Path Delay:        1.941ns  (logic 0.078ns (4.018%)  route 1.863ns (95.982%))
  Logic Levels:           0  
  Clock Path Skew:        -0.576ns (DCD - SCD + CPR)
    Destination Clock Delay (DCD):    2.348ns = ( 5.680 - 3.332 ) 
    Source Clock Delay      (SCD):    2.444ns
    Clock Pessimism Removal (CPR):    -0.479ns
  Clock Uncertainty:      0.157ns  ((TSJ^2 + DJ^2)^1/2) / 2 + PE
    Total System Jitter     (TSJ):    0.071ns
    Discrete Jitter          (DJ):    0.064ns
    Phase Error              (PE):    0.109ns
  Clock Net Delay (Source):      1.215ns (routing 0.171ns, distribution 1.044ns)

    Location             Delay type                Incr(ns)  Path(ns)    Netlist Resource(s)
  -------------------------------------------------------------------    -------------------
                         (clock mmcm_clkout0 rise edge)
                                                      0.000     0.000 r  
    G13                                               0.000     0.000 r  c0_sys_clk_p (IN)
                         net (fo=0)                   0.100     0.100    core_inst/ddr_inst/u_ddr4/inst/u_ddr4_mem_intfc/u_mig_ddr4_phy/inst/u_ddr4_phy_pll/diff_input_clk.u_ibufg_sys_clk/I
    HPIOBDIFFINBUF_X0Y108
                         DIFFINBUF (Prop_DIFFINBUF_HPIOBDIFFINBUF_DIFF_IN_P_O)
                                                      0.549     0.649 r  core_inst/ddr_inst/u_ddr4/inst/u_ddr4_mem_intfc/u_mig_ddr4_phy/inst/u_ddr4_phy_pll/diff_input_clk.u_ibufg_sys_clk/DIFFINBUF_INST/O
                         net (fo=1, routed)           0.050     0.699    core_inst/ddr_inst/u_ddr4/inst/u_ddr4_mem_intfc/u_mig_ddr4_phy/inst/u_ddr4_phy_pll/diff_input_clk.u_ibufg_sys_clk/OUT
    G13                  IBUFCTRL (Prop_IBUFCTRL_HPIOB_M_I_O)
                                                      0.000     0.699 r  core_inst/ddr_inst/u_ddr4/inst/u_ddr4_mem_intfc/u_mig_ddr4_phy/inst/u_ddr4_phy_pll/diff_input_clk.u_ibufg_sys_clk/IBUFCTRL_INST/O
                         net (fo=2, routed)           0.384     1.083    core_inst/ddr_inst/u_ddr4/inst/u_ddr4_infrastructure/mmcm_clk_in
    MMCM_X0Y4            MMCME4_ADV (Prop_MMCM_CLKIN1_CLKOUT0)
                                                     -0.127     0.956 r  core_inst/ddr_inst/u_ddr4/inst/u_ddr4_infrastructure/gen_mmcme4.u_mmcme_adv_inst/CLKOUT0
                         net (fo=1, routed)           0.245     1.201    core_inst/ddr_inst/u_ddr4/inst/u_ddr4_infrastructure/mmcm_clkout0
    BUFGCE_X0Y118        BUFGCE (Prop_BUFCE_BUFGCE_I_O)
                                                      0.028     1.229 r  core_inst/ddr_inst/u_ddr4/inst/u_ddr4_infrastructure/u_bufg_divClk/O
    X4Y4 (CLOCK_ROOT)    net (fo=25160, routed)       1.215     2.444    core_inst/ddr_inst/u_ddr4/inst/u_ddr4_mem_intfc/u_ddr_cal_top/dReg_reg[10]
    SLICE_X90Y291        FDRE                                         r  core_inst/ddr_inst/u_ddr4/inst/u_ddr4_mem_intfc/u_ddr_cal_top/mcal_ODT_dly_reg[0][4]/C
  -------------------------------------------------------------------    -------------------
    SLICE_X90Y291        FDRE (Prop_GFF_SLICEM_C_Q)
                                                      0.078     2.522 r  core_inst/ddr_inst/u_ddr4/inst/u_ddr4_mem_intfc/u_ddr_cal_top/mcal_ODT_dly_reg[0][4]/Q
                         net (fo=4, routed)           1.863     4.386    core_inst/ddr_inst/u_ddr4/inst/u_ddr4_mem_intfc/u_mig_ddr4_phy/inst/generate_block1.u_ddr_xiphy/byte_num[7].xiphy_byte_wrapper.u_xiphy_byte_wrapper/I_BITSLICE_UPPER[4].GEN_RXTX_BITSLICE_EN.u_xiphy_bitslice_upper/mcal_ODT[2]
    BITSLICE_RX_TX_X0Y257
                         RXTX_BITSLICE                                r  core_inst/ddr_inst/u_ddr4/inst/u_ddr4_mem_intfc/u_mig_ddr4_phy/inst/generate_block1.u_ddr_xiphy/byte_num[7].xiphy_byte_wrapper.u_xiphy_byte_wrapper/I_BITSLICE_UPPER[4].GEN_RXTX_BITSLICE_EN.u_xiphy_bitslice_upper/xiphy_rxtx_bitslice/D[2]
  -------------------------------------------------------------------    -------------------

                         (clock pll_clk[1]_DIV rise edge)
                                                      3.332     3.332 r  
    G13                                               0.000     3.332 r  c0_sys_clk_p (IN)
                         net (fo=0)                   0.079     3.411    core_inst/ddr_inst/u_ddr4/inst/u_ddr4_mem_intfc/u_mig_ddr4_phy/inst/u_ddr4_phy_pll/diff_input_clk.u_ibufg_sys_clk/I
    HPIOBDIFFINBUF_X0Y108
                         DIFFINBUF (Prop_DIFFINBUF_HPIOBDIFFINBUF_DIFF_IN_P_O)
                                                      0.453     3.864 r  core_inst/ddr_inst/u_ddr4/inst/u_ddr4_mem_intfc/u_mig_ddr4_phy/inst/u_ddr4_phy_pll/diff_input_clk.u_ibufg_sys_clk/DIFFINBUF_INST/O
                         net (fo=1, routed)           0.040     3.904    core_inst/ddr_inst/u_ddr4/inst/u_ddr4_mem_intfc/u_mig_ddr4_phy/inst/u_ddr4_phy_pll/diff_input_clk.u_ibufg_sys_clk/OUT
    G13                  IBUFCTRL (Prop_IBUFCTRL_HPIOB_M_I_O)
                                                      0.000     3.904 r  core_inst/ddr_inst/u_ddr4/inst/u_ddr4_mem_intfc/u_mig_ddr4_phy/inst/u_ddr4_phy_pll/diff_input_clk.u_ibufg_sys_clk/IBUFCTRL_INST/O
                         net (fo=2, routed)           0.333     4.237    core_inst/ddr_inst/u_ddr4/inst/u_ddr4_infrastructure/mmcm_clk_in
    MMCM_X0Y4            MMCME4_ADV (Prop_MMCM_CLKIN1_CLKOUT0)
                                                      0.630     4.867 r  core_inst/ddr_inst/u_ddr4/inst/u_ddr4_infrastructure/gen_mmcme4.u_mmcme_adv_inst/CLKOUT0
                         net (fo=1, routed)           0.215     5.082    core_inst/ddr_inst/u_ddr4/inst/u_ddr4_infrastructure/mmcm_clkout0
    BUFGCE_X0Y118        BUFGCE (Prop_BUFCE_BUFGCE_I_O)
                                                      0.024     5.106 r  core_inst/ddr_inst/u_ddr4/inst/u_ddr4_infrastructure/u_bufg_divClk/O
                         net (fo=25160, routed)       0.869     5.975    core_inst/ddr_inst/u_ddr4/inst/u_ddr4_mem_intfc/u_mig_ddr4_phy/inst/u_ddr4_phy_pll/div_clk
    PLL_X0Y9             PLLE4_ADV (Prop_PLL_CLKIN_CLKOUTPHY)
                                                     -0.713     5.262 r  core_inst/ddr_inst/u_ddr4/inst/u_ddr4_mem_intfc/u_mig_ddr4_phy/inst/u_ddr4_phy_pll/plle_loop[1].gen_plle4.PLLE4_BASE_INST_OTHER/CLKOUTPHY
                         net (fo=8, routed)           0.099     5.361    core_inst/ddr_inst/u_ddr4/inst/u_ddr4_mem_intfc/u_mig_ddr4_phy/inst/generate_block1.u_ddr_xiphy/byte_num[7].xiphy_byte_wrapper.u_xiphy_byte_wrapper/I_CONTROL[1].GEN_I_CONTROL.u_xiphy_control/pll_clk[0]
    BITSLICE_CONTROL_X0Y39
                         BITSLICE_CONTROL (Prop_CONTROL_BITSLICE_CONTROL_PLL_CLK_TX_DIV2_CLK_Q)
                                                      0.106     5.467 r  core_inst/ddr_inst/u_ddr4/inst/u_ddr4_mem_intfc/u_mig_ddr4_phy/inst/generate_block1.u_ddr_xiphy/byte_num[7].xiphy_byte_wrapper.u_xiphy_byte_wrapper/I_CONTROL[1].GEN_I_CONTROL.u_xiphy_control/xiphy_control/TX_DIV2_CLK_Q
    BITSLICE_CONTROL_X0Y39
                         BITSLICE_CONTROL (Prop_CONTROL_BITSLICE_CONTROL_TX_DIV2_CLK_Q_TX_DIV4_CLK_Q)
                                                      0.075     5.542 r  core_inst/ddr_inst/u_ddr4/inst/u_ddr4_mem_intfc/u_mig_ddr4_phy/inst/generate_block1.u_ddr_xiphy/byte_num[7].xiphy_byte_wrapper.u_xiphy_byte_wrapper/I_CONTROL[1].GEN_I_CONTROL.u_xiphy_control/xiphy_control/TX_DIV4_CLK_Q
    BITSLICE_CONTROL_X0Y39
                         BITSLICE_CONTROL (Prop_CONTROL_BITSLICE_CONTROL_TX_DIV4_CLK_Q_TX_BIT_CTRL_OUT4[26])
                                                      0.125     5.667 r  core_inst/ddr_inst/u_ddr4/inst/u_ddr4_mem_intfc/u_mig_ddr4_phy/inst/generate_block1.u_ddr_xiphy/byte_num[7].xiphy_byte_wrapper.u_xiphy_byte_wrapper/I_CONTROL[1].GEN_I_CONTROL.u_xiphy_control/xiphy_control/TX_BIT_CTRL_OUT4[26]
                         net (fo=1, routed)           0.013     5.680    core_inst/ddr_inst/u_ddr4/inst/u_ddr4_mem_intfc/u_mig_ddr4_phy/inst/generate_block1.u_ddr_xiphy/byte_num[7].xiphy_byte_wrapper.u_xiphy_byte_wrapper/I_BITSLICE_UPPER[4].GEN_RXTX_BITSLICE_EN.u_xiphy_bitslice_upper/TX_BIT_CTRL_OUT4[26]
    BITSLICE_RX_TX_X0Y257
                         RXTX_BITSLICE                                r  core_inst/ddr_inst/u_ddr4/inst/u_ddr4_mem_intfc/u_mig_ddr4_phy/inst/generate_block1.u_ddr_xiphy/byte_num[7].xiphy_byte_wrapper.u_xiphy_byte_wrapper/I_BITSLICE_UPPER[4].GEN_RXTX_BITSLICE_EN.u_xiphy_bitslice_upper/xiphy_rxtx_bitslice/TX_BIT_CTRL_IN[26]
                         clock pessimism             -0.479     5.201    
                         clock uncertainty           -0.157     5.044    
    BITSLICE_RX_TX_X0Y257
                         RXTX_BITSLICE (Setup_RXTX_BITSLICE_BITSLICE_RX_TX_TX_BIT_CTRL_IN[26]_D[2])
                                                     -0.013     5.031    core_inst/ddr_inst/u_ddr4/inst/u_ddr4_mem_intfc/u_mig_ddr4_phy/inst/generate_block1.u_ddr_xiphy/byte_num[7].xiphy_byte_wrapper.u_xiphy_byte_wrapper/I_BITSLICE_UPPER[4].GEN_RXTX_BITSLICE_EN.u_xiphy_bitslice_upper/xiphy_rxtx_bitslice
  -------------------------------------------------------------------
                         required time                          5.031    
                         arrival time                          -4.386    
  -------------------------------------------------------------------
                         slack                                  0.645    





Min Delay Paths
--------------------------------------------------------------------------------------
Slack (MET) :             0.690ns  (arrival time - required time)
  Source:                 core_inst/ddr_inst/u_ddr4/inst/u_ddr4_mem_intfc/u_ddr_cal_top/mcal_ADR_dly_reg[0][46]/C
                            (rising edge-triggered cell FDRE clocked by mmcm_clkout0  {rise@0.000ns fall@1.666ns period=3.332ns})
  Destination:            core_inst/ddr_inst/u_ddr4/inst/u_ddr4_mem_intfc/u_mig_ddr4_phy/inst/generate_block1.u_ddr_xiphy/byte_num[5].xiphy_byte_wrapper.u_xiphy_byte_wrapper/I_BITSLICE_LOWER[4].GEN_RXTX_BITSLICE_EN.u_xiphy_bitslice_lower/xiphy_rxtx_bitslice/D[5]
                            (rising edge-triggered cell RXTX_BITSLICE clocked by pll_clk[1]_DIV  {rise@0.000ns fall@1.666ns period=3.332ns})
  Path Group:             pll_clk[1]_DIV
  Path Type:              Hold (Min at Slow Process Corner)
  Requirement:            0.000ns  (pll_clk[1]_DIV rise@0.000ns - mmcm_clkout0 rise@0.000ns)
  Data Path Delay:        0.332ns  (logic 0.059ns (17.786%)  route 0.273ns (82.214%))
  Logic Levels:           0  
  Clock Path Skew:        -0.594ns (DCD - SCD - CPR)
    Destination Clock Delay (DCD):    1.702ns
    Source Clock Delay      (SCD):    2.775ns
    Clock Pessimism Removal (CPR):    -0.479ns
  Clock Uncertainty:      0.157ns  ((TSJ^2 + DJ^2)^1/2) / 2 + PE
    Total System Jitter     (TSJ):    0.071ns
    Discrete Jitter          (DJ):    0.064ns
    Phase Error              (PE):    0.109ns
  Clock Net Delay (Source):      1.001ns (routing 0.155ns, distribution 0.846ns)

    Location             Delay type                Incr(ns)  Path(ns)    Netlist Resource(s)
  -------------------------------------------------------------------    -------------------
                         (clock mmcm_clkout0 rise edge)
                                                      0.000     0.000 r  
    G13                                               0.000     0.000 r  c0_sys_clk_p (IN)
                         net (fo=0)                   0.079     0.079    core_inst/ddr_inst/u_ddr4/inst/u_ddr4_mem_intfc/u_mig_ddr4_phy/inst/u_ddr4_phy_pll/diff_input_clk.u_ibufg_sys_clk/I
    HPIOBDIFFINBUF_X0Y108
                         DIFFINBUF (Prop_DIFFINBUF_HPIOBDIFFINBUF_DIFF_IN_P_O)
                                                      0.453     0.532 r  core_inst/ddr_inst/u_ddr4/inst/u_ddr4_mem_intfc/u_mig_ddr4_phy/inst/u_ddr4_phy_pll/diff_input_clk.u_ibufg_sys_clk/DIFFINBUF_INST/O
                         net (fo=1, routed)           0.040     0.572    core_inst/ddr_inst/u_ddr4/inst/u_ddr4_mem_intfc/u_mig_ddr4_phy/inst/u_ddr4_phy_pll/diff_input_clk.u_ibufg_sys_clk/OUT
    G13                  IBUFCTRL (Prop_IBUFCTRL_HPIOB_M_I_O)
                                                      0.000     0.572 r  core_inst/ddr_inst/u_ddr4/inst/u_ddr4_mem_intfc/u_mig_ddr4_phy/inst/u_ddr4_phy_pll/diff_input_clk.u_ibufg_sys_clk/IBUFCTRL_INST/O
                         net (fo=2, routed)           0.333     0.905    core_inst/ddr_inst/u_ddr4/inst/u_ddr4_infrastructure/mmcm_clk_in
    MMCM_X0Y4            MMCME4_ADV (Prop_MMCM_CLKIN1_CLKOUT0)
                                                      0.630     1.535 r  core_inst/ddr_inst/u_ddr4/inst/u_ddr4_infrastructure/gen_mmcme4.u_mmcme_adv_inst/CLKOUT0
                         net (fo=1, routed)           0.215     1.750    core_inst/ddr_inst/u_ddr4/inst/u_ddr4_infrastructure/mmcm_clkout0
    BUFGCE_X0Y118        BUFGCE (Prop_BUFCE_BUFGCE_I_O)
                                                      0.024     1.774 r  core_inst/ddr_inst/u_ddr4/inst/u_ddr4_infrastructure/u_bufg_divClk/O
    X4Y4 (CLOCK_ROOT)    net (fo=25160, routed)       1.001     2.775    core_inst/ddr_inst/u_ddr4/inst/u_ddr4_mem_intfc/u_ddr_cal_top/dReg_reg[10]
    SLICE_X82Y260        FDRE                                         r  core_inst/ddr_inst/u_ddr4/inst/u_ddr4_mem_intfc/u_ddr_cal_top/mcal_ADR_dly_reg[0][46]/C
  -------------------------------------------------------------------    -------------------
    SLICE_X82Y260        FDRE (Prop_CFF2_SLICEM_C_Q)
                                                      0.059     2.834 r  core_inst/ddr_inst/u_ddr4/inst/u_ddr4_mem_intfc/u_ddr_cal_top/mcal_ADR_dly_reg[0][46]/Q
                         net (fo=2, routed)           0.273     3.106    core_inst/ddr_inst/u_ddr4/inst/u_ddr4_mem_intfc/u_mig_ddr4_phy/inst/generate_block1.u_ddr_xiphy/byte_num[5].xiphy_byte_wrapper.u_xiphy_byte_wrapper/I_BITSLICE_LOWER[4].GEN_RXTX_BITSLICE_EN.u_xiphy_bitslice_lower/mcal_ADR[5]
    BITSLICE_RX_TX_X0Y225
                         RXTX_BITSLICE                                r  core_inst/ddr_inst/u_ddr4/inst/u_ddr4_mem_intfc/u_mig_ddr4_phy/inst/generate_block1.u_ddr_xiphy/byte_num[5].xiphy_byte_wrapper.u_xiphy_byte_wrapper/I_BITSLICE_LOWER[4].GEN_RXTX_BITSLICE_EN.u_xiphy_bitslice_lower/xiphy_rxtx_bitslice/D[5]
  -------------------------------------------------------------------    -------------------

                         (clock pll_clk[1]_DIV rise edge)
                                                      0.000     0.000 r  
    G13                                               0.000     0.000 r  c0_sys_clk_p (IN)
                         net (fo=0)                   0.100     0.100    core_inst/ddr_inst/u_ddr4/inst/u_ddr4_mem_intfc/u_mig_ddr4_phy/inst/u_ddr4_phy_pll/diff_input_clk.u_ibufg_sys_clk/I
    HPIOBDIFFINBUF_X0Y108
                         DIFFINBUF (Prop_DIFFINBUF_HPIOBDIFFINBUF_DIFF_IN_P_O)
                                                      0.549     0.649 r  core_inst/ddr_inst/u_ddr4/inst/u_ddr4_mem_intfc/u_mig_ddr4_phy/inst/u_ddr4_phy_pll/diff_input_clk.u_ibufg_sys_clk/DIFFINBUF_INST/O
                         net (fo=1, routed)           0.050     0.699    core_inst/ddr_inst/u_ddr4/inst/u_ddr4_mem_intfc/u_mig_ddr4_phy/inst/u_ddr4_phy_pll/diff_input_clk.u_ibufg_sys_clk/OUT
    G13                  IBUFCTRL (Prop_IBUFCTRL_HPIOB_M_I_O)
                                                      0.000     0.699 r  core_inst/ddr_inst/u_ddr4/inst/u_ddr4_mem_intfc/u_mig_ddr4_phy/inst/u_ddr4_phy_pll/diff_input_clk.u_ibufg_sys_clk/IBUFCTRL_INST/O
                         net (fo=2, routed)           0.384     1.083    core_inst/ddr_inst/u_ddr4/inst/u_ddr4_infrastructure/mmcm_clk_in
    MMCM_X0Y4            MMCME4_ADV (Prop_MMCM_CLKIN1_CLKOUT0)
                                                     -0.127     0.956 r  core_inst/ddr_inst/u_ddr4/inst/u_ddr4_infrastructure/gen_mmcme4.u_mmcme_adv_inst/CLKOUT0
                         net (fo=1, routed)           0.245     1.201    core_inst/ddr_inst/u_ddr4/inst/u_ddr4_infrastructure/mmcm_clkout0
    BUFGCE_X0Y118        BUFGCE (Prop_BUFCE_BUFGCE_I_O)
                                                      0.028     1.229 r  core_inst/ddr_inst/u_ddr4/inst/u_ddr4_infrastructure/u_bufg_divClk/O
                         net (fo=25160, routed)       0.986     2.215    core_inst/ddr_inst/u_ddr4/inst/u_ddr4_mem_intfc/u_mig_ddr4_phy/inst/u_ddr4_phy_pll/div_clk
    PLL_X0Y9             PLLE4_ADV (Prop_PLL_CLKIN_CLKOUTPHY)
                                                     -1.141     1.074 r  core_inst/ddr_inst/u_ddr4/inst/u_ddr4_mem_intfc/u_mig_ddr4_phy/inst/u_ddr4_phy_pll/plle_loop[1].gen_plle4.PLLE4_BASE_INST_OTHER/CLKOUTPHY
                         net (fo=8, routed)           0.134     1.208    core_inst/ddr_inst/u_ddr4/inst/u_ddr4_mem_intfc/u_mig_ddr4_phy/inst/generate_block1.u_ddr_xiphy/byte_num[5].xiphy_byte_wrapper.u_xiphy_byte_wrapper/I_CONTROL[0].GEN_I_CONTROL.u_xiphy_control/pll_clk[0]
    BITSLICE_CONTROL_X0Y34
                         BITSLICE_CONTROL (Prop_CONTROL_BITSLICE_CONTROL_PLL_CLK_TX_DIV2_CLK_Q)
                                                      0.177     1.385 r  core_inst/ddr_inst/u_ddr4/inst/u_ddr4_mem_intfc/u_mig_ddr4_phy/inst/generate_block1.u_ddr_xiphy/byte_num[5].xiphy_byte_wrapper.u_xiphy_byte_wrapper/I_CONTROL[0].GEN_I_CONTROL.u_xiphy_control/xiphy_control/TX_DIV2_CLK_Q
    BITSLICE_CONTROL_X0Y34
                         BITSLICE_CONTROL (Prop_CONTROL_BITSLICE_CONTROL_TX_DIV2_CLK_Q_TX_DIV4_CLK_Q)
                                                      0.109     1.494 r  core_inst/ddr_inst/u_ddr4/inst/u_ddr4_mem_intfc/u_mig_ddr4_phy/inst/generate_block1.u_ddr_xiphy/byte_num[5].xiphy_byte_wrapper.u_xiphy_byte_wrapper/I_CONTROL[0].GEN_I_CONTROL.u_xiphy_control/xiphy_control/TX_DIV4_CLK_Q
    BITSLICE_CONTROL_X0Y34
                         BITSLICE_CONTROL (Prop_CONTROL_BITSLICE_CONTROL_TX_DIV4_CLK_Q_TX_BIT_CTRL_OUT4[26])
                                                      0.186     1.680 r  core_inst/ddr_inst/u_ddr4/inst/u_ddr4_mem_intfc/u_mig_ddr4_phy/inst/generate_block1.u_ddr_xiphy/byte_num[5].xiphy_byte_wrapper.u_xiphy_byte_wrapper/I_CONTROL[0].GEN_I_CONTROL.u_xiphy_control/xiphy_control/TX_BIT_CTRL_OUT4[26]
                         net (fo=1, routed)           0.022     1.702    core_inst/ddr_inst/u_ddr4/inst/u_ddr4_mem_intfc/u_mig_ddr4_phy/inst/generate_block1.u_ddr_xiphy/byte_num[5].xiphy_byte_wrapper.u_xiphy_byte_wrapper/I_BITSLICE_LOWER[4].GEN_RXTX_BITSLICE_EN.u_xiphy_bitslice_lower/TX_BIT_CTRL_OUT4[26]
    BITSLICE_RX_TX_X0Y225
                         RXTX_BITSLICE                                r  core_inst/ddr_inst/u_ddr4/inst/u_ddr4_mem_intfc/u_mig_ddr4_phy/inst/generate_block1.u_ddr_xiphy/byte_num[5].xiphy_byte_wrapper.u_xiphy_byte_wrapper/I_BITSLICE_LOWER[4].GEN_RXTX_BITSLICE_EN.u_xiphy_bitslice_lower/xiphy_rxtx_bitslice/TX_BIT_CTRL_IN[26]
                         clock pessimism              0.479     2.181    
                         clock uncertainty            0.157     2.338    
    BITSLICE_RX_TX_X0Y225
                         RXTX_BITSLICE (Hold_RXTX_BITSLICE_BITSLICE_RX_TX_TX_BIT_CTRL_IN[26]_D[5])
                                                      0.078     2.416    core_inst/ddr_inst/u_ddr4/inst/u_ddr4_mem_intfc/u_mig_ddr4_phy/inst/generate_block1.u_ddr_xiphy/byte_num[5].xiphy_byte_wrapper.u_xiphy_byte_wrapper/I_BITSLICE_LOWER[4].GEN_RXTX_BITSLICE_EN.u_xiphy_bitslice_lower/xiphy_rxtx_bitslice
  -------------------------------------------------------------------
                         required time                         -2.416    
                         arrival time                           3.106    
  -------------------------------------------------------------------
                         slack                                  0.690    





---------------------------------------------------------------------------------------------------
From Clock:  mmcm_clkout0
  To Clock:  pll_clk[2]_DIV

Setup :            0  Failing Endpoints,  Worst Slack        0.644ns,  Total Violation        0.000ns
Hold  :            0  Failing Endpoints,  Worst Slack        0.725ns,  Total Violation        0.000ns
---------------------------------------------------------------------------------------------------


Max Delay Paths
--------------------------------------------------------------------------------------
Slack (MET) :             0.644ns  (required time - arrival time)
  Source:                 core_inst/ddr_inst/u_ddr4/inst/u_ddr4_mem_intfc/u_ddr_cal_top/u_ddr_mc_pi/u_ddr_mc_write/oe_low_reg[0]/C
                            (rising edge-triggered cell FDRE clocked by mmcm_clkout0  {rise@0.000ns fall@1.666ns period=3.332ns})
  Destination:            core_inst/ddr_inst/u_ddr4/inst/u_ddr4_mem_intfc/u_mig_ddr4_phy/inst/generate_block1.u_ddr_xiphy/byte_num[11].xiphy_byte_wrapper.u_xiphy_byte_wrapper/I_CONTROL[0].GEN_I_CONTROL.u_xiphy_control/xiphy_control/TBYTE_IN[0]
                            (rising edge-triggered cell BITSLICE_CONTROL clocked by pll_clk[2]_DIV  {rise@0.000ns fall@1.666ns period=3.332ns})
  Path Group:             pll_clk[2]_DIV
  Path Type:              Setup (Max at Slow Process Corner)
  Requirement:            3.332ns  (pll_clk[2]_DIV rise@3.332ns - mmcm_clkout0 rise@0.000ns)
  Data Path Delay:        1.738ns  (logic 0.079ns (4.545%)  route 1.659ns (95.455%))
  Logic Levels:           0  
  Clock Path Skew:        -0.653ns (DCD - SCD + CPR)
    Destination Clock Delay (DCD):    2.255ns = ( 5.587 - 3.332 ) 
    Source Clock Delay      (SCD):    2.379ns
    Clock Pessimism Removal (CPR):    -0.528ns
  Clock Uncertainty:      0.157ns  ((TSJ^2 + DJ^2)^1/2) / 2 + PE
    Total System Jitter     (TSJ):    0.071ns
    Discrete Jitter          (DJ):    0.064ns
    Phase Error              (PE):    0.109ns
  Clock Net Delay (Source):      1.150ns (routing 0.171ns, distribution 0.979ns)
  Clock Net Delay (Destination): 0.904ns (routing 0.155ns, distribution 0.749ns)

    Location             Delay type                Incr(ns)  Path(ns)    Netlist Resource(s)
  -------------------------------------------------------------------    -------------------
                         (clock mmcm_clkout0 rise edge)
                                                      0.000     0.000 r  
    G13                                               0.000     0.000 r  c0_sys_clk_p (IN)
                         net (fo=0)                   0.100     0.100    core_inst/ddr_inst/u_ddr4/inst/u_ddr4_mem_intfc/u_mig_ddr4_phy/inst/u_ddr4_phy_pll/diff_input_clk.u_ibufg_sys_clk/I
    HPIOBDIFFINBUF_X0Y108
                         DIFFINBUF (Prop_DIFFINBUF_HPIOBDIFFINBUF_DIFF_IN_P_O)
                                                      0.549     0.649 r  core_inst/ddr_inst/u_ddr4/inst/u_ddr4_mem_intfc/u_mig_ddr4_phy/inst/u_ddr4_phy_pll/diff_input_clk.u_ibufg_sys_clk/DIFFINBUF_INST/O
                         net (fo=1, routed)           0.050     0.699    core_inst/ddr_inst/u_ddr4/inst/u_ddr4_mem_intfc/u_mig_ddr4_phy/inst/u_ddr4_phy_pll/diff_input_clk.u_ibufg_sys_clk/OUT
    G13                  IBUFCTRL (Prop_IBUFCTRL_HPIOB_M_I_O)
                                                      0.000     0.699 r  core_inst/ddr_inst/u_ddr4/inst/u_ddr4_mem_intfc/u_mig_ddr4_phy/inst/u_ddr4_phy_pll/diff_input_clk.u_ibufg_sys_clk/IBUFCTRL_INST/O
                         net (fo=2, routed)           0.384     1.083    core_inst/ddr_inst/u_ddr4/inst/u_ddr4_infrastructure/mmcm_clk_in
    MMCM_X0Y4            MMCME4_ADV (Prop_MMCM_CLKIN1_CLKOUT0)
                                                     -0.127     0.956 r  core_inst/ddr_inst/u_ddr4/inst/u_ddr4_infrastructure/gen_mmcme4.u_mmcme_adv_inst/CLKOUT0
                         net (fo=1, routed)           0.245     1.201    core_inst/ddr_inst/u_ddr4/inst/u_ddr4_infrastructure/mmcm_clkout0
    BUFGCE_X0Y118        BUFGCE (Prop_BUFCE_BUFGCE_I_O)
                                                      0.028     1.229 r  core_inst/ddr_inst/u_ddr4/inst/u_ddr4_infrastructure/u_bufg_divClk/O
    X4Y4 (CLOCK_ROOT)    net (fo=25160, routed)       1.150     2.379    core_inst/ddr_inst/u_ddr4/inst/u_ddr4_mem_intfc/u_ddr_cal_top/u_ddr_mc_pi/u_ddr_mc_write/dReg_reg[10]
    SLICE_X81Y266        FDRE                                         r  core_inst/ddr_inst/u_ddr4/inst/u_ddr4_mem_intfc/u_ddr_cal_top/u_ddr_mc_pi/u_ddr_mc_write/oe_low_reg[0]/C
  -------------------------------------------------------------------    -------------------
    SLICE_X81Y266        FDRE (Prop_DFF_SLICEL_C_Q)
                                                      0.079     2.458 r  core_inst/ddr_inst/u_ddr4/inst/u_ddr4_mem_intfc/u_ddr_cal_top/u_ddr_mc_pi/u_ddr_mc_write/oe_low_reg[0]/Q
                         net (fo=8, routed)           1.659     4.117    core_inst/ddr_inst/u_ddr4/inst/u_ddr4_mem_intfc/u_mig_ddr4_phy/inst/generate_block1.u_ddr_xiphy/byte_num[11].xiphy_byte_wrapper.u_xiphy_byte_wrapper/I_CONTROL[0].GEN_I_CONTROL.u_xiphy_control/ch0_mcal_clb2phy_t_b_low[0]
    BITSLICE_CONTROL_X0Y46
                         BITSLICE_CONTROL                             r  core_inst/ddr_inst/u_ddr4/inst/u_ddr4_mem_intfc/u_mig_ddr4_phy/inst/generate_block1.u_ddr_xiphy/byte_num[11].xiphy_byte_wrapper.u_xiphy_byte_wrapper/I_CONTROL[0].GEN_I_CONTROL.u_xiphy_control/xiphy_control/TBYTE_IN[0]
  -------------------------------------------------------------------    -------------------

                         (clock pll_clk[2]_DIV rise edge)
                                                      3.332     3.332 r  
    G13                                               0.000     3.332 r  c0_sys_clk_p (IN)
                         net (fo=0)                   0.079     3.411    core_inst/ddr_inst/u_ddr4/inst/u_ddr4_mem_intfc/u_mig_ddr4_phy/inst/u_ddr4_phy_pll/diff_input_clk.u_ibufg_sys_clk/I
    HPIOBDIFFINBUF_X0Y108
                         DIFFINBUF (Prop_DIFFINBUF_HPIOBDIFFINBUF_DIFF_IN_P_O)
                                                      0.453     3.864 r  core_inst/ddr_inst/u_ddr4/inst/u_ddr4_mem_intfc/u_mig_ddr4_phy/inst/u_ddr4_phy_pll/diff_input_clk.u_ibufg_sys_clk/DIFFINBUF_INST/O
                         net (fo=1, routed)           0.040     3.904    core_inst/ddr_inst/u_ddr4/inst/u_ddr4_mem_intfc/u_mig_ddr4_phy/inst/u_ddr4_phy_pll/diff_input_clk.u_ibufg_sys_clk/OUT
    G13                  IBUFCTRL (Prop_IBUFCTRL_HPIOB_M_I_O)
                                                      0.000     3.904 r  core_inst/ddr_inst/u_ddr4/inst/u_ddr4_mem_intfc/u_mig_ddr4_phy/inst/u_ddr4_phy_pll/diff_input_clk.u_ibufg_sys_clk/IBUFCTRL_INST/O
                         net (fo=2, routed)           0.333     4.237    core_inst/ddr_inst/u_ddr4/inst/u_ddr4_infrastructure/mmcm_clk_in
    MMCM_X0Y4            MMCME4_ADV (Prop_MMCM_CLKIN1_CLKOUT0)
                                                      0.630     4.867 r  core_inst/ddr_inst/u_ddr4/inst/u_ddr4_infrastructure/gen_mmcme4.u_mmcme_adv_inst/CLKOUT0
                         net (fo=1, routed)           0.215     5.082    core_inst/ddr_inst/u_ddr4/inst/u_ddr4_infrastructure/mmcm_clkout0
    BUFGCE_X0Y118        BUFGCE (Prop_BUFCE_BUFGCE_I_O)
                                                      0.024     5.106 r  core_inst/ddr_inst/u_ddr4/inst/u_ddr4_infrastructure/u_bufg_divClk/O
    X4Y4 (CLOCK_ROOT)    net (fo=25160, routed)       0.904     6.010    core_inst/ddr_inst/u_ddr4/inst/u_ddr4_mem_intfc/u_mig_ddr4_phy/inst/u_ddr4_phy_pll/div_clk
    PLL_X0Y11            PLLE4_ADV (Prop_PLL_CLKIN_CLKOUTPHY)
                                                     -0.713     5.297 r  core_inst/ddr_inst/u_ddr4/inst/u_ddr4_mem_intfc/u_mig_ddr4_phy/inst/u_ddr4_phy_pll/plle_loop[2].gen_plle4.PLLE4_BASE_INST_OTHER/CLKOUTPHY
                         net (fo=8, routed)           0.098     5.395    core_inst/ddr_inst/u_ddr4/inst/u_ddr4_mem_intfc/u_mig_ddr4_phy/inst/generate_block1.u_ddr_xiphy/byte_num[11].xiphy_byte_wrapper.u_xiphy_byte_wrapper/I_CONTROL[0].GEN_I_CONTROL.u_xiphy_control/pll_clk[0]
    BITSLICE_CONTROL_X0Y46
                         BITSLICE_CONTROL (Prop_CONTROL_BITSLICE_CONTROL_PLL_CLK_TX_DIV2_CLK_Q)
                                                      0.117     5.512 r  core_inst/ddr_inst/u_ddr4/inst/u_ddr4_mem_intfc/u_mig_ddr4_phy/inst/generate_block1.u_ddr_xiphy/byte_num[11].xiphy_byte_wrapper.u_xiphy_byte_wrapper/I_CONTROL[0].GEN_I_CONTROL.u_xiphy_control/xiphy_control/TX_DIV2_CLK_Q
    BITSLICE_CONTROL_X0Y46
                         BITSLICE_CONTROL (Prop_CONTROL_BITSLICE_CONTROL_TX_DIV2_CLK_Q_TX_DIV4_CLK_Q)
                                                      0.075     5.587 r  core_inst/ddr_inst/u_ddr4/inst/u_ddr4_mem_intfc/u_mig_ddr4_phy/inst/generate_block1.u_ddr_xiphy/byte_num[11].xiphy_byte_wrapper.u_xiphy_byte_wrapper/I_CONTROL[0].GEN_I_CONTROL.u_xiphy_control/xiphy_control/TX_DIV4_CLK_Q
                         clock pessimism             -0.528     5.058    
                         clock uncertainty           -0.157     4.901    
    BITSLICE_CONTROL_X0Y46
                         BITSLICE_CONTROL (Setup_CONTROL_BITSLICE_CONTROL_TX_DIV4_CLK_Q_TBYTE_IN[0])
                                                     -0.140     4.761    core_inst/ddr_inst/u_ddr4/inst/u_ddr4_mem_intfc/u_mig_ddr4_phy/inst/generate_block1.u_ddr_xiphy/byte_num[11].xiphy_byte_wrapper.u_xiphy_byte_wrapper/I_CONTROL[0].GEN_I_CONTROL.u_xiphy_control/xiphy_control
  -------------------------------------------------------------------
                         required time                          4.761    
                         arrival time                          -4.117    
  -------------------------------------------------------------------
                         slack                                  0.644    





Min Delay Paths
--------------------------------------------------------------------------------------
Slack (MET) :             0.725ns  (arrival time - required time)
  Source:                 core_inst/ddr_inst/u_ddr4/inst/u_ddr4_mem_intfc/u_ddr_cal_top/u_ddr_mc_pi/u_ddr_mc_write/genByte[1].u_ddr_mc_wr_byte/genBit[4].u_ddr_mc_wr_bit/dReg_reg[3]/C
                            (rising edge-triggered cell FDRE clocked by mmcm_clkout0  {rise@0.000ns fall@1.666ns period=3.332ns})
  Destination:            core_inst/ddr_inst/u_ddr4/inst/u_ddr4_mem_intfc/u_mig_ddr4_phy/inst/generate_block1.u_ddr_xiphy/byte_num[8].xiphy_byte_wrapper.u_xiphy_byte_wrapper/I_BITSLICE_UPPER[5].GEN_RXTX_BITSLICE_EN.u_xiphy_bitslice_upper/xiphy_rxtx_bitslice/D[3]
                            (rising edge-triggered cell RXTX_BITSLICE clocked by pll_clk[2]_DIV  {rise@0.000ns fall@1.666ns period=3.332ns})
  Path Group:             pll_clk[2]_DIV
  Path Type:              Hold (Min at Slow Process Corner)
  Requirement:            0.000ns  (pll_clk[2]_DIV rise@0.000ns - mmcm_clkout0 rise@0.000ns)
  Data Path Delay:        0.312ns  (logic 0.058ns (18.590%)  route 0.254ns (81.410%))
  Logic Levels:           0  
  Clock Path Skew:        -0.629ns (DCD - SCD - CPR)
    Destination Clock Delay (DCD):    1.716ns
    Source Clock Delay      (SCD):    2.820ns
    Clock Pessimism Removal (CPR):    -0.475ns
  Clock Uncertainty:      0.157ns  ((TSJ^2 + DJ^2)^1/2) / 2 + PE
    Total System Jitter     (TSJ):    0.071ns
    Discrete Jitter          (DJ):    0.064ns
    Phase Error              (PE):    0.109ns
  Clock Net Delay (Source):      1.047ns (routing 0.155ns, distribution 0.892ns)

    Location             Delay type                Incr(ns)  Path(ns)    Netlist Resource(s)
  -------------------------------------------------------------------    -------------------
                         (clock mmcm_clkout0 rise edge)
                                                      0.000     0.000 r  
    G13                                               0.000     0.000 r  c0_sys_clk_p (IN)
                         net (fo=0)                   0.079     0.079    core_inst/ddr_inst/u_ddr4/inst/u_ddr4_mem_intfc/u_mig_ddr4_phy/inst/u_ddr4_phy_pll/diff_input_clk.u_ibufg_sys_clk/I
    HPIOBDIFFINBUF_X0Y108
                         DIFFINBUF (Prop_DIFFINBUF_HPIOBDIFFINBUF_DIFF_IN_P_O)
                                                      0.453     0.532 r  core_inst/ddr_inst/u_ddr4/inst/u_ddr4_mem_intfc/u_mig_ddr4_phy/inst/u_ddr4_phy_pll/diff_input_clk.u_ibufg_sys_clk/DIFFINBUF_INST/O
                         net (fo=1, routed)           0.040     0.572    core_inst/ddr_inst/u_ddr4/inst/u_ddr4_mem_intfc/u_mig_ddr4_phy/inst/u_ddr4_phy_pll/diff_input_clk.u_ibufg_sys_clk/OUT
    G13                  IBUFCTRL (Prop_IBUFCTRL_HPIOB_M_I_O)
                                                      0.000     0.572 r  core_inst/ddr_inst/u_ddr4/inst/u_ddr4_mem_intfc/u_mig_ddr4_phy/inst/u_ddr4_phy_pll/diff_input_clk.u_ibufg_sys_clk/IBUFCTRL_INST/O
                         net (fo=2, routed)           0.333     0.905    core_inst/ddr_inst/u_ddr4/inst/u_ddr4_infrastructure/mmcm_clk_in
    MMCM_X0Y4            MMCME4_ADV (Prop_MMCM_CLKIN1_CLKOUT0)
                                                      0.630     1.535 r  core_inst/ddr_inst/u_ddr4/inst/u_ddr4_infrastructure/gen_mmcme4.u_mmcme_adv_inst/CLKOUT0
                         net (fo=1, routed)           0.215     1.750    core_inst/ddr_inst/u_ddr4/inst/u_ddr4_infrastructure/mmcm_clkout0
    BUFGCE_X0Y118        BUFGCE (Prop_BUFCE_BUFGCE_I_O)
                                                      0.024     1.774 r  core_inst/ddr_inst/u_ddr4/inst/u_ddr4_infrastructure/u_bufg_divClk/O
    X4Y4 (CLOCK_ROOT)    net (fo=25160, routed)       1.047     2.820    core_inst/ddr_inst/u_ddr4/inst/u_ddr4_mem_intfc/u_ddr_cal_top/u_ddr_mc_pi/u_ddr_mc_write/genByte[1].u_ddr_mc_wr_byte/genBit[4].u_ddr_mc_wr_bit/dReg_reg[10]_0
    SLICE_X82Y313        FDRE                                         r  core_inst/ddr_inst/u_ddr4/inst/u_ddr4_mem_intfc/u_ddr_cal_top/u_ddr_mc_pi/u_ddr_mc_write/genByte[1].u_ddr_mc_wr_byte/genBit[4].u_ddr_mc_wr_bit/dReg_reg[3]/C
  -------------------------------------------------------------------    -------------------
    SLICE_X82Y313        FDRE (Prop_CFF_SLICEM_C_Q)
                                                      0.058     2.878 r  core_inst/ddr_inst/u_ddr4/inst/u_ddr4_mem_intfc/u_ddr_cal_top/u_ddr_mc_pi/u_ddr_mc_write/genByte[1].u_ddr_mc_wr_byte/genBit[4].u_ddr_mc_wr_bit/dReg_reg[3]/Q
                         net (fo=1, routed)           0.254     3.132    core_inst/ddr_inst/u_ddr4/inst/u_ddr4_mem_intfc/u_mig_ddr4_phy/inst/generate_block1.u_ddr_xiphy/byte_num[8].xiphy_byte_wrapper.u_xiphy_byte_wrapper/I_BITSLICE_UPPER[5].GEN_RXTX_BITSLICE_EN.u_xiphy_bitslice_upper/ch0_mcal_DQOut[3]
    BITSLICE_RX_TX_X0Y271
                         RXTX_BITSLICE                                r  core_inst/ddr_inst/u_ddr4/inst/u_ddr4_mem_intfc/u_mig_ddr4_phy/inst/generate_block1.u_ddr_xiphy/byte_num[8].xiphy_byte_wrapper.u_xiphy_byte_wrapper/I_BITSLICE_UPPER[5].GEN_RXTX_BITSLICE_EN.u_xiphy_bitslice_upper/xiphy_rxtx_bitslice/D[3]
  -------------------------------------------------------------------    -------------------

                         (clock pll_clk[2]_DIV rise edge)
                                                      0.000     0.000 f  
    G13                                               0.000     0.000 f  c0_sys_clk_p (IN)
                         net (fo=0)                   0.100     0.100    core_inst/ddr_inst/u_ddr4/inst/u_ddr4_mem_intfc/u_mig_ddr4_phy/inst/u_ddr4_phy_pll/diff_input_clk.u_ibufg_sys_clk/I
    HPIOBDIFFINBUF_X0Y108
                         DIFFINBUF (Prop_DIFFINBUF_HPIOBDIFFINBUF_DIFF_IN_P_O)
                                                      0.549     0.649 f  core_inst/ddr_inst/u_ddr4/inst/u_ddr4_mem_intfc/u_mig_ddr4_phy/inst/u_ddr4_phy_pll/diff_input_clk.u_ibufg_sys_clk/DIFFINBUF_INST/O
                         net (fo=1, routed)           0.050     0.699    core_inst/ddr_inst/u_ddr4/inst/u_ddr4_mem_intfc/u_mig_ddr4_phy/inst/u_ddr4_phy_pll/diff_input_clk.u_ibufg_sys_clk/OUT
    G13                  IBUFCTRL (Prop_IBUFCTRL_HPIOB_M_I_O)
                                                      0.000     0.699 f  core_inst/ddr_inst/u_ddr4/inst/u_ddr4_mem_intfc/u_mig_ddr4_phy/inst/u_ddr4_phy_pll/diff_input_clk.u_ibufg_sys_clk/IBUFCTRL_INST/O
                         net (fo=2, routed)           0.384     1.083    core_inst/ddr_inst/u_ddr4/inst/u_ddr4_infrastructure/mmcm_clk_in
    MMCM_X0Y4            MMCME4_ADV (Prop_MMCM_CLKIN1_CLKOUT0)
                                                     -0.127     0.956 f  core_inst/ddr_inst/u_ddr4/inst/u_ddr4_infrastructure/gen_mmcme4.u_mmcme_adv_inst/CLKOUT0
                         net (fo=1, routed)           0.245     1.201    core_inst/ddr_inst/u_ddr4/inst/u_ddr4_infrastructure/mmcm_clkout0
    BUFGCE_X0Y118        BUFGCE (Prop_BUFCE_BUFGCE_I_O)
                                                      0.028     1.229 f  core_inst/ddr_inst/u_ddr4/inst/u_ddr4_infrastructure/u_bufg_divClk/O
                         net (fo=25160, routed)       1.025     2.254    core_inst/ddr_inst/u_ddr4/inst/u_ddr4_mem_intfc/u_mig_ddr4_phy/inst/u_ddr4_phy_pll/div_clk
    PLL_X0Y11            PLLE4_ADV (Prop_PLL_CLKIN_CLKOUTPHY)
                                                     -1.141     1.113 f  core_inst/ddr_inst/u_ddr4/inst/u_ddr4_mem_intfc/u_mig_ddr4_phy/inst/u_ddr4_phy_pll/plle_loop[2].gen_plle4.PLLE4_BASE_INST_OTHER/CLKOUTPHY
                         net (fo=8, routed)           0.137     1.250    core_inst/ddr_inst/u_ddr4/inst/u_ddr4_mem_intfc/u_mig_ddr4_phy/inst/generate_block1.u_ddr_xiphy/byte_num[8].xiphy_byte_wrapper.u_xiphy_byte_wrapper/I_CONTROL[1].GEN_I_CONTROL.u_xiphy_control/pll_clk[0]
    BITSLICE_CONTROL_X0Y41
                         BITSLICE_CONTROL (Prop_CONTROL_BITSLICE_CONTROL_PLL_CLK_TX_DIV2_CLK_Q)
                                                      0.151     1.401 r  core_inst/ddr_inst/u_ddr4/inst/u_ddr4_mem_intfc/u_mig_ddr4_phy/inst/generate_block1.u_ddr_xiphy/byte_num[8].xiphy_byte_wrapper.u_xiphy_byte_wrapper/I_CONTROL[1].GEN_I_CONTROL.u_xiphy_control/xiphy_control/TX_DIV2_CLK_Q
    BITSLICE_CONTROL_X0Y41
                         BITSLICE_CONTROL (Prop_CONTROL_BITSLICE_CONTROL_TX_DIV2_CLK_Q_TX_DIV4_CLK_Q)
                                                      0.109     1.510 r  core_inst/ddr_inst/u_ddr4/inst/u_ddr4_mem_intfc/u_mig_ddr4_phy/inst/generate_block1.u_ddr_xiphy/byte_num[8].xiphy_byte_wrapper.u_xiphy_byte_wrapper/I_CONTROL[1].GEN_I_CONTROL.u_xiphy_control/xiphy_control/TX_DIV4_CLK_Q
    BITSLICE_CONTROL_X0Y41
                         BITSLICE_CONTROL (Prop_CONTROL_BITSLICE_CONTROL_TX_DIV4_CLK_Q_TX_BIT_CTRL_OUT5[26])
                                                      0.182     1.692 r  core_inst/ddr_inst/u_ddr4/inst/u_ddr4_mem_intfc/u_mig_ddr4_phy/inst/generate_block1.u_ddr_xiphy/byte_num[8].xiphy_byte_wrapper.u_xiphy_byte_wrapper/I_CONTROL[1].GEN_I_CONTROL.u_xiphy_control/xiphy_control/TX_BIT_CTRL_OUT5[26]
                         net (fo=1, routed)           0.024     1.716    core_inst/ddr_inst/u_ddr4/inst/u_ddr4_mem_intfc/u_mig_ddr4_phy/inst/generate_block1.u_ddr_xiphy/byte_num[8].xiphy_byte_wrapper.u_xiphy_byte_wrapper/I_BITSLICE_UPPER[5].GEN_RXTX_BITSLICE_EN.u_xiphy_bitslice_upper/TX_BIT_CTRL_OUT5[26]
    BITSLICE_RX_TX_X0Y271
                         RXTX_BITSLICE                                r  core_inst/ddr_inst/u_ddr4/inst/u_ddr4_mem_intfc/u_mig_ddr4_phy/inst/generate_block1.u_ddr_xiphy/byte_num[8].xiphy_byte_wrapper.u_xiphy_byte_wrapper/I_BITSLICE_UPPER[5].GEN_RXTX_BITSLICE_EN.u_xiphy_bitslice_upper/xiphy_rxtx_bitslice/TX_BIT_CTRL_IN[26]
                         clock pessimism              0.475     2.191    
                         clock uncertainty            0.157     2.348    
    BITSLICE_RX_TX_X0Y271
                         RXTX_BITSLICE (Hold_RXTX_BITSLICE_BITSLICE_RX_TX_TX_BIT_CTRL_IN[26]_D[3])
                                                      0.059     2.407    core_inst/ddr_inst/u_ddr4/inst/u_ddr4_mem_intfc/u_mig_ddr4_phy/inst/generate_block1.u_ddr_xiphy/byte_num[8].xiphy_byte_wrapper.u_xiphy_byte_wrapper/I_BITSLICE_UPPER[5].GEN_RXTX_BITSLICE_EN.u_xiphy_bitslice_upper/xiphy_rxtx_bitslice
  -------------------------------------------------------------------
                         required time                         -2.407    
                         arrival time                           3.132    
  -------------------------------------------------------------------
                         slack                                  0.725    





---------------------------------------------------------------------------------------------------
From Clock:  mmcm_clkout0
  To Clock:  mmcm_clkout5

Setup :            0  Failing Endpoints,  Worst Slack       11.457ns,  Total Violation        0.000ns
Hold  :           NA  Failing Endpoints,  Worst Slack           NA  ,  Total Violation           NA
---------------------------------------------------------------------------------------------------


Max Delay Paths
--------------------------------------------------------------------------------------
Slack (MET) :             11.457ns  (required time - arrival time)
  Source:                 core_inst/ddr_inst/u_ddr4/inst/u_ddr4_mem_intfc/u_ddr_cal_top/u_ddr_cal/u_xsdb_arbiter/slave_do_fclk_reg[6]/C
                            (rising edge-triggered cell FDRE clocked by mmcm_clkout0  {rise@0.000ns fall@1.666ns period=3.332ns})
  Destination:            core_inst/ddr_inst/u_ddr4/inst/u_ddr4_mem_intfc/u_ddr_cal_top/u_ddr_cal/u_xsdb_arbiter/u_slave_do_sync/SYNC[6].sync_reg_reg[0]/D
                            (rising edge-triggered cell FDRE clocked by mmcm_clkout5  {rise@0.000ns fall@6.664ns period=13.328ns})
  Path Group:             mmcm_clkout5
  Path Type:              Setup (Max at Slow Process Corner)
  Requirement:            12.000ns  (MaxDelay Path 12.000ns)
  Data Path Delay:        0.568ns  (logic 0.079ns (13.908%)  route 0.489ns (86.092%))
  Logic Levels:           0  
  Timing Exception:       MaxDelay Path 12.000ns -datapath_only

    Location             Delay type                Incr(ns)  Path(ns)    Netlist Resource(s)
  -------------------------------------------------------------------    -------------------
    SLICE_X84Y186                                     0.000     0.000 r  core_inst/ddr_inst/u_ddr4/inst/u_ddr4_mem_intfc/u_ddr_cal_top/u_ddr_cal/u_xsdb_arbiter/slave_do_fclk_reg[6]/C
    SLICE_X84Y186        FDRE (Prop_FFF_SLICEL_C_Q)
                                                      0.079     0.079 r  core_inst/ddr_inst/u_ddr4/inst/u_ddr4_mem_intfc/u_ddr_cal_top/u_ddr_cal/u_xsdb_arbiter/slave_do_fclk_reg[6]/Q
                         net (fo=1, routed)           0.489     0.568    core_inst/ddr_inst/u_ddr4/inst/u_ddr4_mem_intfc/u_ddr_cal_top/u_ddr_cal/u_xsdb_arbiter/u_slave_do_sync/out[6]
    SLICE_X83Y188        FDRE                                         r  core_inst/ddr_inst/u_ddr4/inst/u_ddr4_mem_intfc/u_ddr_cal_top/u_ddr_cal/u_xsdb_arbiter/u_slave_do_sync/SYNC[6].sync_reg_reg[0]/D
  -------------------------------------------------------------------    -------------------

                         max delay                   12.000    12.000    
    SLICE_X83Y188        FDRE (Setup_DFF2_SLICEM_C_D)
                                                      0.025    12.025    core_inst/ddr_inst/u_ddr4/inst/u_ddr4_mem_intfc/u_ddr_cal_top/u_ddr_cal/u_xsdb_arbiter/u_slave_do_sync/SYNC[6].sync_reg_reg[0]
  -------------------------------------------------------------------
                         required time                         12.025    
                         arrival time                          -0.568    
  -------------------------------------------------------------------
                         slack                                 11.457    





---------------------------------------------------------------------------------------------------
From Clock:  dbg_hub/inst/BSCANID.u_xsdbm_id/SWITCH_N_EXT_BSCAN.bscan_inst/SERIES7_BSCAN.bscan_inst/INTERNAL_TCK
  To Clock:  mmcm_clkout5

Setup :            0  Failing Endpoints,  Worst Slack       49.529ns,  Total Violation        0.000ns
Hold  :           NA  Failing Endpoints,  Worst Slack           NA  ,  Total Violation           NA
---------------------------------------------------------------------------------------------------


Max Delay Paths
--------------------------------------------------------------------------------------
Slack (MET) :             49.529ns  (required time - arrival time)
  Source:                 dbg_hub/inst/BSCANID.u_xsdbm_id/CORE_XSDB.UUT_MASTER/U_ICON_INTERFACE/U_CMD6_WR/U_WR_FIFO/SUBCORE_FIFO.xsdbm_v3_0_0_wrfifo_inst/inst_fifo_gen/gconvfifo.rf/grf.rf/gntv_or_sync_fifo.gcx.clkx/gnxpm_cdc.wr_pntr_gc_reg[1]/C
                            (rising edge-triggered cell FDCE clocked by dbg_hub/inst/BSCANID.u_xsdbm_id/SWITCH_N_EXT_BSCAN.bscan_inst/SERIES7_BSCAN.bscan_inst/INTERNAL_TCK  {rise@0.000ns fall@25.000ns period=50.000ns})
  Destination:            dbg_hub/inst/BSCANID.u_xsdbm_id/CORE_XSDB.UUT_MASTER/U_ICON_INTERFACE/U_CMD6_WR/U_WR_FIFO/SUBCORE_FIFO.xsdbm_v3_0_0_wrfifo_inst/inst_fifo_gen/gconvfifo.rf/grf.rf/gntv_or_sync_fifo.gcx.clkx/gnxpm_cdc.gsync_stage[1].rd_stg_inst/Q_reg_reg[1]/D
                            (rising edge-triggered cell FDCE clocked by mmcm_clkout5  {rise@0.000ns fall@6.664ns period=13.328ns})
  Path Group:             mmcm_clkout5
  Path Type:              Setup (Max at Slow Process Corner)
  Requirement:            50.000ns  (MaxDelay Path 50.000ns)
  Data Path Delay:        0.496ns  (logic 0.078ns (15.726%)  route 0.418ns (84.274%))
  Logic Levels:           0  
  Timing Exception:       MaxDelay Path 50.000ns -datapath_only

    Location             Delay type                Incr(ns)  Path(ns)    Netlist Resource(s)
  -------------------------------------------------------------------    -------------------
    SLICE_X75Y184                                     0.000     0.000 r  dbg_hub/inst/BSCANID.u_xsdbm_id/CORE_XSDB.UUT_MASTER/U_ICON_INTERFACE/U_CMD6_WR/U_WR_FIFO/SUBCORE_FIFO.xsdbm_v3_0_0_wrfifo_inst/inst_fifo_gen/gconvfifo.rf/grf.rf/gntv_or_sync_fifo.gcx.clkx/gnxpm_cdc.wr_pntr_gc_reg[1]/C
    SLICE_X75Y184        FDCE (Prop_HFF2_SLICEM_C_Q)
                                                      0.078     0.078 r  dbg_hub/inst/BSCANID.u_xsdbm_id/CORE_XSDB.UUT_MASTER/U_ICON_INTERFACE/U_CMD6_WR/U_WR_FIFO/SUBCORE_FIFO.xsdbm_v3_0_0_wrfifo_inst/inst_fifo_gen/gconvfifo.rf/grf.rf/gntv_or_sync_fifo.gcx.clkx/gnxpm_cdc.wr_pntr_gc_reg[1]/Q
                         net (fo=1, routed)           0.418     0.496    dbg_hub/inst/BSCANID.u_xsdbm_id/CORE_XSDB.UUT_MASTER/U_ICON_INTERFACE/U_CMD6_WR/U_WR_FIFO/SUBCORE_FIFO.xsdbm_v3_0_0_wrfifo_inst/inst_fifo_gen/gconvfifo.rf/grf.rf/gntv_or_sync_fifo.gcx.clkx/gnxpm_cdc.gsync_stage[1].rd_stg_inst/Q[1]
    SLICE_X74Y184        FDCE                                         r  dbg_hub/inst/BSCANID.u_xsdbm_id/CORE_XSDB.UUT_MASTER/U_ICON_INTERFACE/U_CMD6_WR/U_WR_FIFO/SUBCORE_FIFO.xsdbm_v3_0_0_wrfifo_inst/inst_fifo_gen/gconvfifo.rf/grf.rf/gntv_or_sync_fifo.gcx.clkx/gnxpm_cdc.gsync_stage[1].rd_stg_inst/Q_reg_reg[1]/D
  -------------------------------------------------------------------    -------------------

                         max delay                   50.000    50.000    
    SLICE_X74Y184        FDCE (Setup_HFF2_SLICEL_C_D)
                                                      0.025    50.025    dbg_hub/inst/BSCANID.u_xsdbm_id/CORE_XSDB.UUT_MASTER/U_ICON_INTERFACE/U_CMD6_WR/U_WR_FIFO/SUBCORE_FIFO.xsdbm_v3_0_0_wrfifo_inst/inst_fifo_gen/gconvfifo.rf/grf.rf/gntv_or_sync_fifo.gcx.clkx/gnxpm_cdc.gsync_stage[1].rd_stg_inst/Q_reg_reg[1]
  -------------------------------------------------------------------
                         required time                         50.025    
                         arrival time                          -0.496    
  -------------------------------------------------------------------
                         slack                                 49.529    





---------------------------------------------------------------------------------------------------
From Clock:  mmcm_clkout0
  To Clock:  mmcm_clkout6

Setup :            0  Failing Endpoints,  Worst Slack        2.098ns,  Total Violation        0.000ns
Hold  :            0  Failing Endpoints,  Worst Slack        0.093ns,  Total Violation        0.000ns
---------------------------------------------------------------------------------------------------


Max Delay Paths
--------------------------------------------------------------------------------------
Slack (MET) :             2.098ns  (required time - arrival time)
  Source:                 core_inst/ddr_inst/u_ddr4/inst/u_ddr4_mem_intfc/u_ddr_cal_top/sample_gts_reg/C
                            (rising edge-triggered cell FDRE clocked by mmcm_clkout0  {rise@0.000ns fall@1.666ns period=3.332ns})
  Destination:            core_inst/ddr_inst/u_ddr4/inst/u_ddr4_mem_intfc/u_ddr_cal_riu/sample_gts_riu_reg/D
                            (rising edge-triggered cell FDRE clocked by mmcm_clkout6  {rise@0.000ns fall@3.332ns period=6.664ns})
  Path Group:             mmcm_clkout6
  Path Type:              Setup (Max at Slow Process Corner)
  Requirement:            3.332ns  (mmcm_clkout6 rise@6.664ns - mmcm_clkout0 rise@3.332ns)
  Data Path Delay:        0.875ns  (logic 0.079ns (9.029%)  route 0.796ns (90.971%))
  Logic Levels:           0  
  Clock Path Skew:        -0.208ns (DCD - SCD + CPR)
    Destination Clock Delay (DCD):    2.814ns = ( 9.478 - 6.664 ) 
    Source Clock Delay      (SCD):    2.443ns = ( 5.775 - 3.332 ) 
    Clock Pessimism Removal (CPR):    -0.578ns
  Clock Uncertainty:      0.176ns  ((TSJ^2 + DJ^2)^1/2) / 2 + PE
    Total System Jitter     (TSJ):    0.071ns
    Discrete Jitter          (DJ):    0.088ns
    Phase Error              (PE):    0.120ns
  Clock Net Delay (Source):      1.214ns (routing 0.171ns, distribution 1.043ns)
  Clock Net Delay (Destination): 1.029ns (routing 0.155ns, distribution 0.874ns)

    Location             Delay type                Incr(ns)  Path(ns)    Netlist Resource(s)
  -------------------------------------------------------------------    -------------------
                         (clock mmcm_clkout0 rise edge)
                                                      3.332     3.332 r  
    G13                                               0.000     3.332 r  c0_sys_clk_p (IN)
                         net (fo=0)                   0.100     3.432    core_inst/ddr_inst/u_ddr4/inst/u_ddr4_mem_intfc/u_mig_ddr4_phy/inst/u_ddr4_phy_pll/diff_input_clk.u_ibufg_sys_clk/I
    HPIOBDIFFINBUF_X0Y108
                         DIFFINBUF (Prop_DIFFINBUF_HPIOBDIFFINBUF_DIFF_IN_P_O)
                                                      0.549     3.981 r  core_inst/ddr_inst/u_ddr4/inst/u_ddr4_mem_intfc/u_mig_ddr4_phy/inst/u_ddr4_phy_pll/diff_input_clk.u_ibufg_sys_clk/DIFFINBUF_INST/O
                         net (fo=1, routed)           0.050     4.031    core_inst/ddr_inst/u_ddr4/inst/u_ddr4_mem_intfc/u_mig_ddr4_phy/inst/u_ddr4_phy_pll/diff_input_clk.u_ibufg_sys_clk/OUT
    G13                  IBUFCTRL (Prop_IBUFCTRL_HPIOB_M_I_O)
                                                      0.000     4.031 r  core_inst/ddr_inst/u_ddr4/inst/u_ddr4_mem_intfc/u_mig_ddr4_phy/inst/u_ddr4_phy_pll/diff_input_clk.u_ibufg_sys_clk/IBUFCTRL_INST/O
                         net (fo=2, routed)           0.384     4.415    core_inst/ddr_inst/u_ddr4/inst/u_ddr4_infrastructure/mmcm_clk_in
    MMCM_X0Y4            MMCME4_ADV (Prop_MMCM_CLKIN1_CLKOUT0)
                                                     -0.127     4.288 r  core_inst/ddr_inst/u_ddr4/inst/u_ddr4_infrastructure/gen_mmcme4.u_mmcme_adv_inst/CLKOUT0
                         net (fo=1, routed)           0.245     4.533    core_inst/ddr_inst/u_ddr4/inst/u_ddr4_infrastructure/mmcm_clkout0
    BUFGCE_X0Y118        BUFGCE (Prop_BUFCE_BUFGCE_I_O)
                                                      0.028     4.561 r  core_inst/ddr_inst/u_ddr4/inst/u_ddr4_infrastructure/u_bufg_divClk/O
    X4Y4 (CLOCK_ROOT)    net (fo=25160, routed)       1.214     5.775    core_inst/ddr_inst/u_ddr4/inst/u_ddr4_mem_intfc/u_ddr_cal_top/dReg_reg[10]
    SLICE_X85Y186        FDRE                                         r  core_inst/ddr_inst/u_ddr4/inst/u_ddr4_mem_intfc/u_ddr_cal_top/sample_gts_reg/C
  -------------------------------------------------------------------    -------------------
    SLICE_X85Y186        FDRE (Prop_DFF_SLICEL_C_Q)
                                                      0.079     5.854 r  core_inst/ddr_inst/u_ddr4/inst/u_ddr4_mem_intfc/u_ddr_cal_top/sample_gts_reg/Q
                         net (fo=1, routed)           0.796     6.650    core_inst/ddr_inst/u_ddr4/inst/u_ddr4_mem_intfc/u_ddr_cal_riu/sample_gts
    SLICE_X83Y193        FDRE                                         r  core_inst/ddr_inst/u_ddr4/inst/u_ddr4_mem_intfc/u_ddr_cal_riu/sample_gts_riu_reg/D
  -------------------------------------------------------------------    -------------------

                         (clock mmcm_clkout6 rise edge)
                                                      6.664     6.664 r  
    G13                                               0.000     6.664 r  c0_sys_clk_p (IN)
                         net (fo=0)                   0.079     6.743    core_inst/ddr_inst/u_ddr4/inst/u_ddr4_mem_intfc/u_mig_ddr4_phy/inst/u_ddr4_phy_pll/diff_input_clk.u_ibufg_sys_clk/I
    HPIOBDIFFINBUF_X0Y108
                         DIFFINBUF (Prop_DIFFINBUF_HPIOBDIFFINBUF_DIFF_IN_P_O)
                                                      0.453     7.196 r  core_inst/ddr_inst/u_ddr4/inst/u_ddr4_mem_intfc/u_mig_ddr4_phy/inst/u_ddr4_phy_pll/diff_input_clk.u_ibufg_sys_clk/DIFFINBUF_INST/O
                         net (fo=1, routed)           0.040     7.236    core_inst/ddr_inst/u_ddr4/inst/u_ddr4_mem_intfc/u_mig_ddr4_phy/inst/u_ddr4_phy_pll/diff_input_clk.u_ibufg_sys_clk/OUT
    G13                  IBUFCTRL (Prop_IBUFCTRL_HPIOB_M_I_O)
                                                      0.000     7.236 r  core_inst/ddr_inst/u_ddr4/inst/u_ddr4_mem_intfc/u_mig_ddr4_phy/inst/u_ddr4_phy_pll/diff_input_clk.u_ibufg_sys_clk/IBUFCTRL_INST/O
                         net (fo=2, routed)           0.333     7.569    core_inst/ddr_inst/u_ddr4/inst/u_ddr4_infrastructure/mmcm_clk_in
    MMCM_X0Y4            MMCME4_ADV (Prop_MMCM_CLKIN1_CLKOUT6)
                                                      0.630     8.199 r  core_inst/ddr_inst/u_ddr4/inst/u_ddr4_infrastructure/gen_mmcme4.u_mmcme_adv_inst/CLKOUT6
                         net (fo=1, routed)           0.226     8.425    core_inst/ddr_inst/u_ddr4/inst/u_ddr4_infrastructure/mmcm_clkout6
    BUFGCE_X0Y116        BUFGCE (Prop_BUFCE_BUFGCE_I_O)
                                                      0.024     8.449 r  core_inst/ddr_inst/u_ddr4/inst/u_ddr4_infrastructure/u_bufg_riuClk/O
    X4Y4 (CLOCK_ROOT)    net (fo=1761, routed)        1.029     9.478    core_inst/ddr_inst/u_ddr4/inst/u_ddr4_mem_intfc/u_ddr_cal_riu/CLK
    SLICE_X83Y193        FDRE                                         r  core_inst/ddr_inst/u_ddr4/inst/u_ddr4_mem_intfc/u_ddr_cal_riu/sample_gts_riu_reg/C
                         clock pessimism             -0.578     8.899    
                         clock uncertainty           -0.176     8.723    
    SLICE_X83Y193        FDRE (Setup_BFF2_SLICEM_C_D)
                                                      0.025     8.748    core_inst/ddr_inst/u_ddr4/inst/u_ddr4_mem_intfc/u_ddr_cal_riu/sample_gts_riu_reg
  -------------------------------------------------------------------
                         required time                          8.748    
                         arrival time                          -6.650    
  -------------------------------------------------------------------
                         slack                                  2.098    





Min Delay Paths
--------------------------------------------------------------------------------------
Slack (MET) :             0.093ns  (arrival time - required time)
  Source:                 core_inst/ddr_inst/u_ddr4/inst/u_ddr4_mem_intfc/u_ddr_cal_top/sample_gts_reg/C
                            (rising edge-triggered cell FDRE clocked by mmcm_clkout0  {rise@0.000ns fall@1.666ns period=3.332ns})
  Destination:            core_inst/ddr_inst/u_ddr4/inst/u_ddr4_mem_intfc/u_ddr_cal_riu/sample_gts_riu_reg/D
                            (rising edge-triggered cell FDRE clocked by mmcm_clkout6  {rise@0.000ns fall@3.332ns period=6.664ns})
  Path Group:             mmcm_clkout6
  Path Type:              Hold (Min at Fast Process Corner)
  Requirement:            0.000ns  (mmcm_clkout6 rise@0.000ns - mmcm_clkout0 rise@0.000ns)
  Data Path Delay:        0.432ns  (logic 0.039ns (9.028%)  route 0.393ns (90.972%))
  Logic Levels:           0  
  Clock Path Skew:        0.115ns (DCD - SCD - CPR)
    Destination Clock Delay (DCD):    1.434ns
    Source Clock Delay      (SCD):    1.688ns
    Clock Pessimism Removal (CPR):    -0.369ns
  Clock Uncertainty:      0.176ns  ((TSJ^2 + DJ^2)^1/2) / 2 + PE
    Total System Jitter     (TSJ):    0.071ns
    Discrete Jitter          (DJ):    0.088ns
    Phase Error              (PE):    0.120ns
  Clock Net Delay (Source):      0.673ns (routing 0.096ns, distribution 0.577ns)
  Clock Net Delay (Destination): 0.756ns (routing 0.108ns, distribution 0.648ns)

    Location             Delay type                Incr(ns)  Path(ns)    Netlist Resource(s)
  -------------------------------------------------------------------    -------------------
                         (clock mmcm_clkout0 rise edge)
                                                      0.000     0.000 r  
    G13                                               0.000     0.000 r  c0_sys_clk_p (IN)
                         net (fo=0)                   0.079     0.079    core_inst/ddr_inst/u_ddr4/inst/u_ddr4_mem_intfc/u_mig_ddr4_phy/inst/u_ddr4_phy_pll/diff_input_clk.u_ibufg_sys_clk/I
    HPIOBDIFFINBUF_X0Y108
                         DIFFINBUF (Prop_DIFFINBUF_HPIOBDIFFINBUF_DIFF_IN_P_O)
                                                      0.308     0.387 r  core_inst/ddr_inst/u_ddr4/inst/u_ddr4_mem_intfc/u_mig_ddr4_phy/inst/u_ddr4_phy_pll/diff_input_clk.u_ibufg_sys_clk/DIFFINBUF_INST/O
                         net (fo=1, routed)           0.040     0.427    core_inst/ddr_inst/u_ddr4/inst/u_ddr4_mem_intfc/u_mig_ddr4_phy/inst/u_ddr4_phy_pll/diff_input_clk.u_ibufg_sys_clk/OUT
    G13                  IBUFCTRL (Prop_IBUFCTRL_HPIOB_M_I_O)
                                                      0.000     0.427 r  core_inst/ddr_inst/u_ddr4/inst/u_ddr4_mem_intfc/u_mig_ddr4_phy/inst/u_ddr4_phy_pll/diff_input_clk.u_ibufg_sys_clk/IBUFCTRL_INST/O
                         net (fo=2, routed)           0.196     0.623    core_inst/ddr_inst/u_ddr4/inst/u_ddr4_infrastructure/mmcm_clk_in
    MMCM_X0Y4            MMCME4_ADV (Prop_MMCM_CLKIN1_CLKOUT0)
                                                      0.230     0.853 r  core_inst/ddr_inst/u_ddr4/inst/u_ddr4_infrastructure/gen_mmcme4.u_mmcme_adv_inst/CLKOUT0
                         net (fo=1, routed)           0.146     0.999    core_inst/ddr_inst/u_ddr4/inst/u_ddr4_infrastructure/mmcm_clkout0
    BUFGCE_X0Y118        BUFGCE (Prop_BUFCE_BUFGCE_I_O)
                                                      0.017     1.016 r  core_inst/ddr_inst/u_ddr4/inst/u_ddr4_infrastructure/u_bufg_divClk/O
    X4Y4 (CLOCK_ROOT)    net (fo=25160, routed)       0.673     1.688    core_inst/ddr_inst/u_ddr4/inst/u_ddr4_mem_intfc/u_ddr_cal_top/dReg_reg[10]
    SLICE_X85Y186        FDRE                                         r  core_inst/ddr_inst/u_ddr4/inst/u_ddr4_mem_intfc/u_ddr_cal_top/sample_gts_reg/C
  -------------------------------------------------------------------    -------------------
    SLICE_X85Y186        FDRE (Prop_DFF_SLICEL_C_Q)
                                                      0.039     1.727 r  core_inst/ddr_inst/u_ddr4/inst/u_ddr4_mem_intfc/u_ddr_cal_top/sample_gts_reg/Q
                         net (fo=1, routed)           0.393     2.120    core_inst/ddr_inst/u_ddr4/inst/u_ddr4_mem_intfc/u_ddr_cal_riu/sample_gts
    SLICE_X83Y193        FDRE                                         r  core_inst/ddr_inst/u_ddr4/inst/u_ddr4_mem_intfc/u_ddr_cal_riu/sample_gts_riu_reg/D
  -------------------------------------------------------------------    -------------------

                         (clock mmcm_clkout6 rise edge)
                                                      0.000     0.000 r  
    G13                                               0.000     0.000 r  c0_sys_clk_p (IN)
                         net (fo=0)                   0.100     0.100    core_inst/ddr_inst/u_ddr4/inst/u_ddr4_mem_intfc/u_mig_ddr4_phy/inst/u_ddr4_phy_pll/diff_input_clk.u_ibufg_sys_clk/I
    HPIOBDIFFINBUF_X0Y108
                         DIFFINBUF (Prop_DIFFINBUF_HPIOBDIFFINBUF_DIFF_IN_P_O)
                                                      0.406     0.506 r  core_inst/ddr_inst/u_ddr4/inst/u_ddr4_mem_intfc/u_mig_ddr4_phy/inst/u_ddr4_phy_pll/diff_input_clk.u_ibufg_sys_clk/DIFFINBUF_INST/O
                         net (fo=1, routed)           0.050     0.556    core_inst/ddr_inst/u_ddr4/inst/u_ddr4_mem_intfc/u_mig_ddr4_phy/inst/u_ddr4_phy_pll/diff_input_clk.u_ibufg_sys_clk/OUT
    G13                  IBUFCTRL (Prop_IBUFCTRL_HPIOB_M_I_O)
                                                      0.000     0.556 r  core_inst/ddr_inst/u_ddr4/inst/u_ddr4_mem_intfc/u_mig_ddr4_phy/inst/u_ddr4_phy_pll/diff_input_clk.u_ibufg_sys_clk/IBUFCTRL_INST/O
                         net (fo=2, routed)           0.222     0.778    core_inst/ddr_inst/u_ddr4/inst/u_ddr4_infrastructure/mmcm_clk_in
    MMCM_X0Y4            MMCME4_ADV (Prop_MMCM_CLKIN1_CLKOUT6)
                                                     -0.295     0.483 r  core_inst/ddr_inst/u_ddr4/inst/u_ddr4_infrastructure/gen_mmcme4.u_mmcme_adv_inst/CLKOUT6
                         net (fo=1, routed)           0.176     0.659    core_inst/ddr_inst/u_ddr4/inst/u_ddr4_infrastructure/mmcm_clkout6
    BUFGCE_X0Y116        BUFGCE (Prop_BUFCE_BUFGCE_I_O)
                                                      0.019     0.678 r  core_inst/ddr_inst/u_ddr4/inst/u_ddr4_infrastructure/u_bufg_riuClk/O
    X4Y4 (CLOCK_ROOT)    net (fo=1761, routed)        0.756     1.434    core_inst/ddr_inst/u_ddr4/inst/u_ddr4_mem_intfc/u_ddr_cal_riu/CLK
    SLICE_X83Y193        FDRE                                         r  core_inst/ddr_inst/u_ddr4/inst/u_ddr4_mem_intfc/u_ddr_cal_riu/sample_gts_riu_reg/C
                         clock pessimism              0.369     1.804    
                         clock uncertainty            0.176     1.980    
    SLICE_X83Y193        FDRE (Hold_BFF2_SLICEM_C_D)
                                                      0.047     2.027    core_inst/ddr_inst/u_ddr4/inst/u_ddr4_mem_intfc/u_ddr_cal_riu/sample_gts_riu_reg
  -------------------------------------------------------------------
                         required time                         -2.027    
                         arrival time                           2.120    
  -------------------------------------------------------------------
                         slack                                  0.093    





---------------------------------------------------------------------------------------------------
From Clock:  mmcm_clkout0
  To Clock:  clk_125_mmcm

Setup :            0  Failing Endpoints,  Worst Slack        2.580ns,  Total Violation        0.000ns
Hold  :           NA  Failing Endpoints,  Worst Slack           NA  ,  Total Violation           NA
---------------------------------------------------------------------------------------------------


Max Delay Paths
--------------------------------------------------------------------------------------
Slack (MET) :             2.580ns  (required time - arrival time)
  Source:                 core_inst/ddr_inst/u_wfifo/fifo_inst/s_rst_sync1_reg_reg/C
                            (rising edge-triggered cell FDPE clocked by mmcm_clkout0  {rise@0.000ns fall@1.666ns period=3.332ns})
  Destination:            core_inst/ddr_inst/u_wfifo/fifo_inst/s_rst_sync2_reg_reg/D
                            (rising edge-triggered cell FDRE clocked by clk_125_mmcm  {rise@0.000ns fall@4.000ns period=8.000ns})
  Path Group:             clk_125_mmcm
  Path Type:              Setup (Max at Slow Process Corner)
  Requirement:            3.332ns  (MaxDelay Path 3.332ns)
  Data Path Delay:        0.777ns  (logic 0.077ns (9.906%)  route 0.700ns (90.094%))
  Logic Levels:           0  
  Timing Exception:       MaxDelay Path 3.332ns -datapath_only

    Location             Delay type                Incr(ns)  Path(ns)    Netlist Resource(s)
  -------------------------------------------------------------------    -------------------
    SLICE_X72Y257                                     0.000     0.000 r  core_inst/ddr_inst/u_wfifo/fifo_inst/s_rst_sync1_reg_reg/C
    SLICE_X72Y257        FDPE (Prop_AFF_SLICEM_C_Q)
                                                      0.077     0.077 r  core_inst/ddr_inst/u_wfifo/fifo_inst/s_rst_sync1_reg_reg/Q
                         net (fo=2, routed)           0.700     0.777    core_inst/ddr_inst/u_wfifo/fifo_inst/m_rst_sync1_reg
    SLICE_X71Y300        FDRE                                         r  core_inst/ddr_inst/u_wfifo/fifo_inst/s_rst_sync2_reg_reg/D
  -------------------------------------------------------------------    -------------------

                         max delay                    3.332     3.332    
    SLICE_X71Y300        FDRE (Setup_DFF2_SLICEL_C_D)
                                                      0.025     3.357    core_inst/ddr_inst/u_wfifo/fifo_inst/s_rst_sync2_reg_reg
  -------------------------------------------------------------------
                         required time                          3.357    
                         arrival time                          -0.777    
  -------------------------------------------------------------------
                         slack                                  2.580    





---------------------------------------------------------------------------------------------------
From Clock:  mmcm_clkout0
  To Clock:  clk_400_mmcm

Setup :            0  Failing Endpoints,  Worst Slack        2.864ns,  Total Violation        0.000ns
Hold  :           NA  Failing Endpoints,  Worst Slack           NA  ,  Total Violation           NA
---------------------------------------------------------------------------------------------------


Max Delay Paths
--------------------------------------------------------------------------------------
Slack (MET) :             2.864ns  (required time - arrival time)
  Source:                 core_inst/ddr_inst/u_wfifo/fifo_inst/s_rst_sync1_reg_reg/C
                            (rising edge-triggered cell FDPE clocked by mmcm_clkout0  {rise@0.000ns fall@1.666ns period=3.332ns})
  Destination:            core_inst/ddr_inst/u_rfifo/fifo_inst/m_rst_sync2_reg_reg/D
                            (rising edge-triggered cell FDRE clocked by clk_400_mmcm  {rise@0.000ns fall@1.250ns period=2.500ns})
  Path Group:             clk_400_mmcm
  Path Type:              Setup (Max at Slow Process Corner)
  Requirement:            3.332ns  (MaxDelay Path 3.332ns)
  Data Path Delay:        0.493ns  (logic 0.077ns (15.614%)  route 0.416ns (84.386%))
  Logic Levels:           0  
  Timing Exception:       MaxDelay Path 3.332ns -datapath_only

    Location             Delay type                Incr(ns)  Path(ns)    Netlist Resource(s)
  -------------------------------------------------------------------    -------------------
    SLICE_X72Y257                                     0.000     0.000 r  core_inst/ddr_inst/u_wfifo/fifo_inst/s_rst_sync1_reg_reg/C
    SLICE_X72Y257        FDPE (Prop_AFF_SLICEM_C_Q)
                                                      0.077     0.077 r  core_inst/ddr_inst/u_wfifo/fifo_inst/s_rst_sync1_reg_reg/Q
                         net (fo=2, routed)           0.416     0.493    core_inst/ddr_inst/u_rfifo/fifo_inst/m_rst_sync1_reg
    SLICE_X70Y247        FDRE                                         r  core_inst/ddr_inst/u_rfifo/fifo_inst/m_rst_sync2_reg_reg/D
  -------------------------------------------------------------------    -------------------

                         max delay                    3.332     3.332    
    SLICE_X70Y247        FDRE (Setup_DFF2_SLICEM_C_D)
                                                      0.025     3.357    core_inst/ddr_inst/u_rfifo/fifo_inst/m_rst_sync2_reg_reg
  -------------------------------------------------------------------
                         required time                          3.357    
                         arrival time                          -0.493    
  -------------------------------------------------------------------
                         slack                                  2.864    





---------------------------------------------------------------------------------------------------
From Clock:  txoutclk_out[0]
  To Clock:  clk_400_mmcm

Setup :            0  Failing Endpoints,  Worst Slack        2.529ns,  Total Violation        0.000ns
Hold  :           NA  Failing Endpoints,  Worst Slack           NA  ,  Total Violation           NA
---------------------------------------------------------------------------------------------------


Max Delay Paths
--------------------------------------------------------------------------------------
Slack (MET) :             2.529ns  (required time - arrival time)
  Source:                 core_inst/rx_fifo/fifo_inst/wr_ptr_sync_gray_reg_reg[1]/C
                            (rising edge-triggered cell FDRE clocked by txoutclk_out[0]  {rise@0.000ns fall@1.552ns period=3.103ns})
  Destination:            core_inst/rx_fifo/fifo_inst/wr_ptr_gray_sync1_reg_reg[1]/D
                            (rising edge-triggered cell FDRE clocked by clk_400_mmcm  {rise@0.000ns fall@1.250ns period=2.500ns})
  Path Group:             clk_400_mmcm
  Path Type:              Setup (Max at Slow Process Corner)
  Requirement:            3.103ns  (MaxDelay Path 3.103ns)
  Data Path Delay:        0.599ns  (logic 0.078ns (13.022%)  route 0.521ns (86.978%))
  Logic Levels:           0  
  Timing Exception:       MaxDelay Path 3.103ns -datapath_only

    Location             Delay type                Incr(ns)  Path(ns)    Netlist Resource(s)
  -------------------------------------------------------------------    -------------------
    SLICE_X23Y240                                     0.000     0.000 r  core_inst/rx_fifo/fifo_inst/wr_ptr_sync_gray_reg_reg[1]/C
    SLICE_X23Y240        FDRE (Prop_HFF2_SLICEM_C_Q)
                                                      0.078     0.078 r  core_inst/rx_fifo/fifo_inst/wr_ptr_sync_gray_reg_reg[1]/Q
                         net (fo=1, routed)           0.521     0.599    core_inst/rx_fifo/fifo_inst/wr_ptr_sync_gray_reg_reg_n_0_[1]
    SLICE_X22Y244        FDRE                                         r  core_inst/rx_fifo/fifo_inst/wr_ptr_gray_sync1_reg_reg[1]/D
  -------------------------------------------------------------------    -------------------

                         max delay                    3.103     3.103    
    SLICE_X22Y244        FDRE (Setup_BFF_SLICEL_C_D)
                                                      0.025     3.128    core_inst/rx_fifo/fifo_inst/wr_ptr_gray_sync1_reg_reg[1]
  -------------------------------------------------------------------
                         required time                          3.128    
                         arrival time                          -0.599    
  -------------------------------------------------------------------
                         slack                                  2.529    





---------------------------------------------------------------------------------------------------
From Clock:  mmcm_clkout5
  To Clock:  dbg_hub/inst/BSCANID.u_xsdbm_id/SWITCH_N_EXT_BSCAN.bscan_inst/SERIES7_BSCAN.bscan_inst/INTERNAL_TCK

Setup :            0  Failing Endpoints,  Worst Slack       12.880ns,  Total Violation        0.000ns
Hold  :           NA  Failing Endpoints,  Worst Slack           NA  ,  Total Violation           NA
---------------------------------------------------------------------------------------------------


Max Delay Paths
--------------------------------------------------------------------------------------
Slack (MET) :             12.880ns  (required time - arrival time)
  Source:                 dbg_hub/inst/BSCANID.u_xsdbm_id/CORE_XSDB.UUT_MASTER/U_ICON_INTERFACE/U_CMD6_RD/U_RD_FIFO/SUBCORE_FIFO.xsdbm_v3_0_0_rdfifo_inst/inst_fifo_gen/gconvfifo.rf/grf.rf/gntv_or_sync_fifo.gcx.clkx/gnxpm_cdc.wr_pntr_gc_reg[3]/C
                            (rising edge-triggered cell FDCE clocked by mmcm_clkout5  {rise@0.000ns fall@6.664ns period=13.328ns})
  Destination:            dbg_hub/inst/BSCANID.u_xsdbm_id/CORE_XSDB.UUT_MASTER/U_ICON_INTERFACE/U_CMD6_RD/U_RD_FIFO/SUBCORE_FIFO.xsdbm_v3_0_0_rdfifo_inst/inst_fifo_gen/gconvfifo.rf/grf.rf/gntv_or_sync_fifo.gcx.clkx/gnxpm_cdc.gsync_stage[1].rd_stg_inst/Q_reg_reg[3]/D
                            (rising edge-triggered cell FDCE clocked by dbg_hub/inst/BSCANID.u_xsdbm_id/SWITCH_N_EXT_BSCAN.bscan_inst/SERIES7_BSCAN.bscan_inst/INTERNAL_TCK  {rise@0.000ns fall@25.000ns period=50.000ns})
  Path Group:             dbg_hub/inst/BSCANID.u_xsdbm_id/SWITCH_N_EXT_BSCAN.bscan_inst/SERIES7_BSCAN.bscan_inst/INTERNAL_TCK
  Path Type:              Setup (Max at Slow Process Corner)
  Requirement:            13.328ns  (MaxDelay Path 13.328ns)
  Data Path Delay:        0.473ns  (logic 0.077ns (16.279%)  route 0.396ns (83.721%))
  Logic Levels:           0  
  Timing Exception:       MaxDelay Path 13.328ns -datapath_only

    Location             Delay type                Incr(ns)  Path(ns)    Netlist Resource(s)
  -------------------------------------------------------------------    -------------------
    SLICE_X76Y193                                     0.000     0.000 r  dbg_hub/inst/BSCANID.u_xsdbm_id/CORE_XSDB.UUT_MASTER/U_ICON_INTERFACE/U_CMD6_RD/U_RD_FIFO/SUBCORE_FIFO.xsdbm_v3_0_0_rdfifo_inst/inst_fifo_gen/gconvfifo.rf/grf.rf/gntv_or_sync_fifo.gcx.clkx/gnxpm_cdc.wr_pntr_gc_reg[3]/C
    SLICE_X76Y193        FDCE (Prop_AFF_SLICEM_C_Q)
                                                      0.077     0.077 r  dbg_hub/inst/BSCANID.u_xsdbm_id/CORE_XSDB.UUT_MASTER/U_ICON_INTERFACE/U_CMD6_RD/U_RD_FIFO/SUBCORE_FIFO.xsdbm_v3_0_0_rdfifo_inst/inst_fifo_gen/gconvfifo.rf/grf.rf/gntv_or_sync_fifo.gcx.clkx/gnxpm_cdc.wr_pntr_gc_reg[3]/Q
                         net (fo=1, routed)           0.396     0.473    dbg_hub/inst/BSCANID.u_xsdbm_id/CORE_XSDB.UUT_MASTER/U_ICON_INTERFACE/U_CMD6_RD/U_RD_FIFO/SUBCORE_FIFO.xsdbm_v3_0_0_rdfifo_inst/inst_fifo_gen/gconvfifo.rf/grf.rf/gntv_or_sync_fifo.gcx.clkx/gnxpm_cdc.gsync_stage[1].rd_stg_inst/Q[3]
    SLICE_X76Y193        FDCE                                         r  dbg_hub/inst/BSCANID.u_xsdbm_id/CORE_XSDB.UUT_MASTER/U_ICON_INTERFACE/U_CMD6_RD/U_RD_FIFO/SUBCORE_FIFO.xsdbm_v3_0_0_rdfifo_inst/inst_fifo_gen/gconvfifo.rf/grf.rf/gntv_or_sync_fifo.gcx.clkx/gnxpm_cdc.gsync_stage[1].rd_stg_inst/Q_reg_reg[3]/D
  -------------------------------------------------------------------    -------------------

                         max delay                   13.328    13.328    
    SLICE_X76Y193        FDCE (Setup_FFF2_SLICEM_C_D)
                                                      0.025    13.353    dbg_hub/inst/BSCANID.u_xsdbm_id/CORE_XSDB.UUT_MASTER/U_ICON_INTERFACE/U_CMD6_RD/U_RD_FIFO/SUBCORE_FIFO.xsdbm_v3_0_0_rdfifo_inst/inst_fifo_gen/gconvfifo.rf/grf.rf/gntv_or_sync_fifo.gcx.clkx/gnxpm_cdc.gsync_stage[1].rd_stg_inst/Q_reg_reg[3]
  -------------------------------------------------------------------
                         required time                         13.353    
                         arrival time                          -0.473    
  -------------------------------------------------------------------
                         slack                                 12.880    





---------------------------------------------------------------------------------------------------
From Clock:  clk_400_mmcm
  To Clock:  txoutclk_out[0]

Setup :            0  Failing Endpoints,  Worst Slack        1.879ns,  Total Violation        0.000ns
Hold  :           NA  Failing Endpoints,  Worst Slack           NA  ,  Total Violation           NA
---------------------------------------------------------------------------------------------------


Max Delay Paths
--------------------------------------------------------------------------------------
Slack (MET) :             1.879ns  (required time - arrival time)
  Source:                 core_inst/tx_fifo/fifo_inst/wr_ptr_sync_gray_reg_reg[2]/C
                            (rising edge-triggered cell FDRE clocked by clk_400_mmcm  {rise@0.000ns fall@1.250ns period=2.500ns})
  Destination:            core_inst/tx_fifo/fifo_inst/wr_ptr_gray_sync1_reg_reg[2]/D
                            (rising edge-triggered cell FDRE clocked by txoutclk_out[0]  {rise@0.000ns fall@1.552ns period=3.103ns})
  Path Group:             txoutclk_out[0]
  Path Type:              Setup (Max at Slow Process Corner)
  Requirement:            2.500ns  (MaxDelay Path 2.500ns)
  Data Path Delay:        0.646ns  (logic 0.079ns (12.229%)  route 0.567ns (87.771%))
  Logic Levels:           0  
  Timing Exception:       MaxDelay Path 2.500ns -datapath_only

    Location             Delay type                Incr(ns)  Path(ns)    Netlist Resource(s)
  -------------------------------------------------------------------    -------------------
    SLICE_X16Y198                                     0.000     0.000 r  core_inst/tx_fifo/fifo_inst/wr_ptr_sync_gray_reg_reg[2]/C
    SLICE_X16Y198        FDRE (Prop_CFF_SLICEL_C_Q)
                                                      0.079     0.079 r  core_inst/tx_fifo/fifo_inst/wr_ptr_sync_gray_reg_reg[2]/Q
                         net (fo=1, routed)           0.567     0.646    core_inst/tx_fifo/fifo_inst/wr_ptr_sync_gray_reg[2]
    SLICE_X16Y197        FDRE                                         r  core_inst/tx_fifo/fifo_inst/wr_ptr_gray_sync1_reg_reg[2]/D
  -------------------------------------------------------------------    -------------------

                         max delay                    2.500     2.500    
    SLICE_X16Y197        FDRE (Setup_EFF2_SLICEL_C_D)
                                                      0.025     2.525    core_inst/tx_fifo/fifo_inst/wr_ptr_gray_sync1_reg_reg[2]
  -------------------------------------------------------------------
                         required time                          2.525    
                         arrival time                          -0.646    
  -------------------------------------------------------------------
                         slack                                  1.879    





---------------------------------------------------------------------------------------------------
Path Group:  **async_default**
From Clock:  clk_125_mmcm
  To Clock:  clk_125_mmcm

Setup :            0  Failing Endpoints,  Worst Slack        6.693ns,  Total Violation        0.000ns
Hold  :            0  Failing Endpoints,  Worst Slack        0.464ns,  Total Violation        0.000ns
---------------------------------------------------------------------------------------------------


Max Delay Paths
--------------------------------------------------------------------------------------
Slack (MET) :             6.693ns  (required time - arrival time)
  Source:                 rst_125_sync/sync_reg_reg[3]/C
                            (rising edge-triggered cell FDPE clocked by clk_125_mmcm  {rise@0.000ns fall@4.000ns period=8.000ns})
  Destination:            core_inst/ddr_inst/u_wfifo/fifo_inst/m_rst_sync1_reg_reg/PRE
                            (recovery check against rising-edge clock clk_125_mmcm  {rise@0.000ns fall@4.000ns period=8.000ns})
  Path Group:             **async_default**
  Path Type:              Recovery (Max at Slow Process Corner)
  Requirement:            8.000ns  (clk_125_mmcm rise@8.000ns - clk_125_mmcm rise@0.000ns)
  Data Path Delay:        1.137ns  (logic 0.077ns (6.774%)  route 1.060ns (93.226%))
  Logic Levels:           0  
  Clock Path Skew:        -0.033ns (DCD - SCD + CPR)
    Destination Clock Delay (DCD):    4.170ns = ( 12.170 - 8.000 ) 
    Source Clock Delay      (SCD):    3.814ns
    Clock Pessimism Removal (CPR):    -0.389ns
  Clock Uncertainty:      0.071ns  ((TSJ^2 + DJ^2)^1/2) / 2 + PE
    Total System Jitter     (TSJ):    0.071ns
    Discrete Jitter          (DJ):    0.124ns
    Phase Error              (PE):    0.000ns
  Clock Net Delay (Source):      2.498ns (routing 1.491ns, distribution 1.007ns)
  Clock Net Delay (Destination): 2.325ns (routing 1.355ns, distribution 0.970ns)

    Location             Delay type                Incr(ns)  Path(ns)    Netlist Resource(s)
  -------------------------------------------------------------------    -------------------
                         (clock clk_125_mmcm rise edge)
                                                      0.000     0.000 r  
    AM15                                              0.000     0.000 r  clk_p (IN)
                         net (fo=0)                   0.100     0.100    clk_in_ibufds/I
    HPIOBDIFFINBUF_X0Y10 DIFFINBUF (Prop_DIFFINBUF_HPIOBDIFFINBUF_DIFF_IN_P_O)
                                                      0.617     0.717 r  clk_in_ibufds/DIFFINBUF_INST/O
                         net (fo=1, routed)           0.050     0.767    clk_in_ibufds/OUT
    AM15                 IBUFCTRL (Prop_IBUFCTRL_HPIOB_M_I_O)
                                                      0.000     0.767 r  clk_in_ibufds/IBUFCTRL_INST/O
                         net (fo=1, routed)           0.397     1.164    clk_in
    MMCM_X0Y0            MMCME4_ADV (Prop_MMCM_CLKIN1_CLKOUT1)
                                                     -0.127     1.037 r  clk_mmcm/CLKOUT1
                         net (fo=1, routed)           0.251     1.288    clk_125_mmcm
    BUFGCE_X0Y17         BUFGCE (Prop_BUFCE_BUFGCE_I_O)
                                                      0.028     1.316 r  clk_125_bufg/O
    X2Y4 (CLOCK_ROOT)    net (fo=1412, routed)        2.498     3.814    rst_125_sync/CLK
    SLICE_X56Y235        FDPE                                         r  rst_125_sync/sync_reg_reg[3]/C
  -------------------------------------------------------------------    -------------------
    SLICE_X56Y235        FDPE (Prop_CFF2_SLICEM_C_Q)
                                                      0.077     3.891 f  rst_125_sync/sync_reg_reg[3]/Q
                         net (fo=58, routed)          1.060     4.950    core_inst/ddr_inst/u_wfifo/fifo_inst/rst_wr
    SLICE_X70Y294        FDPE                                         f  core_inst/ddr_inst/u_wfifo/fifo_inst/m_rst_sync1_reg_reg/PRE
  -------------------------------------------------------------------    -------------------

                         (clock clk_125_mmcm rise edge)
                                                      8.000     8.000 r  
    AM15                                              0.000     8.000 r  clk_p (IN)
                         net (fo=0)                   0.079     8.079    clk_in_ibufds/I
    HPIOBDIFFINBUF_X0Y10 DIFFINBUF (Prop_DIFFINBUF_HPIOBDIFFINBUF_DIFF_IN_P_O)
                                                      0.507     8.586 r  clk_in_ibufds/DIFFINBUF_INST/O
                         net (fo=1, routed)           0.040     8.626    clk_in_ibufds/OUT
    AM15                 IBUFCTRL (Prop_IBUFCTRL_HPIOB_M_I_O)
                                                      0.000     8.626 r  clk_in_ibufds/IBUFCTRL_INST/O
                         net (fo=1, routed)           0.344     8.970    clk_in
    MMCM_X0Y0            MMCME4_ADV (Prop_MMCM_CLKIN1_CLKOUT1)
                                                      0.630     9.600 r  clk_mmcm/CLKOUT1
                         net (fo=1, routed)           0.221     9.821    clk_125_mmcm
    BUFGCE_X0Y17         BUFGCE (Prop_BUFCE_BUFGCE_I_O)
                                                      0.024     9.845 r  clk_125_bufg/O
    X2Y4 (CLOCK_ROOT)    net (fo=1412, routed)        2.325    12.170    core_inst/ddr_inst/u_wfifo/fifo_inst/clk_wr
    SLICE_X70Y294        FDPE                                         r  core_inst/ddr_inst/u_wfifo/fifo_inst/m_rst_sync1_reg_reg/C
                         clock pessimism             -0.389    11.781    
                         clock uncertainty           -0.071    11.709    
    SLICE_X70Y294        FDPE (Recov_EFF_SLICEM_C_PRE)
                                                     -0.066    11.643    core_inst/ddr_inst/u_wfifo/fifo_inst/m_rst_sync1_reg_reg
  -------------------------------------------------------------------
                         required time                         11.643    
                         arrival time                          -4.950    
  -------------------------------------------------------------------
                         slack                                  6.693    





Min Delay Paths
--------------------------------------------------------------------------------------
Slack (MET) :             0.464ns  (arrival time - required time)
  Source:                 rst_125_sync/sync_reg_reg[3]/C
                            (rising edge-triggered cell FDPE clocked by clk_125_mmcm  {rise@0.000ns fall@4.000ns period=8.000ns})
  Destination:            core_inst/ddr_inst/u_wfifo/fifo_inst/m_rst_sync1_reg_reg/PRE
                            (removal check against rising-edge clock clk_125_mmcm  {rise@0.000ns fall@4.000ns period=8.000ns})
  Path Group:             **async_default**
  Path Type:              Removal (Min at Fast Process Corner)
  Requirement:            0.000ns  (clk_125_mmcm rise@0.000ns - clk_125_mmcm rise@0.000ns)
  Data Path Delay:        0.576ns  (logic 0.039ns (6.765%)  route 0.537ns (93.235%))
  Logic Levels:           0  
  Clock Path Skew:        0.132ns (DCD - SCD - CPR)
    Destination Clock Delay (DCD):    2.275ns
    Source Clock Delay      (SCD):    2.383ns
    Clock Pessimism Removal (CPR):    -0.240ns
  Clock Net Delay (Source):      1.382ns (routing 0.819ns, distribution 0.563ns)
  Clock Net Delay (Destination): 1.613ns (routing 0.915ns, distribution 0.698ns)

    Location             Delay type                Incr(ns)  Path(ns)    Netlist Resource(s)
  -------------------------------------------------------------------    -------------------
                         (clock clk_125_mmcm rise edge)
                                                      0.000     0.000 r  
    AM15                                              0.000     0.000 r  clk_p (IN)
                         net (fo=0)                   0.079     0.079    clk_in_ibufds/I
    HPIOBDIFFINBUF_X0Y10 DIFFINBUF (Prop_DIFFINBUF_HPIOBDIFFINBUF_DIFF_IN_P_O)
                                                      0.283     0.362 r  clk_in_ibufds/DIFFINBUF_INST/O
                         net (fo=1, routed)           0.040     0.402    clk_in_ibufds/OUT
    AM15                 IBUFCTRL (Prop_IBUFCTRL_HPIOB_M_I_O)
                                                      0.000     0.402 r  clk_in_ibufds/IBUFCTRL_INST/O
                         net (fo=1, routed)           0.203     0.605    clk_in
    MMCM_X0Y0            MMCME4_ADV (Prop_MMCM_CLKIN1_CLKOUT1)
                                                      0.230     0.835 r  clk_mmcm/CLKOUT1
                         net (fo=1, routed)           0.149     0.984    clk_125_mmcm
    BUFGCE_X0Y17         BUFGCE (Prop_BUFCE_BUFGCE_I_O)
                                                      0.017     1.001 r  clk_125_bufg/O
    X2Y4 (CLOCK_ROOT)    net (fo=1412, routed)        1.382     2.383    rst_125_sync/CLK
    SLICE_X56Y235        FDPE                                         r  rst_125_sync/sync_reg_reg[3]/C
  -------------------------------------------------------------------    -------------------
    SLICE_X56Y235        FDPE (Prop_CFF2_SLICEM_C_Q)
                                                      0.039     2.422 f  rst_125_sync/sync_reg_reg[3]/Q
                         net (fo=58, routed)          0.537     2.959    core_inst/ddr_inst/u_wfifo/fifo_inst/rst_wr
    SLICE_X70Y294        FDPE                                         f  core_inst/ddr_inst/u_wfifo/fifo_inst/m_rst_sync1_reg_reg/PRE
  -------------------------------------------------------------------    -------------------

                         (clock clk_125_mmcm rise edge)
                                                      0.000     0.000 r  
    AM15                                              0.000     0.000 r  clk_p (IN)
                         net (fo=0)                   0.100     0.100    clk_in_ibufds/I
    HPIOBDIFFINBUF_X0Y10 DIFFINBUF (Prop_DIFFINBUF_HPIOBDIFFINBUF_DIFF_IN_P_O)
                                                      0.388     0.488 r  clk_in_ibufds/DIFFINBUF_INST/O
                         net (fo=1, routed)           0.050     0.538    clk_in_ibufds/OUT
    AM15                 IBUFCTRL (Prop_IBUFCTRL_HPIOB_M_I_O)
                                                      0.000     0.538 r  clk_in_ibufds/IBUFCTRL_INST/O
                         net (fo=1, routed)           0.230     0.768    clk_in
    MMCM_X0Y0            MMCME4_ADV (Prop_MMCM_CLKIN1_CLKOUT1)
                                                     -0.295     0.473 r  clk_mmcm/CLKOUT1
                         net (fo=1, routed)           0.170     0.643    clk_125_mmcm
    BUFGCE_X0Y17         BUFGCE (Prop_BUFCE_BUFGCE_I_O)
                                                      0.019     0.662 r  clk_125_bufg/O
    X2Y4 (CLOCK_ROOT)    net (fo=1412, routed)        1.613     2.275    core_inst/ddr_inst/u_wfifo/fifo_inst/clk_wr
    SLICE_X70Y294        FDPE                                         r  core_inst/ddr_inst/u_wfifo/fifo_inst/m_rst_sync1_reg_reg/C
                         clock pessimism              0.240     2.515    
    SLICE_X70Y294        FDPE (Remov_EFF_SLICEM_C_PRE)
                                                     -0.020     2.495    core_inst/ddr_inst/u_wfifo/fifo_inst/m_rst_sync1_reg_reg
  -------------------------------------------------------------------
                         required time                         -2.495    
                         arrival time                           2.959    
  -------------------------------------------------------------------
                         slack                                  0.464    





---------------------------------------------------------------------------------------------------
Path Group:  **async_default**
From Clock:  clk_400_mmcm
  To Clock:  clk_400_mmcm

Setup :            0  Failing Endpoints,  Worst Slack        0.833ns,  Total Violation        0.000ns
Hold  :            0  Failing Endpoints,  Worst Slack        0.563ns,  Total Violation        0.000ns
---------------------------------------------------------------------------------------------------


Max Delay Paths
--------------------------------------------------------------------------------------
Slack (MET) :             0.833ns  (required time - arrival time)
  Source:                 rst_400_sync/sync_reg_reg[3]/C
                            (rising edge-triggered cell FDPE clocked by clk_400_mmcm  {rise@0.000ns fall@1.250ns period=2.500ns})
  Destination:            core_inst/ddr_inst/u_rfifo/fifo_inst/s_rst_sync1_reg_reg/PRE
                            (recovery check against rising-edge clock clk_400_mmcm  {rise@0.000ns fall@1.250ns period=2.500ns})
  Path Group:             **async_default**
  Path Type:              Recovery (Max at Slow Process Corner)
  Requirement:            2.500ns  (clk_400_mmcm rise@2.500ns - clk_400_mmcm rise@0.000ns)
  Data Path Delay:        1.673ns  (logic 0.080ns (4.781%)  route 1.593ns (95.219%))
  Logic Levels:           0  
  Clock Path Skew:        0.134ns (DCD - SCD + CPR)
    Destination Clock Delay (DCD):    4.459ns = ( 6.959 - 2.500 ) 
    Source Clock Delay      (SCD):    3.944ns
    Clock Pessimism Removal (CPR):    -0.381ns
  Clock Uncertainty:      0.062ns  ((TSJ^2 + DJ^2)^1/2) / 2 + PE
    Total System Jitter     (TSJ):    0.071ns
    Discrete Jitter          (DJ):    0.101ns
    Phase Error              (PE):    0.000ns
  Clock Net Delay (Source):      2.634ns (routing 1.639ns, distribution 0.995ns)
  Clock Net Delay (Destination): 2.619ns (routing 1.490ns, distribution 1.129ns)

    Location             Delay type                Incr(ns)  Path(ns)    Netlist Resource(s)
  -------------------------------------------------------------------    -------------------
                         (clock clk_400_mmcm rise edge)
                                                      0.000     0.000 r  
    AM15                                              0.000     0.000 r  clk_p (IN)
                         net (fo=0)                   0.100     0.100    clk_in_ibufds/I
    HPIOBDIFFINBUF_X0Y10 DIFFINBUF (Prop_DIFFINBUF_HPIOBDIFFINBUF_DIFF_IN_P_O)
                                                      0.617     0.717 r  clk_in_ibufds/DIFFINBUF_INST/O
                         net (fo=1, routed)           0.050     0.767    clk_in_ibufds/OUT
    AM15                 IBUFCTRL (Prop_IBUFCTRL_HPIOB_M_I_O)
                                                      0.000     0.767 r  clk_in_ibufds/IBUFCTRL_INST/O
                         net (fo=1, routed)           0.397     1.164    clk_in
    MMCM_X0Y0            MMCME4_ADV (Prop_MMCM_CLKIN1_CLKOUT0)
                                                     -0.127     1.037 r  clk_mmcm/CLKOUT0
                         net (fo=1, routed)           0.245     1.282    clk_400_mmcm
    BUFGCE_X0Y5          BUFGCE (Prop_BUFCE_BUFGCE_I_O)
                                                      0.028     1.310 r  clk_400_bufg/O
    X1Y3 (CLOCK_ROOT)    net (fo=8825, routed)        2.634     3.944    rst_400_sync/CLK
    SLICE_X29Y227        FDPE                                         r  rst_400_sync/sync_reg_reg[3]/C
  -------------------------------------------------------------------    -------------------
    SLICE_X29Y227        FDPE (Prop_CFF2_SLICEL_C_Q)
                                                      0.080     4.024 f  rst_400_sync/sync_reg_reg[3]/Q
                         net (fo=701, routed)         1.593     5.617    core_inst/ddr_inst/u_rfifo/fifo_inst/rst
    SLICE_X70Y244        FDPE                                         f  core_inst/ddr_inst/u_rfifo/fifo_inst/s_rst_sync1_reg_reg/PRE
  -------------------------------------------------------------------    -------------------

                         (clock clk_400_mmcm rise edge)
                                                      2.500     2.500 r  
    AM15                                              0.000     2.500 r  clk_p (IN)
                         net (fo=0)                   0.079     2.579    clk_in_ibufds/I
    HPIOBDIFFINBUF_X0Y10 DIFFINBUF (Prop_DIFFINBUF_HPIOBDIFFINBUF_DIFF_IN_P_O)
                                                      0.507     3.086 r  clk_in_ibufds/DIFFINBUF_INST/O
                         net (fo=1, routed)           0.040     3.126    clk_in_ibufds/OUT
    AM15                 IBUFCTRL (Prop_IBUFCTRL_HPIOB_M_I_O)
                                                      0.000     3.126 r  clk_in_ibufds/IBUFCTRL_INST/O
                         net (fo=1, routed)           0.344     3.470    clk_in
    MMCM_X0Y0            MMCME4_ADV (Prop_MMCM_CLKIN1_CLKOUT0)
                                                      0.630     4.100 r  clk_mmcm/CLKOUT0
                         net (fo=1, routed)           0.216     4.316    clk_400_mmcm
    BUFGCE_X0Y5          BUFGCE (Prop_BUFCE_BUFGCE_I_O)
                                                      0.024     4.340 r  clk_400_bufg/O
    X1Y3 (CLOCK_ROOT)    net (fo=8825, routed)        2.619     6.959    core_inst/ddr_inst/u_rfifo/fifo_inst/clk
    SLICE_X70Y244        FDPE                                         r  core_inst/ddr_inst/u_rfifo/fifo_inst/s_rst_sync1_reg_reg/C
                         clock pessimism             -0.381     6.578    
                         clock uncertainty           -0.062     6.516    
    SLICE_X70Y244        FDPE (Recov_EFF_SLICEM_C_PRE)
                                                     -0.066     6.450    core_inst/ddr_inst/u_rfifo/fifo_inst/s_rst_sync1_reg_reg
  -------------------------------------------------------------------
                         required time                          6.450    
                         arrival time                          -5.617    
  -------------------------------------------------------------------
                         slack                                  0.833    





Min Delay Paths
--------------------------------------------------------------------------------------
Slack (MET) :             0.563ns  (arrival time - required time)
  Source:                 rst_400_sync/sync_reg_reg[3]/C
                            (rising edge-triggered cell FDPE clocked by clk_400_mmcm  {rise@0.000ns fall@1.250ns period=2.500ns})
  Destination:            core_inst/tx_fifo/fifo_inst/m_rst_sync1_reg_reg/PRE
                            (removal check against rising-edge clock clk_400_mmcm  {rise@0.000ns fall@1.250ns period=2.500ns})
  Path Group:             **async_default**
  Path Type:              Removal (Min at Fast Process Corner)
  Requirement:            0.000ns  (clk_400_mmcm rise@0.000ns - clk_400_mmcm rise@0.000ns)
  Data Path Delay:        0.628ns  (logic 0.040ns (6.364%)  route 0.588ns (93.636%))
  Logic Levels:           0  
  Clock Path Skew:        0.085ns (DCD - SCD - CPR)
    Destination Clock Delay (DCD):    2.317ns
    Source Clock Delay      (SCD):    2.440ns
    Clock Pessimism Removal (CPR):    -0.209ns
  Clock Net Delay (Source):      1.442ns (routing 0.894ns, distribution 0.548ns)
  Clock Net Delay (Destination): 1.659ns (routing 0.993ns, distribution 0.666ns)

    Location             Delay type                Incr(ns)  Path(ns)    Netlist Resource(s)
  -------------------------------------------------------------------    -------------------
                         (clock clk_400_mmcm rise edge)
                                                      0.000     0.000 r  
    AM15                                              0.000     0.000 r  clk_p (IN)
                         net (fo=0)                   0.079     0.079    clk_in_ibufds/I
    HPIOBDIFFINBUF_X0Y10 DIFFINBUF (Prop_DIFFINBUF_HPIOBDIFFINBUF_DIFF_IN_P_O)
                                                      0.283     0.362 r  clk_in_ibufds/DIFFINBUF_INST/O
                         net (fo=1, routed)           0.040     0.402    clk_in_ibufds/OUT
    AM15                 IBUFCTRL (Prop_IBUFCTRL_HPIOB_M_I_O)
                                                      0.000     0.402 r  clk_in_ibufds/IBUFCTRL_INST/O
                         net (fo=1, routed)           0.203     0.605    clk_in
    MMCM_X0Y0            MMCME4_ADV (Prop_MMCM_CLKIN1_CLKOUT0)
                                                      0.230     0.835 r  clk_mmcm/CLKOUT0
                         net (fo=1, routed)           0.146     0.981    clk_400_mmcm
    BUFGCE_X0Y5          BUFGCE (Prop_BUFCE_BUFGCE_I_O)
                                                      0.017     0.998 r  clk_400_bufg/O
    X1Y3 (CLOCK_ROOT)    net (fo=8825, routed)        1.442     2.440    rst_400_sync/CLK
    SLICE_X29Y227        FDPE                                         r  rst_400_sync/sync_reg_reg[3]/C
  -------------------------------------------------------------------    -------------------
    SLICE_X29Y227        FDPE (Prop_CFF2_SLICEL_C_Q)
                                                      0.040     2.480 f  rst_400_sync/sync_reg_reg[3]/Q
                         net (fo=701, routed)         0.588     3.068    core_inst/tx_fifo/fifo_inst/Q[0]
    SLICE_X16Y214        FDPE                                         f  core_inst/tx_fifo/fifo_inst/m_rst_sync1_reg_reg/PRE
  -------------------------------------------------------------------    -------------------

                         (clock clk_400_mmcm rise edge)
                                                      0.000     0.000 r  
    AM15                                              0.000     0.000 r  clk_p (IN)
                         net (fo=0)                   0.100     0.100    clk_in_ibufds/I
    HPIOBDIFFINBUF_X0Y10 DIFFINBUF (Prop_DIFFINBUF_HPIOBDIFFINBUF_DIFF_IN_P_O)
                                                      0.388     0.488 r  clk_in_ibufds/DIFFINBUF_INST/O
                         net (fo=1, routed)           0.050     0.538    clk_in_ibufds/OUT
    AM15                 IBUFCTRL (Prop_IBUFCTRL_HPIOB_M_I_O)
                                                      0.000     0.538 r  clk_in_ibufds/IBUFCTRL_INST/O
                         net (fo=1, routed)           0.230     0.768    clk_in
    MMCM_X0Y0            MMCME4_ADV (Prop_MMCM_CLKIN1_CLKOUT0)
                                                     -0.295     0.473 r  clk_mmcm/CLKOUT0
                         net (fo=1, routed)           0.166     0.639    clk_400_mmcm
    BUFGCE_X0Y5          BUFGCE (Prop_BUFCE_BUFGCE_I_O)
                                                      0.019     0.658 r  clk_400_bufg/O
    X1Y3 (CLOCK_ROOT)    net (fo=8825, routed)        1.659     2.317    core_inst/tx_fifo/fifo_inst/clk_400
    SLICE_X16Y214        FDPE                                         r  core_inst/tx_fifo/fifo_inst/m_rst_sync1_reg_reg/C
                         clock pessimism              0.209     2.525    
    SLICE_X16Y214        FDPE (Remov_EFF_SLICEL_C_PRE)
                                                     -0.020     2.505    core_inst/tx_fifo/fifo_inst/m_rst_sync1_reg_reg
  -------------------------------------------------------------------
                         required time                         -2.505    
                         arrival time                           3.068    
  -------------------------------------------------------------------
                         slack                                  0.563    





---------------------------------------------------------------------------------------------------
Path Group:  **async_default**
From Clock:  dbg_hub/inst/BSCANID.u_xsdbm_id/SWITCH_N_EXT_BSCAN.bscan_inst/SERIES7_BSCAN.bscan_inst/INTERNAL_TCK
  To Clock:  dbg_hub/inst/BSCANID.u_xsdbm_id/SWITCH_N_EXT_BSCAN.bscan_inst/SERIES7_BSCAN.bscan_inst/INTERNAL_TCK

Setup :            0  Failing Endpoints,  Worst Slack       47.530ns,  Total Violation        0.000ns
Hold  :            0  Failing Endpoints,  Worst Slack        0.126ns,  Total Violation        0.000ns
---------------------------------------------------------------------------------------------------


Max Delay Paths
--------------------------------------------------------------------------------------
Slack (MET) :             47.530ns  (required time - arrival time)
  Source:                 dbg_hub/inst/BSCANID.u_xsdbm_id/SWITCH_N_EXT_BSCAN.bscan_switch/portno_reg[3]/C
                            (rising edge-triggered cell FDRE clocked by dbg_hub/inst/BSCANID.u_xsdbm_id/SWITCH_N_EXT_BSCAN.bscan_inst/SERIES7_BSCAN.bscan_inst/INTERNAL_TCK  {rise@0.000ns fall@25.000ns period=50.000ns})
  Destination:            dbg_hub/inst/BSCANID.u_xsdbm_id/CORE_XSDB.U_ICON/U_CMD/iTARGET_reg[14]/CLR
                            (recovery check against rising-edge clock dbg_hub/inst/BSCANID.u_xsdbm_id/SWITCH_N_EXT_BSCAN.bscan_inst/SERIES7_BSCAN.bscan_inst/INTERNAL_TCK  {rise@0.000ns fall@25.000ns period=50.000ns})
  Path Group:             **async_default**
  Path Type:              Recovery (Max at Slow Process Corner)
  Requirement:            50.000ns  (dbg_hub/inst/BSCANID.u_xsdbm_id/SWITCH_N_EXT_BSCAN.bscan_inst/SERIES7_BSCAN.bscan_inst/INTERNAL_TCK rise@50.000ns - dbg_hub/inst/BSCANID.u_xsdbm_id/SWITCH_N_EXT_BSCAN.bscan_inst/SERIES7_BSCAN.bscan_inst/INTERNAL_TCK rise@0.000ns)
  Data Path Delay:        2.109ns  (logic 0.297ns (14.084%)  route 1.812ns (85.916%))
  Logic Levels:           2  (LUT4=1 LUT6=1)
  Clock Path Skew:        -0.260ns (DCD - SCD + CPR)
    Destination Clock Delay (DCD):    2.632ns = ( 52.632 - 50.000 ) 
    Source Clock Delay      (SCD):    7.118ns
    Clock Pessimism Removal (CPR):    4.226ns
  Clock Uncertainty:      0.035ns  ((TSJ^2 + TIJ^2)^1/2 + DJ) / 2 + PE
    Total System Jitter     (TSJ):    0.071ns
    Total Input Jitter      (TIJ):    0.000ns
    Discrete Jitter          (DJ):    0.000ns
    Phase Error              (PE):    0.000ns
  Clock Net Delay (Source):      1.671ns (routing 0.539ns, distribution 1.132ns)
  Clock Net Delay (Destination): 1.358ns (routing 0.490ns, distribution 0.868ns)

    Location             Delay type                Incr(ns)  Path(ns)    Netlist Resource(s)
  -------------------------------------------------------------------    -------------------
                         (clock dbg_hub/inst/BSCANID.u_xsdbm_id/SWITCH_N_EXT_BSCAN.bscan_inst/SERIES7_BSCAN.bscan_inst/INTERNAL_TCK rise edge)
                                                      0.000     0.000 r  
    CONFIG_SITE_X0Y0     BSCANE2                      0.000     0.000 r  dbg_hub/inst/BSCANID.u_xsdbm_id/SWITCH_N_EXT_BSCAN.bscan_inst/SERIES7_BSCAN.bscan_inst/INTERNAL_TCK
    CONFIG_SITE_X0Y0     BSCANE2 (Prop_BSCAN1_CONFIG_SITE_INTERNAL_TCK_TCK)
                                                      4.300     4.300 r  dbg_hub/inst/BSCANID.u_xsdbm_id/SWITCH_N_EXT_BSCAN.bscan_inst/SERIES7_BSCAN.bscan_inst/TCK
                         net (fo=1, routed)           1.119     5.419    dbg_hub/inst/BSCANID.u_xsdbm_id/tck_bs
    BUFGCE_X0Y28         BUFGCE (Prop_BUFCE_BUFGCE_I_O)
                                                      0.028     5.447 r  dbg_hub/inst/BSCANID.u_xsdbm_id/SWITCH_N_EXT_BSCAN.u_bufg_icon_tck/O
    X4Y2 (CLOCK_ROOT)    net (fo=482, routed)         1.671     7.118    dbg_hub/inst/BSCANID.u_xsdbm_id/SWITCH_N_EXT_BSCAN.bscan_switch/s_bscan_tck
    SLICE_X105Y117       FDRE                                         r  dbg_hub/inst/BSCANID.u_xsdbm_id/SWITCH_N_EXT_BSCAN.bscan_switch/portno_reg[3]/C
  -------------------------------------------------------------------    -------------------
    SLICE_X105Y117       FDRE (Prop_FFF2_SLICEL_C_Q)
                                                      0.081     7.199 f  dbg_hub/inst/BSCANID.u_xsdbm_id/SWITCH_N_EXT_BSCAN.bscan_switch/portno_reg[3]/Q
                         net (fo=1, routed)           0.227     7.426    dbg_hub/inst/BSCANID.u_xsdbm_id/SWITCH_N_EXT_BSCAN.bscan_switch/portno[3]
    SLICE_X105Y117       LUT6 (Prop_H6LUT_SLICEL_I0_O)
                                                      0.150     7.576 f  dbg_hub/inst/BSCANID.u_xsdbm_id/SWITCH_N_EXT_BSCAN.bscan_switch/m_bscan_drck[0]_INST_0_i_1/O
                         net (fo=5, routed)           0.303     7.879    dbg_hub/inst/BSCANID.u_xsdbm_id/SWITCH_N_EXT_BSCAN.bscan_switch/m_bscan_drck[0]_INST_0_i_1_n_0
    SLICE_X103Y116       LUT4 (Prop_D5LUT_SLICEM_I3_O)
                                                      0.066     7.945 r  dbg_hub/inst/BSCANID.u_xsdbm_id/SWITCH_N_EXT_BSCAN.bscan_switch/m_bscan_sel[0]_INST_0/O
                         net (fo=11, routed)          1.282     9.227    dbg_hub/inst/BSCANID.u_xsdbm_id/CORE_XSDB.U_ICON/U_CMD/iTARGET_reg[6]_0
    SLICE_X81Y179        FDCE                                         f  dbg_hub/inst/BSCANID.u_xsdbm_id/CORE_XSDB.U_ICON/U_CMD/iTARGET_reg[14]/CLR  (IS_INVERTED)
  -------------------------------------------------------------------    -------------------

                         (clock dbg_hub/inst/BSCANID.u_xsdbm_id/SWITCH_N_EXT_BSCAN.bscan_inst/SERIES7_BSCAN.bscan_inst/INTERNAL_TCK rise edge)
                                                     50.000    50.000 r  
    CONFIG_SITE_X0Y0     BSCANE2                      0.000    50.000 r  dbg_hub/inst/BSCANID.u_xsdbm_id/SWITCH_N_EXT_BSCAN.bscan_inst/SERIES7_BSCAN.bscan_inst/INTERNAL_TCK
    CONFIG_SITE_X0Y0     BSCANE2 (Prop_BSCAN1_CONFIG_SITE_INTERNAL_TCK_TCK)
                                                      0.465    50.465 r  dbg_hub/inst/BSCANID.u_xsdbm_id/SWITCH_N_EXT_BSCAN.bscan_inst/SERIES7_BSCAN.bscan_inst/TCK
                         net (fo=1, routed)           0.785    51.250    dbg_hub/inst/BSCANID.u_xsdbm_id/tck_bs
    BUFGCE_X0Y28         BUFGCE (Prop_BUFCE_BUFGCE_I_O)
                                                      0.024    51.274 r  dbg_hub/inst/BSCANID.u_xsdbm_id/SWITCH_N_EXT_BSCAN.u_bufg_icon_tck/O
    X4Y2 (CLOCK_ROOT)    net (fo=482, routed)         1.358    52.632    dbg_hub/inst/BSCANID.u_xsdbm_id/CORE_XSDB.U_ICON/U_CMD/m_bscan_tck[0]
    SLICE_X81Y179        FDCE                                         r  dbg_hub/inst/BSCANID.u_xsdbm_id/CORE_XSDB.U_ICON/U_CMD/iTARGET_reg[14]/C
                         clock pessimism              4.226    56.858    
                         clock uncertainty           -0.035    56.822    
    SLICE_X81Y179        FDCE (Recov_AFF_SLICEL_C_CLR)
                                                     -0.066    56.756    dbg_hub/inst/BSCANID.u_xsdbm_id/CORE_XSDB.U_ICON/U_CMD/iTARGET_reg[14]
  -------------------------------------------------------------------
                         required time                         56.756    
                         arrival time                          -9.227    
  -------------------------------------------------------------------
                         slack                                 47.530    





Min Delay Paths
--------------------------------------------------------------------------------------
Slack (MET) :             0.126ns  (arrival time - required time)
  Source:                 dbg_hub/inst/BSCANID.u_xsdbm_id/CORE_XSDB.UUT_MASTER/U_ICON_INTERFACE/wrdata_rst_reg/C
                            (rising edge-triggered cell FDRE clocked by dbg_hub/inst/BSCANID.u_xsdbm_id/SWITCH_N_EXT_BSCAN.bscan_inst/SERIES7_BSCAN.bscan_inst/INTERNAL_TCK  {rise@0.000ns fall@25.000ns period=50.000ns})
  Destination:            dbg_hub/inst/BSCANID.u_xsdbm_id/CORE_XSDB.UUT_MASTER/U_ICON_INTERFACE/U_CMD6_WR/shift_reg_in_reg[10]/CLR
                            (removal check against rising-edge clock dbg_hub/inst/BSCANID.u_xsdbm_id/SWITCH_N_EXT_BSCAN.bscan_inst/SERIES7_BSCAN.bscan_inst/INTERNAL_TCK  {rise@0.000ns fall@25.000ns period=50.000ns})
  Path Group:             **async_default**
  Path Type:              Removal (Min at Fast Process Corner)
  Requirement:            0.000ns  (dbg_hub/inst/BSCANID.u_xsdbm_id/SWITCH_N_EXT_BSCAN.bscan_inst/SERIES7_BSCAN.bscan_inst/INTERNAL_TCK rise@0.000ns - dbg_hub/inst/BSCANID.u_xsdbm_id/SWITCH_N_EXT_BSCAN.bscan_inst/SERIES7_BSCAN.bscan_inst/INTERNAL_TCK rise@0.000ns)
  Data Path Delay:        0.119ns  (logic 0.039ns (32.774%)  route 0.080ns (67.226%))
  Logic Levels:           0  
  Clock Path Skew:        0.013ns (DCD - SCD - CPR)
    Destination Clock Delay (DCD):    6.174ns
    Source Clock Delay      (SCD):    2.025ns
    Clock Pessimism Removal (CPR):    4.137ns
  Clock Net Delay (Source):      0.953ns (routing 0.299ns, distribution 0.654ns)
  Clock Net Delay (Destination): 1.074ns (routing 0.333ns, distribution 0.741ns)

    Location             Delay type                Incr(ns)  Path(ns)    Netlist Resource(s)
  -------------------------------------------------------------------    -------------------
                         (clock dbg_hub/inst/BSCANID.u_xsdbm_id/SWITCH_N_EXT_BSCAN.bscan_inst/SERIES7_BSCAN.bscan_inst/INTERNAL_TCK rise edge)
                                                      0.000     0.000 r  
    CONFIG_SITE_X0Y0     BSCANE2                      0.000     0.000 r  dbg_hub/inst/BSCANID.u_xsdbm_id/SWITCH_N_EXT_BSCAN.bscan_inst/SERIES7_BSCAN.bscan_inst/INTERNAL_TCK
    CONFIG_SITE_X0Y0     BSCANE2 (Prop_BSCAN1_CONFIG_SITE_INTERNAL_TCK_TCK)
                                                      0.465     0.465 r  dbg_hub/inst/BSCANID.u_xsdbm_id/SWITCH_N_EXT_BSCAN.bscan_inst/SERIES7_BSCAN.bscan_inst/TCK
                         net (fo=1, routed)           0.590     1.055    dbg_hub/inst/BSCANID.u_xsdbm_id/tck_bs
    BUFGCE_X0Y28         BUFGCE (Prop_BUFCE_BUFGCE_I_O)
                                                      0.017     1.072 r  dbg_hub/inst/BSCANID.u_xsdbm_id/SWITCH_N_EXT_BSCAN.u_bufg_icon_tck/O
    X4Y2 (CLOCK_ROOT)    net (fo=482, routed)         0.953     2.025    dbg_hub/inst/BSCANID.u_xsdbm_id/CORE_XSDB.UUT_MASTER/U_ICON_INTERFACE/m_bscan_tck[0]
    SLICE_X76Y187        FDRE                                         r  dbg_hub/inst/BSCANID.u_xsdbm_id/CORE_XSDB.UUT_MASTER/U_ICON_INTERFACE/wrdata_rst_reg/C
  -------------------------------------------------------------------    -------------------
    SLICE_X76Y187        FDRE (Prop_DFF_SLICEM_C_Q)
                                                      0.039     2.064 f  dbg_hub/inst/BSCANID.u_xsdbm_id/CORE_XSDB.UUT_MASTER/U_ICON_INTERFACE/wrdata_rst_reg/Q
                         net (fo=20, routed)          0.080     2.144    dbg_hub/inst/BSCANID.u_xsdbm_id/CORE_XSDB.UUT_MASTER/U_ICON_INTERFACE/U_CMD6_WR/RST_I
    SLICE_X76Y187        FDCE                                         f  dbg_hub/inst/BSCANID.u_xsdbm_id/CORE_XSDB.UUT_MASTER/U_ICON_INTERFACE/U_CMD6_WR/shift_reg_in_reg[10]/CLR
  -------------------------------------------------------------------    -------------------

                         (clock dbg_hub/inst/BSCANID.u_xsdbm_id/SWITCH_N_EXT_BSCAN.bscan_inst/SERIES7_BSCAN.bscan_inst/INTERNAL_TCK rise edge)
                                                      0.000     0.000 r  
    CONFIG_SITE_X0Y0     BSCANE2                      0.000     0.000 r  dbg_hub/inst/BSCANID.u_xsdbm_id/SWITCH_N_EXT_BSCAN.bscan_inst/SERIES7_BSCAN.bscan_inst/INTERNAL_TCK
    CONFIG_SITE_X0Y0     BSCANE2 (Prop_BSCAN1_CONFIG_SITE_INTERNAL_TCK_TCK)
                                                      4.300     4.300 r  dbg_hub/inst/BSCANID.u_xsdbm_id/SWITCH_N_EXT_BSCAN.bscan_inst/SERIES7_BSCAN.bscan_inst/TCK
                         net (fo=1, routed)           0.781     5.081    dbg_hub/inst/BSCANID.u_xsdbm_id/tck_bs
    BUFGCE_X0Y28         BUFGCE (Prop_BUFCE_BUFGCE_I_O)
                                                      0.019     5.100 r  dbg_hub/inst/BSCANID.u_xsdbm_id/SWITCH_N_EXT_BSCAN.u_bufg_icon_tck/O
    X4Y2 (CLOCK_ROOT)    net (fo=482, routed)         1.074     6.174    dbg_hub/inst/BSCANID.u_xsdbm_id/CORE_XSDB.UUT_MASTER/U_ICON_INTERFACE/U_CMD6_WR/m_bscan_tck[0]
    SLICE_X76Y187        FDCE                                         r  dbg_hub/inst/BSCANID.u_xsdbm_id/CORE_XSDB.UUT_MASTER/U_ICON_INTERFACE/U_CMD6_WR/shift_reg_in_reg[10]/C
                         clock pessimism             -4.137     2.037    
    SLICE_X76Y187        FDCE (Remov_EFF_SLICEM_C_CLR)
                                                     -0.020     2.017    dbg_hub/inst/BSCANID.u_xsdbm_id/CORE_XSDB.UUT_MASTER/U_ICON_INTERFACE/U_CMD6_WR/shift_reg_in_reg[10]
  -------------------------------------------------------------------
                         required time                         -2.017    
                         arrival time                           2.144    
  -------------------------------------------------------------------
                         slack                                  0.126    





---------------------------------------------------------------------------------------------------
Path Group:  **async_default**
From Clock:  mmcm_clkout0
  To Clock:  mmcm_clkout0

Setup :            0  Failing Endpoints,  Worst Slack        1.369ns,  Total Violation        0.000ns
Hold  :            0  Failing Endpoints,  Worst Slack        0.842ns,  Total Violation        0.000ns
---------------------------------------------------------------------------------------------------


Max Delay Paths
--------------------------------------------------------------------------------------
Slack (MET) :             1.369ns  (required time - arrival time)
  Source:                 core_inst/ddr_inst/u_ddr4/inst/u_ddr4_mem_intfc/u_ddr_cal_top/u_ddr_cal/rst_r1_reg/C
                            (rising edge-triggered cell FDRE clocked by mmcm_clkout0  {rise@0.000ns fall@1.666ns period=3.332ns})
  Destination:            core_inst/ddr_inst/u_wfifo/fifo_inst/s_rst_sync1_reg_reg/PRE
                            (recovery check against rising-edge clock mmcm_clkout0  {rise@0.000ns fall@1.666ns period=3.332ns})
  Path Group:             **async_default**
  Path Type:              Recovery (Max at Slow Process Corner)
  Requirement:            3.332ns  (mmcm_clkout0 rise@3.332ns - mmcm_clkout0 rise@0.000ns)
  Data Path Delay:        1.839ns  (logic 0.076ns (4.132%)  route 1.763ns (95.868%))
  Logic Levels:           0  
  Clock Path Skew:        -0.005ns (DCD - SCD + CPR)
    Destination Clock Delay (DCD):    2.907ns = ( 6.239 - 3.332 ) 
    Source Clock Delay      (SCD):    2.438ns
    Clock Pessimism Removal (CPR):    -0.473ns
  Clock Uncertainty:      0.052ns  ((TSJ^2 + DJ^2)^1/2) / 2 + PE
    Total System Jitter     (TSJ):    0.071ns
    Discrete Jitter          (DJ):    0.077ns
    Phase Error              (PE):    0.000ns
  Clock Net Delay (Source):      1.209ns (routing 0.171ns, distribution 1.038ns)
  Clock Net Delay (Destination): 1.133ns (routing 0.155ns, distribution 0.978ns)

    Location             Delay type                Incr(ns)  Path(ns)    Netlist Resource(s)
  -------------------------------------------------------------------    -------------------
                         (clock mmcm_clkout0 rise edge)
                                                      0.000     0.000 r  
    G13                                               0.000     0.000 r  c0_sys_clk_p (IN)
                         net (fo=0)                   0.100     0.100    core_inst/ddr_inst/u_ddr4/inst/u_ddr4_mem_intfc/u_mig_ddr4_phy/inst/u_ddr4_phy_pll/diff_input_clk.u_ibufg_sys_clk/I
    HPIOBDIFFINBUF_X0Y108
                         DIFFINBUF (Prop_DIFFINBUF_HPIOBDIFFINBUF_DIFF_IN_P_O)
                                                      0.549     0.649 r  core_inst/ddr_inst/u_ddr4/inst/u_ddr4_mem_intfc/u_mig_ddr4_phy/inst/u_ddr4_phy_pll/diff_input_clk.u_ibufg_sys_clk/DIFFINBUF_INST/O
                         net (fo=1, routed)           0.050     0.699    core_inst/ddr_inst/u_ddr4/inst/u_ddr4_mem_intfc/u_mig_ddr4_phy/inst/u_ddr4_phy_pll/diff_input_clk.u_ibufg_sys_clk/OUT
    G13                  IBUFCTRL (Prop_IBUFCTRL_HPIOB_M_I_O)
                                                      0.000     0.699 r  core_inst/ddr_inst/u_ddr4/inst/u_ddr4_mem_intfc/u_mig_ddr4_phy/inst/u_ddr4_phy_pll/diff_input_clk.u_ibufg_sys_clk/IBUFCTRL_INST/O
                         net (fo=2, routed)           0.384     1.083    core_inst/ddr_inst/u_ddr4/inst/u_ddr4_infrastructure/mmcm_clk_in
    MMCM_X0Y4            MMCME4_ADV (Prop_MMCM_CLKIN1_CLKOUT0)
                                                     -0.127     0.956 r  core_inst/ddr_inst/u_ddr4/inst/u_ddr4_infrastructure/gen_mmcme4.u_mmcme_adv_inst/CLKOUT0
                         net (fo=1, routed)           0.245     1.201    core_inst/ddr_inst/u_ddr4/inst/u_ddr4_infrastructure/mmcm_clkout0
    BUFGCE_X0Y118        BUFGCE (Prop_BUFCE_BUFGCE_I_O)
                                                      0.028     1.229 r  core_inst/ddr_inst/u_ddr4/inst/u_ddr4_infrastructure/u_bufg_divClk/O
    X4Y4 (CLOCK_ROOT)    net (fo=25160, routed)       1.209     2.438    core_inst/ddr_inst/u_ddr4/inst/u_ddr4_mem_intfc/u_ddr_cal_top/u_ddr_cal/SYNC[0].sync_reg_reg[1]_1
    SLICE_X96Y250        FDRE                                         r  core_inst/ddr_inst/u_ddr4/inst/u_ddr4_mem_intfc/u_ddr_cal_top/u_ddr_cal/rst_r1_reg/C
  -------------------------------------------------------------------    -------------------
    SLICE_X96Y250        FDRE (Prop_EFF_SLICEM_C_Q)
                                                      0.076     2.514 f  core_inst/ddr_inst/u_ddr4/inst/u_ddr4_mem_intfc/u_ddr_cal_top/u_ddr_cal/rst_r1_reg/Q
                         net (fo=519, routed)         1.763     4.278    core_inst/ddr_inst/u_wfifo/fifo_inst/rst_r1_alias_1
    SLICE_X72Y257        FDPE                                         f  core_inst/ddr_inst/u_wfifo/fifo_inst/s_rst_sync1_reg_reg/PRE
  -------------------------------------------------------------------    -------------------

                         (clock mmcm_clkout0 rise edge)
                                                      3.332     3.332 r  
    G13                                               0.000     3.332 r  c0_sys_clk_p (IN)
                         net (fo=0)                   0.079     3.411    core_inst/ddr_inst/u_ddr4/inst/u_ddr4_mem_intfc/u_mig_ddr4_phy/inst/u_ddr4_phy_pll/diff_input_clk.u_ibufg_sys_clk/I
    HPIOBDIFFINBUF_X0Y108
                         DIFFINBUF (Prop_DIFFINBUF_HPIOBDIFFINBUF_DIFF_IN_P_O)
                                                      0.453     3.864 r  core_inst/ddr_inst/u_ddr4/inst/u_ddr4_mem_intfc/u_mig_ddr4_phy/inst/u_ddr4_phy_pll/diff_input_clk.u_ibufg_sys_clk/DIFFINBUF_INST/O
                         net (fo=1, routed)           0.040     3.904    core_inst/ddr_inst/u_ddr4/inst/u_ddr4_mem_intfc/u_mig_ddr4_phy/inst/u_ddr4_phy_pll/diff_input_clk.u_ibufg_sys_clk/OUT
    G13                  IBUFCTRL (Prop_IBUFCTRL_HPIOB_M_I_O)
                                                      0.000     3.904 r  core_inst/ddr_inst/u_ddr4/inst/u_ddr4_mem_intfc/u_mig_ddr4_phy/inst/u_ddr4_phy_pll/diff_input_clk.u_ibufg_sys_clk/IBUFCTRL_INST/O
                         net (fo=2, routed)           0.333     4.237    core_inst/ddr_inst/u_ddr4/inst/u_ddr4_infrastructure/mmcm_clk_in
    MMCM_X0Y4            MMCME4_ADV (Prop_MMCM_CLKIN1_CLKOUT0)
                                                      0.630     4.867 r  core_inst/ddr_inst/u_ddr4/inst/u_ddr4_infrastructure/gen_mmcme4.u_mmcme_adv_inst/CLKOUT0
                         net (fo=1, routed)           0.215     5.082    core_inst/ddr_inst/u_ddr4/inst/u_ddr4_infrastructure/mmcm_clkout0
    BUFGCE_X0Y118        BUFGCE (Prop_BUFCE_BUFGCE_I_O)
                                                      0.024     5.106 r  core_inst/ddr_inst/u_ddr4/inst/u_ddr4_infrastructure/u_bufg_divClk/O
    X4Y4 (CLOCK_ROOT)    net (fo=25160, routed)       1.133     6.239    core_inst/ddr_inst/u_wfifo/fifo_inst/c0_ddr4_ui_clk
    SLICE_X72Y257        FDPE                                         r  core_inst/ddr_inst/u_wfifo/fifo_inst/s_rst_sync1_reg_reg/C
                         clock pessimism             -0.473     5.765    
                         clock uncertainty           -0.052     5.713    
    SLICE_X72Y257        FDPE (Recov_AFF_SLICEM_C_PRE)
                                                     -0.066     5.647    core_inst/ddr_inst/u_wfifo/fifo_inst/s_rst_sync1_reg_reg
  -------------------------------------------------------------------
                         required time                          5.647    
                         arrival time                          -4.278    
  -------------------------------------------------------------------
                         slack                                  1.369    





Min Delay Paths
--------------------------------------------------------------------------------------
Slack (MET) :             0.842ns  (arrival time - required time)
  Source:                 core_inst/ddr_inst/u_ddr4/inst/u_ddr4_mem_intfc/u_ddr_cal_top/u_ddr_cal/rst_r1_reg/C
                            (rising edge-triggered cell FDRE clocked by mmcm_clkout0  {rise@0.000ns fall@1.666ns period=3.332ns})
  Destination:            core_inst/ddr_inst/u_wfifo/fifo_inst/s_rst_sync1_reg_reg/PRE
                            (removal check against rising-edge clock mmcm_clkout0  {rise@0.000ns fall@1.666ns period=3.332ns})
  Path Group:             **async_default**
  Path Type:              Removal (Min at Fast Process Corner)
  Requirement:            0.000ns  (mmcm_clkout0 rise@0.000ns - mmcm_clkout0 rise@0.000ns)
  Data Path Delay:        0.927ns  (logic 0.038ns (4.097%)  route 0.889ns (95.903%))
  Logic Levels:           0  
  Clock Path Skew:        0.105ns (DCD - SCD - CPR)
    Destination Clock Delay (DCD):    1.502ns
    Source Clock Delay      (SCD):    1.698ns
    Clock Pessimism Removal (CPR):    -0.301ns
  Clock Net Delay (Source):      0.683ns (routing 0.096ns, distribution 0.587ns)
  Clock Net Delay (Destination): 0.834ns (routing 0.108ns, distribution 0.726ns)

    Location             Delay type                Incr(ns)  Path(ns)    Netlist Resource(s)
  -------------------------------------------------------------------    -------------------
                         (clock mmcm_clkout0 rise edge)
                                                      0.000     0.000 r  
    G13                                               0.000     0.000 r  c0_sys_clk_p (IN)
                         net (fo=0)                   0.079     0.079    core_inst/ddr_inst/u_ddr4/inst/u_ddr4_mem_intfc/u_mig_ddr4_phy/inst/u_ddr4_phy_pll/diff_input_clk.u_ibufg_sys_clk/I
    HPIOBDIFFINBUF_X0Y108
                         DIFFINBUF (Prop_DIFFINBUF_HPIOBDIFFINBUF_DIFF_IN_P_O)
                                                      0.308     0.387 r  core_inst/ddr_inst/u_ddr4/inst/u_ddr4_mem_intfc/u_mig_ddr4_phy/inst/u_ddr4_phy_pll/diff_input_clk.u_ibufg_sys_clk/DIFFINBUF_INST/O
                         net (fo=1, routed)           0.040     0.427    core_inst/ddr_inst/u_ddr4/inst/u_ddr4_mem_intfc/u_mig_ddr4_phy/inst/u_ddr4_phy_pll/diff_input_clk.u_ibufg_sys_clk/OUT
    G13                  IBUFCTRL (Prop_IBUFCTRL_HPIOB_M_I_O)
                                                      0.000     0.427 r  core_inst/ddr_inst/u_ddr4/inst/u_ddr4_mem_intfc/u_mig_ddr4_phy/inst/u_ddr4_phy_pll/diff_input_clk.u_ibufg_sys_clk/IBUFCTRL_INST/O
                         net (fo=2, routed)           0.196     0.623    core_inst/ddr_inst/u_ddr4/inst/u_ddr4_infrastructure/mmcm_clk_in
    MMCM_X0Y4            MMCME4_ADV (Prop_MMCM_CLKIN1_CLKOUT0)
                                                      0.230     0.853 r  core_inst/ddr_inst/u_ddr4/inst/u_ddr4_infrastructure/gen_mmcme4.u_mmcme_adv_inst/CLKOUT0
                         net (fo=1, routed)           0.146     0.999    core_inst/ddr_inst/u_ddr4/inst/u_ddr4_infrastructure/mmcm_clkout0
    BUFGCE_X0Y118        BUFGCE (Prop_BUFCE_BUFGCE_I_O)
                                                      0.017     1.016 r  core_inst/ddr_inst/u_ddr4/inst/u_ddr4_infrastructure/u_bufg_divClk/O
    X4Y4 (CLOCK_ROOT)    net (fo=25160, routed)       0.683     1.698    core_inst/ddr_inst/u_ddr4/inst/u_ddr4_mem_intfc/u_ddr_cal_top/u_ddr_cal/SYNC[0].sync_reg_reg[1]_1
    SLICE_X96Y250        FDRE                                         r  core_inst/ddr_inst/u_ddr4/inst/u_ddr4_mem_intfc/u_ddr_cal_top/u_ddr_cal/rst_r1_reg/C
  -------------------------------------------------------------------    -------------------
    SLICE_X96Y250        FDRE (Prop_EFF_SLICEM_C_Q)
                                                      0.038     1.736 f  core_inst/ddr_inst/u_ddr4/inst/u_ddr4_mem_intfc/u_ddr_cal_top/u_ddr_cal/rst_r1_reg/Q
                         net (fo=519, routed)         0.889     2.626    core_inst/ddr_inst/u_wfifo/fifo_inst/rst_r1_alias_1
    SLICE_X72Y257        FDPE                                         f  core_inst/ddr_inst/u_wfifo/fifo_inst/s_rst_sync1_reg_reg/PRE
  -------------------------------------------------------------------    -------------------

                         (clock mmcm_clkout0 rise edge)
                                                      0.000     0.000 r  
    G13                                               0.000     0.000 r  c0_sys_clk_p (IN)
                         net (fo=0)                   0.100     0.100    core_inst/ddr_inst/u_ddr4/inst/u_ddr4_mem_intfc/u_mig_ddr4_phy/inst/u_ddr4_phy_pll/diff_input_clk.u_ibufg_sys_clk/I
    HPIOBDIFFINBUF_X0Y108
                         DIFFINBUF (Prop_DIFFINBUF_HPIOBDIFFINBUF_DIFF_IN_P_O)
                                                      0.406     0.506 r  core_inst/ddr_inst/u_ddr4/inst/u_ddr4_mem_intfc/u_mig_ddr4_phy/inst/u_ddr4_phy_pll/diff_input_clk.u_ibufg_sys_clk/DIFFINBUF_INST/O
                         net (fo=1, routed)           0.050     0.556    core_inst/ddr_inst/u_ddr4/inst/u_ddr4_mem_intfc/u_mig_ddr4_phy/inst/u_ddr4_phy_pll/diff_input_clk.u_ibufg_sys_clk/OUT
    G13                  IBUFCTRL (Prop_IBUFCTRL_HPIOB_M_I_O)
                                                      0.000     0.556 r  core_inst/ddr_inst/u_ddr4/inst/u_ddr4_mem_intfc/u_mig_ddr4_phy/inst/u_ddr4_phy_pll/diff_input_clk.u_ibufg_sys_clk/IBUFCTRL_INST/O
                         net (fo=2, routed)           0.222     0.778    core_inst/ddr_inst/u_ddr4/inst/u_ddr4_infrastructure/mmcm_clk_in
    MMCM_X0Y4            MMCME4_ADV (Prop_MMCM_CLKIN1_CLKOUT0)
                                                     -0.295     0.483 r  core_inst/ddr_inst/u_ddr4/inst/u_ddr4_infrastructure/gen_mmcme4.u_mmcme_adv_inst/CLKOUT0
                         net (fo=1, routed)           0.166     0.649    core_inst/ddr_inst/u_ddr4/inst/u_ddr4_infrastructure/mmcm_clkout0
    BUFGCE_X0Y118        BUFGCE (Prop_BUFCE_BUFGCE_I_O)
                                                      0.019     0.668 r  core_inst/ddr_inst/u_ddr4/inst/u_ddr4_infrastructure/u_bufg_divClk/O
    X4Y4 (CLOCK_ROOT)    net (fo=25160, routed)       0.834     1.502    core_inst/ddr_inst/u_wfifo/fifo_inst/c0_ddr4_ui_clk
    SLICE_X72Y257        FDPE                                         r  core_inst/ddr_inst/u_wfifo/fifo_inst/s_rst_sync1_reg_reg/C
                         clock pessimism              0.301     1.803    
    SLICE_X72Y257        FDPE (Remov_AFF_SLICEM_C_PRE)
                                                     -0.020     1.783    core_inst/ddr_inst/u_wfifo/fifo_inst/s_rst_sync1_reg_reg
  -------------------------------------------------------------------
                         required time                         -1.783    
                         arrival time                           2.626    
  -------------------------------------------------------------------
                         slack                                  0.842    





---------------------------------------------------------------------------------------------------
Path Group:  **async_default**
From Clock:  mmcm_clkout5
  To Clock:  mmcm_clkout5

Setup :            0  Failing Endpoints,  Worst Slack       12.357ns,  Total Violation        0.000ns
Hold  :            0  Failing Endpoints,  Worst Slack        0.101ns,  Total Violation        0.000ns
---------------------------------------------------------------------------------------------------


Max Delay Paths
--------------------------------------------------------------------------------------
Slack (MET) :             12.357ns  (required time - arrival time)
  Source:                 dbg_hub/inst/BSCANID.u_xsdbm_id/CORE_XSDB.UUT_MASTER/U_ICON_INTERFACE/U_CMD6_RD/U_RD_FIFO/SUBCORE_FIFO.xsdbm_v3_0_0_rdfifo_inst/inst_fifo_gen/gconvfifo.rf/grf.rf/rstblk/ngwrdrst.grst.g7serrst.gwrrd_rst_sync_stage[2].wrst_inst/Q_reg_reg[0]/C
                            (rising edge-triggered cell FDRE clocked by mmcm_clkout5  {rise@0.000ns fall@6.664ns period=13.328ns})
  Destination:            dbg_hub/inst/BSCANID.u_xsdbm_id/CORE_XSDB.UUT_MASTER/U_ICON_INTERFACE/U_CMD6_RD/U_RD_FIFO/SUBCORE_FIFO.xsdbm_v3_0_0_rdfifo_inst/inst_fifo_gen/gconvfifo.rf/grf.rf/rstblk/ngwrdrst.grst.g7serrst.wr_rst_reg_reg[0]/PRE
                            (recovery check against rising-edge clock mmcm_clkout5  {rise@0.000ns fall@6.664ns period=13.328ns})
  Path Group:             **async_default**
  Path Type:              Recovery (Max at Slow Process Corner)
  Requirement:            13.328ns  (mmcm_clkout5 rise@13.328ns - mmcm_clkout5 rise@0.000ns)
  Data Path Delay:        0.739ns  (logic 0.202ns (27.334%)  route 0.537ns (72.666%))
  Logic Levels:           1  (LUT2=1)
  Clock Path Skew:        -0.105ns (DCD - SCD + CPR)
    Destination Clock Delay (DCD):    3.223ns = ( 16.551 - 13.328 ) 
    Source Clock Delay      (SCD):    2.893ns
    Clock Pessimism Removal (CPR):    -0.435ns
  Clock Uncertainty:      0.061ns  ((TSJ^2 + DJ^2)^1/2) / 2 + PE
    Total System Jitter     (TSJ):    0.071ns
    Discrete Jitter          (DJ):    0.100ns
    Phase Error              (PE):    0.000ns
  Clock Net Delay (Source):      1.673ns (routing 0.827ns, distribution 0.846ns)
  Clock Net Delay (Destination): 1.457ns (routing 0.751ns, distribution 0.706ns)

    Location             Delay type                Incr(ns)  Path(ns)    Netlist Resource(s)
  -------------------------------------------------------------------    -------------------
                         (clock mmcm_clkout5 rise edge)
                                                      0.000     0.000 r  
    G13                                               0.000     0.000 r  c0_sys_clk_p (IN)
                         net (fo=0)                   0.100     0.100    core_inst/ddr_inst/u_ddr4/inst/u_ddr4_mem_intfc/u_mig_ddr4_phy/inst/u_ddr4_phy_pll/diff_input_clk.u_ibufg_sys_clk/I
    HPIOBDIFFINBUF_X0Y108
                         DIFFINBUF (Prop_DIFFINBUF_HPIOBDIFFINBUF_DIFF_IN_P_O)
                                                      0.549     0.649 r  core_inst/ddr_inst/u_ddr4/inst/u_ddr4_mem_intfc/u_mig_ddr4_phy/inst/u_ddr4_phy_pll/diff_input_clk.u_ibufg_sys_clk/DIFFINBUF_INST/O
                         net (fo=1, routed)           0.050     0.699    core_inst/ddr_inst/u_ddr4/inst/u_ddr4_mem_intfc/u_mig_ddr4_phy/inst/u_ddr4_phy_pll/diff_input_clk.u_ibufg_sys_clk/OUT
    G13                  IBUFCTRL (Prop_IBUFCTRL_HPIOB_M_I_O)
                                                      0.000     0.699 r  core_inst/ddr_inst/u_ddr4/inst/u_ddr4_mem_intfc/u_mig_ddr4_phy/inst/u_ddr4_phy_pll/diff_input_clk.u_ibufg_sys_clk/IBUFCTRL_INST/O
                         net (fo=2, routed)           0.384     1.083    core_inst/ddr_inst/u_ddr4/inst/u_ddr4_infrastructure/mmcm_clk_in
    MMCM_X0Y4            MMCME4_ADV (Prop_MMCM_CLKIN1_CLKOUT5)
                                                     -0.127     0.956 r  core_inst/ddr_inst/u_ddr4/inst/u_ddr4_infrastructure/gen_mmcme4.u_mmcme_adv_inst/CLKOUT5
                         net (fo=1, routed)           0.236     1.192    core_inst/ddr_inst/u_ddr4/inst/u_ddr4_infrastructure/mmcm_clkout5
    BUFGCE_X0Y119        BUFGCE (Prop_BUFCE_BUFGCE_I_O)
                                                      0.028     1.220 r  core_inst/ddr_inst/u_ddr4/inst/u_ddr4_infrastructure/u_bufg_dbg_clk/O
    X3Y3 (CLOCK_ROOT)    net (fo=870, routed)         1.673     2.893    dbg_hub/inst/BSCANID.u_xsdbm_id/CORE_XSDB.UUT_MASTER/U_ICON_INTERFACE/U_CMD6_RD/U_RD_FIFO/SUBCORE_FIFO.xsdbm_v3_0_0_rdfifo_inst/inst_fifo_gen/gconvfifo.rf/grf.rf/rstblk/ngwrdrst.grst.g7serrst.gwrrd_rst_sync_stage[2].wrst_inst/wr_clk
    SLICE_X79Y197        FDRE                                         r  dbg_hub/inst/BSCANID.u_xsdbm_id/CORE_XSDB.UUT_MASTER/U_ICON_INTERFACE/U_CMD6_RD/U_RD_FIFO/SUBCORE_FIFO.xsdbm_v3_0_0_rdfifo_inst/inst_fifo_gen/gconvfifo.rf/grf.rf/rstblk/ngwrdrst.grst.g7serrst.gwrrd_rst_sync_stage[2].wrst_inst/Q_reg_reg[0]/C
  -------------------------------------------------------------------    -------------------
    SLICE_X79Y197        FDRE (Prop_EFF2_SLICEM_C_Q)
                                                      0.079     2.972 r  dbg_hub/inst/BSCANID.u_xsdbm_id/CORE_XSDB.UUT_MASTER/U_ICON_INTERFACE/U_CMD6_RD/U_RD_FIFO/SUBCORE_FIFO.xsdbm_v3_0_0_rdfifo_inst/inst_fifo_gen/gconvfifo.rf/grf.rf/rstblk/ngwrdrst.grst.g7serrst.gwrrd_rst_sync_stage[2].wrst_inst/Q_reg_reg[0]/Q
                         net (fo=1, routed)           0.163     3.135    dbg_hub/inst/BSCANID.u_xsdbm_id/CORE_XSDB.UUT_MASTER/U_ICON_INTERFACE/U_CMD6_RD/U_RD_FIFO/SUBCORE_FIFO.xsdbm_v3_0_0_rdfifo_inst/inst_fifo_gen/gconvfifo.rf/grf.rf/rstblk/ngwrdrst.grst.g7serrst.gwrrd_rst_sync_stage[2].wrst_inst/Q_reg
    SLICE_X79Y197        LUT2 (Prop_F6LUT_SLICEM_I1_O)
                                                      0.123     3.258 f  dbg_hub/inst/BSCANID.u_xsdbm_id/CORE_XSDB.UUT_MASTER/U_ICON_INTERFACE/U_CMD6_RD/U_RD_FIFO/SUBCORE_FIFO.xsdbm_v3_0_0_rdfifo_inst/inst_fifo_gen/gconvfifo.rf/grf.rf/rstblk/ngwrdrst.grst.g7serrst.gwrrd_rst_sync_stage[2].wrst_inst/ngwrdrst.grst.g7serrst.wr_rst_reg[2]_i_1/O
                         net (fo=3, routed)           0.374     3.632    dbg_hub/inst/BSCANID.u_xsdbm_id/CORE_XSDB.UUT_MASTER/U_ICON_INTERFACE/U_CMD6_RD/U_RD_FIFO/SUBCORE_FIFO.xsdbm_v3_0_0_rdfifo_inst/inst_fifo_gen/gconvfifo.rf/grf.rf/rstblk/wr_rst_comb
    SLICE_X77Y196        FDPE                                         f  dbg_hub/inst/BSCANID.u_xsdbm_id/CORE_XSDB.UUT_MASTER/U_ICON_INTERFACE/U_CMD6_RD/U_RD_FIFO/SUBCORE_FIFO.xsdbm_v3_0_0_rdfifo_inst/inst_fifo_gen/gconvfifo.rf/grf.rf/rstblk/ngwrdrst.grst.g7serrst.wr_rst_reg_reg[0]/PRE
  -------------------------------------------------------------------    -------------------

                         (clock mmcm_clkout5 rise edge)
                                                     13.328    13.328 r  
    G13                                               0.000    13.328 r  c0_sys_clk_p (IN)
                         net (fo=0)                   0.079    13.407    core_inst/ddr_inst/u_ddr4/inst/u_ddr4_mem_intfc/u_mig_ddr4_phy/inst/u_ddr4_phy_pll/diff_input_clk.u_ibufg_sys_clk/I
    HPIOBDIFFINBUF_X0Y108
                         DIFFINBUF (Prop_DIFFINBUF_HPIOBDIFFINBUF_DIFF_IN_P_O)
                                                      0.453    13.860 r  core_inst/ddr_inst/u_ddr4/inst/u_ddr4_mem_intfc/u_mig_ddr4_phy/inst/u_ddr4_phy_pll/diff_input_clk.u_ibufg_sys_clk/DIFFINBUF_INST/O
                         net (fo=1, routed)           0.040    13.900    core_inst/ddr_inst/u_ddr4/inst/u_ddr4_mem_intfc/u_mig_ddr4_phy/inst/u_ddr4_phy_pll/diff_input_clk.u_ibufg_sys_clk/OUT
    G13                  IBUFCTRL (Prop_IBUFCTRL_HPIOB_M_I_O)
                                                      0.000    13.900 r  core_inst/ddr_inst/u_ddr4/inst/u_ddr4_mem_intfc/u_mig_ddr4_phy/inst/u_ddr4_phy_pll/diff_input_clk.u_ibufg_sys_clk/IBUFCTRL_INST/O
                         net (fo=2, routed)           0.333    14.233    core_inst/ddr_inst/u_ddr4/inst/u_ddr4_infrastructure/mmcm_clk_in
    MMCM_X0Y4            MMCME4_ADV (Prop_MMCM_CLKIN1_CLKOUT5)
                                                      0.630    14.863 r  core_inst/ddr_inst/u_ddr4/inst/u_ddr4_infrastructure/gen_mmcme4.u_mmcme_adv_inst/CLKOUT5
                         net (fo=1, routed)           0.208    15.071    core_inst/ddr_inst/u_ddr4/inst/u_ddr4_infrastructure/mmcm_clkout5
    BUFGCE_X0Y119        BUFGCE (Prop_BUFCE_BUFGCE_I_O)
                                                      0.024    15.095 r  core_inst/ddr_inst/u_ddr4/inst/u_ddr4_infrastructure/u_bufg_dbg_clk/O
    X3Y3 (CLOCK_ROOT)    net (fo=870, routed)         1.457    16.551    dbg_hub/inst/BSCANID.u_xsdbm_id/CORE_XSDB.UUT_MASTER/U_ICON_INTERFACE/U_CMD6_RD/U_RD_FIFO/SUBCORE_FIFO.xsdbm_v3_0_0_rdfifo_inst/inst_fifo_gen/gconvfifo.rf/grf.rf/rstblk/wr_clk
    SLICE_X77Y196        FDPE                                         r  dbg_hub/inst/BSCANID.u_xsdbm_id/CORE_XSDB.UUT_MASTER/U_ICON_INTERFACE/U_CMD6_RD/U_RD_FIFO/SUBCORE_FIFO.xsdbm_v3_0_0_rdfifo_inst/inst_fifo_gen/gconvfifo.rf/grf.rf/rstblk/ngwrdrst.grst.g7serrst.wr_rst_reg_reg[0]/C
                         clock pessimism             -0.435    16.116    
                         clock uncertainty           -0.061    16.055    
    SLICE_X77Y196        FDPE (Recov_AFF_SLICEL_C_PRE)
                                                     -0.066    15.989    dbg_hub/inst/BSCANID.u_xsdbm_id/CORE_XSDB.UUT_MASTER/U_ICON_INTERFACE/U_CMD6_RD/U_RD_FIFO/SUBCORE_FIFO.xsdbm_v3_0_0_rdfifo_inst/inst_fifo_gen/gconvfifo.rf/grf.rf/rstblk/ngwrdrst.grst.g7serrst.wr_rst_reg_reg[0]
  -------------------------------------------------------------------
                         required time                         15.989    
                         arrival time                          -3.632    
  -------------------------------------------------------------------
                         slack                                 12.357    





Min Delay Paths
--------------------------------------------------------------------------------------
Slack (MET) :             0.101ns  (arrival time - required time)
  Source:                 dbg_hub/inst/BSCANID.u_xsdbm_id/CORE_XSDB.UUT_MASTER/U_ICON_INTERFACE/U_CMD6_WR/U_WR_FIFO/SUBCORE_FIFO.xsdbm_v3_0_0_wrfifo_inst/inst_fifo_gen/gconvfifo.rf/grf.rf/rstblk/ngwrdrst.grst.g7serrst.rst_rd_reg2_reg/C
                            (rising edge-triggered cell FDPE clocked by mmcm_clkout5  {rise@0.000ns fall@6.664ns period=13.328ns})
  Destination:            dbg_hub/inst/BSCANID.u_xsdbm_id/CORE_XSDB.UUT_MASTER/U_ICON_INTERFACE/U_CMD6_WR/U_WR_FIFO/SUBCORE_FIFO.xsdbm_v3_0_0_wrfifo_inst/inst_fifo_gen/gconvfifo.rf/grf.rf/rstblk/ngwrdrst.grst.g7serrst.rd_rst_asreg_reg/PRE
                            (removal check against rising-edge clock mmcm_clkout5  {rise@0.000ns fall@6.664ns period=13.328ns})
  Path Group:             **async_default**
  Path Type:              Removal (Min at Fast Process Corner)
  Requirement:            0.000ns  (mmcm_clkout5 rise@0.000ns - mmcm_clkout5 rise@0.000ns)
  Data Path Delay:        0.135ns  (logic 0.039ns (28.889%)  route 0.096ns (71.111%))
  Logic Levels:           0  
  Clock Path Skew:        0.054ns (DCD - SCD - CPR)
    Destination Clock Delay (DCD):    1.708ns
    Source Clock Delay      (SCD):    1.929ns
    Clock Pessimism Removal (CPR):    -0.274ns
  Clock Net Delay (Source):      0.919ns (routing 0.458ns, distribution 0.461ns)
  Clock Net Delay (Destination): 1.046ns (routing 0.509ns, distribution 0.537ns)

    Location             Delay type                Incr(ns)  Path(ns)    Netlist Resource(s)
  -------------------------------------------------------------------    -------------------
                         (clock mmcm_clkout5 rise edge)
                                                      0.000     0.000 r  
    G13                                               0.000     0.000 r  c0_sys_clk_p (IN)
                         net (fo=0)                   0.079     0.079    core_inst/ddr_inst/u_ddr4/inst/u_ddr4_mem_intfc/u_mig_ddr4_phy/inst/u_ddr4_phy_pll/diff_input_clk.u_ibufg_sys_clk/I
    HPIOBDIFFINBUF_X0Y108
                         DIFFINBUF (Prop_DIFFINBUF_HPIOBDIFFINBUF_DIFF_IN_P_O)
                                                      0.308     0.387 r  core_inst/ddr_inst/u_ddr4/inst/u_ddr4_mem_intfc/u_mig_ddr4_phy/inst/u_ddr4_phy_pll/diff_input_clk.u_ibufg_sys_clk/DIFFINBUF_INST/O
                         net (fo=1, routed)           0.040     0.427    core_inst/ddr_inst/u_ddr4/inst/u_ddr4_mem_intfc/u_mig_ddr4_phy/inst/u_ddr4_phy_pll/diff_input_clk.u_ibufg_sys_clk/OUT
    G13                  IBUFCTRL (Prop_IBUFCTRL_HPIOB_M_I_O)
                                                      0.000     0.427 r  core_inst/ddr_inst/u_ddr4/inst/u_ddr4_mem_intfc/u_mig_ddr4_phy/inst/u_ddr4_phy_pll/diff_input_clk.u_ibufg_sys_clk/IBUFCTRL_INST/O
                         net (fo=2, routed)           0.196     0.623    core_inst/ddr_inst/u_ddr4/inst/u_ddr4_infrastructure/mmcm_clk_in
    MMCM_X0Y4            MMCME4_ADV (Prop_MMCM_CLKIN1_CLKOUT5)
                                                      0.230     0.853 r  core_inst/ddr_inst/u_ddr4/inst/u_ddr4_infrastructure/gen_mmcme4.u_mmcme_adv_inst/CLKOUT5
                         net (fo=1, routed)           0.140     0.993    core_inst/ddr_inst/u_ddr4/inst/u_ddr4_infrastructure/mmcm_clkout5
    BUFGCE_X0Y119        BUFGCE (Prop_BUFCE_BUFGCE_I_O)
                                                      0.017     1.010 r  core_inst/ddr_inst/u_ddr4/inst/u_ddr4_infrastructure/u_bufg_dbg_clk/O
    X3Y3 (CLOCK_ROOT)    net (fo=870, routed)         0.919     1.929    dbg_hub/inst/BSCANID.u_xsdbm_id/CORE_XSDB.UUT_MASTER/U_ICON_INTERFACE/U_CMD6_WR/U_WR_FIFO/SUBCORE_FIFO.xsdbm_v3_0_0_wrfifo_inst/inst_fifo_gen/gconvfifo.rf/grf.rf/rstblk/rd_clk
    SLICE_X75Y183        FDPE                                         r  dbg_hub/inst/BSCANID.u_xsdbm_id/CORE_XSDB.UUT_MASTER/U_ICON_INTERFACE/U_CMD6_WR/U_WR_FIFO/SUBCORE_FIFO.xsdbm_v3_0_0_wrfifo_inst/inst_fifo_gen/gconvfifo.rf/grf.rf/rstblk/ngwrdrst.grst.g7serrst.rst_rd_reg2_reg/C
  -------------------------------------------------------------------    -------------------
    SLICE_X75Y183        FDPE (Prop_EFF2_SLICEM_C_Q)
                                                      0.039     1.968 f  dbg_hub/inst/BSCANID.u_xsdbm_id/CORE_XSDB.UUT_MASTER/U_ICON_INTERFACE/U_CMD6_WR/U_WR_FIFO/SUBCORE_FIFO.xsdbm_v3_0_0_wrfifo_inst/inst_fifo_gen/gconvfifo.rf/grf.rf/rstblk/ngwrdrst.grst.g7serrst.rst_rd_reg2_reg/Q
                         net (fo=1, routed)           0.096     2.064    dbg_hub/inst/BSCANID.u_xsdbm_id/CORE_XSDB.UUT_MASTER/U_ICON_INTERFACE/U_CMD6_WR/U_WR_FIFO/SUBCORE_FIFO.xsdbm_v3_0_0_wrfifo_inst/inst_fifo_gen/gconvfifo.rf/grf.rf/rstblk/ngwrdrst.grst.rst_rd_reg2
    SLICE_X74Y183        FDPE                                         f  dbg_hub/inst/BSCANID.u_xsdbm_id/CORE_XSDB.UUT_MASTER/U_ICON_INTERFACE/U_CMD6_WR/U_WR_FIFO/SUBCORE_FIFO.xsdbm_v3_0_0_wrfifo_inst/inst_fifo_gen/gconvfifo.rf/grf.rf/rstblk/ngwrdrst.grst.g7serrst.rd_rst_asreg_reg/PRE
  -------------------------------------------------------------------    -------------------

                         (clock mmcm_clkout5 rise edge)
                                                      0.000     0.000 r  
    G13                                               0.000     0.000 r  c0_sys_clk_p (IN)
                         net (fo=0)                   0.100     0.100    core_inst/ddr_inst/u_ddr4/inst/u_ddr4_mem_intfc/u_mig_ddr4_phy/inst/u_ddr4_phy_pll/diff_input_clk.u_ibufg_sys_clk/I
    HPIOBDIFFINBUF_X0Y108
                         DIFFINBUF (Prop_DIFFINBUF_HPIOBDIFFINBUF_DIFF_IN_P_O)
                                                      0.406     0.506 r  core_inst/ddr_inst/u_ddr4/inst/u_ddr4_mem_intfc/u_mig_ddr4_phy/inst/u_ddr4_phy_pll/diff_input_clk.u_ibufg_sys_clk/DIFFINBUF_INST/O
                         net (fo=1, routed)           0.050     0.556    core_inst/ddr_inst/u_ddr4/inst/u_ddr4_mem_intfc/u_mig_ddr4_phy/inst/u_ddr4_phy_pll/diff_input_clk.u_ibufg_sys_clk/OUT
    G13                  IBUFCTRL (Prop_IBUFCTRL_HPIOB_M_I_O)
                                                      0.000     0.556 r  core_inst/ddr_inst/u_ddr4/inst/u_ddr4_mem_intfc/u_mig_ddr4_phy/inst/u_ddr4_phy_pll/diff_input_clk.u_ibufg_sys_clk/IBUFCTRL_INST/O
                         net (fo=2, routed)           0.222     0.778    core_inst/ddr_inst/u_ddr4/inst/u_ddr4_infrastructure/mmcm_clk_in
    MMCM_X0Y4            MMCME4_ADV (Prop_MMCM_CLKIN1_CLKOUT5)
                                                     -0.295     0.483 r  core_inst/ddr_inst/u_ddr4/inst/u_ddr4_infrastructure/gen_mmcme4.u_mmcme_adv_inst/CLKOUT5
                         net (fo=1, routed)           0.160     0.643    core_inst/ddr_inst/u_ddr4/inst/u_ddr4_infrastructure/mmcm_clkout5
    BUFGCE_X0Y119        BUFGCE (Prop_BUFCE_BUFGCE_I_O)
                                                      0.019     0.662 r  core_inst/ddr_inst/u_ddr4/inst/u_ddr4_infrastructure/u_bufg_dbg_clk/O
    X3Y3 (CLOCK_ROOT)    net (fo=870, routed)         1.046     1.708    dbg_hub/inst/BSCANID.u_xsdbm_id/CORE_XSDB.UUT_MASTER/U_ICON_INTERFACE/U_CMD6_WR/U_WR_FIFO/SUBCORE_FIFO.xsdbm_v3_0_0_wrfifo_inst/inst_fifo_gen/gconvfifo.rf/grf.rf/rstblk/rd_clk
    SLICE_X74Y183        FDPE                                         r  dbg_hub/inst/BSCANID.u_xsdbm_id/CORE_XSDB.UUT_MASTER/U_ICON_INTERFACE/U_CMD6_WR/U_WR_FIFO/SUBCORE_FIFO.xsdbm_v3_0_0_wrfifo_inst/inst_fifo_gen/gconvfifo.rf/grf.rf/rstblk/ngwrdrst.grst.g7serrst.rd_rst_asreg_reg/C
                         clock pessimism              0.274     1.983    
    SLICE_X74Y183        FDPE (Remov_HFF2_SLICEL_C_PRE)
                                                     -0.020     1.963    dbg_hub/inst/BSCANID.u_xsdbm_id/CORE_XSDB.UUT_MASTER/U_ICON_INTERFACE/U_CMD6_WR/U_WR_FIFO/SUBCORE_FIFO.xsdbm_v3_0_0_wrfifo_inst/inst_fifo_gen/gconvfifo.rf/grf.rf/rstblk/ngwrdrst.grst.g7serrst.rd_rst_asreg_reg
  -------------------------------------------------------------------
                         required time                         -1.963    
                         arrival time                           2.064    
  -------------------------------------------------------------------
                         slack                                  0.101    





---------------------------------------------------------------------------------------------------
Path Group:  **async_default**
From Clock:  txoutclk_out[0]
  To Clock:  txoutclk_out[0]

Setup :            0  Failing Endpoints,  Worst Slack        1.333ns,  Total Violation        0.000ns
Hold  :            0  Failing Endpoints,  Worst Slack        0.355ns,  Total Violation        0.000ns
---------------------------------------------------------------------------------------------------


Max Delay Paths
--------------------------------------------------------------------------------------
Slack (MET) :             1.333ns  (required time - arrival time)
  Source:                 core_inst/cmac_inst/inst/i_cmac_usplus_0_cmac_cdc_sync_core_rx_reset/s_out_d4_reg/C
                            (rising edge-triggered cell FDRE clocked by txoutclk_out[0]  {rise@0.000ns fall@1.552ns period=3.103ns})
  Destination:            core_inst/rx_fifo/fifo_inst/m_rst_sync1_reg_reg/PRE
                            (recovery check against rising-edge clock txoutclk_out[0]  {rise@0.000ns fall@1.552ns period=3.103ns})
  Path Group:             **async_default**
  Path Type:              Recovery (Max at Slow Process Corner)
  Requirement:            3.103ns  (txoutclk_out[0] rise@3.103ns - txoutclk_out[0] rise@0.000ns)
  Data Path Delay:        1.655ns  (logic 0.231ns (13.959%)  route 1.424ns (86.041%))
  Logic Levels:           1  (LUT3=1)
  Clock Path Skew:        -0.003ns (DCD - SCD + CPR)
    Destination Clock Delay (DCD):    1.521ns = ( 4.624 - 3.103 ) 
    Source Clock Delay      (SCD):    1.643ns
    Clock Pessimism Removal (CPR):    0.120ns
  Clock Uncertainty:      0.046ns  ((TSJ^2 + DJ^2)^1/2) / 2 + PE
    Total System Jitter     (TSJ):    0.071ns
    Discrete Jitter          (DJ):    0.060ns
    Phase Error              (PE):    0.000ns
  Clock Net Delay (Source):      1.428ns (routing 0.553ns, distribution 0.875ns)
  Clock Net Delay (Destination): 1.329ns (routing 0.498ns, distribution 0.831ns)

    Location             Delay type                Incr(ns)  Path(ns)    Netlist Resource(s)
  -------------------------------------------------------------------    -------------------
                         (clock txoutclk_out[0] rise edge)
                                                      0.000     0.000 r  
    GTYE4_CHANNEL_X0Y4   GTYE4_CHANNEL                0.000     0.000 r  core_inst/cmac_inst/inst/cmac_usplus_0_gt_i/inst/gen_gtwizard_gtye4_top.cmac_usplus_0_gt_gtwizard_gtye4_inst/gen_gtwizard_gtye4.gen_channel_container[1].gen_enabled_channel.gtye4_channel_wrapper_inst/channel_inst/gtye4_channel_gen.gen_gtye4_channel_inst[0].GTYE4_CHANNEL_PRIM_INST/TXOUTCLK
                         net (fo=2, routed)           0.085     0.085    core_inst/cmac_inst/inst/cmac_gtwiz_userclk_tx_inst/txoutclk_out[0]
    BUFG_GT_X0Y102       BUFG_GT (Prop_BUFG_GT_I_O)
                                                      0.130     0.215 r  core_inst/cmac_inst/inst/cmac_gtwiz_userclk_tx_inst/gen_gtwiz_userclk_tx_main.bufg_gt_usrclk_inst/O
    X0Y3 (CLOCK_ROOT)    net (fo=2722, routed)        1.428     1.643    core_inst/cmac_inst/inst/i_cmac_usplus_0_cmac_cdc_sync_core_rx_reset/rx_clk
    SLICE_X4Y245         FDRE                                         r  core_inst/cmac_inst/inst/i_cmac_usplus_0_cmac_cdc_sync_core_rx_reset/s_out_d4_reg/C
  -------------------------------------------------------------------    -------------------
    SLICE_X4Y245         FDRE (Prop_EFF2_SLICEL_C_Q)
                                                      0.081     1.724 f  core_inst/cmac_inst/inst/i_cmac_usplus_0_cmac_cdc_sync_core_rx_reset/s_out_d4_reg/Q
                         net (fo=1, routed)           0.173     1.897    core_inst/cmac_inst/inst/i_cmac_usplus_0_cmac_cdc_sync_core_drp_reset_rx_clk/s_out_d4
    SLICE_X4Y245         LUT3 (Prop_H6LUT_SLICEL_I1_O)
                                                      0.150     2.047 f  core_inst/cmac_inst/inst/i_cmac_usplus_0_cmac_cdc_sync_core_drp_reset_rx_clk/usr_rx_reset_INST_0/O
                         net (fo=61, routed)          1.251     3.298    core_inst/rx_fifo/fifo_inst/usr_rx_reset
    SLICE_X22Y248        FDPE                                         f  core_inst/rx_fifo/fifo_inst/m_rst_sync1_reg_reg/PRE
  -------------------------------------------------------------------    -------------------

                         (clock txoutclk_out[0] rise edge)
                                                      3.103     3.103 r  
    GTYE4_CHANNEL_X0Y4   GTYE4_CHANNEL                0.000     3.103 r  core_inst/cmac_inst/inst/cmac_usplus_0_gt_i/inst/gen_gtwizard_gtye4_top.cmac_usplus_0_gt_gtwizard_gtye4_inst/gen_gtwizard_gtye4.gen_channel_container[1].gen_enabled_channel.gtye4_channel_wrapper_inst/channel_inst/gtye4_channel_gen.gen_gtye4_channel_inst[0].GTYE4_CHANNEL_PRIM_INST/TXOUTCLK
                         net (fo=2, routed)           0.078     3.181    core_inst/cmac_inst/inst/cmac_gtwiz_userclk_tx_inst/txoutclk_out[0]
    BUFG_GT_X0Y102       BUFG_GT (Prop_BUFG_GT_I_O)
                                                      0.114     3.295 r  core_inst/cmac_inst/inst/cmac_gtwiz_userclk_tx_inst/gen_gtwiz_userclk_tx_main.bufg_gt_usrclk_inst/O
    X0Y3 (CLOCK_ROOT)    net (fo=2722, routed)        1.329     4.624    core_inst/rx_fifo/fifo_inst/gt_txusrclk2
    SLICE_X22Y248        FDPE                                         r  core_inst/rx_fifo/fifo_inst/m_rst_sync1_reg_reg/C
                         clock pessimism              0.120     4.743    
                         clock uncertainty           -0.046     4.697    
    SLICE_X22Y248        FDPE (Recov_AFF_SLICEL_C_PRE)
                                                     -0.066     4.631    core_inst/rx_fifo/fifo_inst/m_rst_sync1_reg_reg
  -------------------------------------------------------------------
                         required time                          4.631    
                         arrival time                          -3.298    
  -------------------------------------------------------------------
                         slack                                  1.333    





Min Delay Paths
--------------------------------------------------------------------------------------
Slack (MET) :             0.355ns  (arrival time - required time)
  Source:                 core_inst/cmac_inst/inst/i_cmac_usplus_0_cmac_cdc_sync_core_tx_reset/s_out_d4_reg/C
                            (rising edge-triggered cell FDRE clocked by txoutclk_out[0]  {rise@0.000ns fall@1.552ns period=3.103ns})
  Destination:            core_inst/tx_fifo/fifo_inst/s_rst_sync1_reg_reg/PRE
                            (removal check against rising-edge clock txoutclk_out[0]  {rise@0.000ns fall@1.552ns period=3.103ns})
  Path Group:             **async_default**
  Path Type:              Removal (Min at Fast Process Corner)
  Requirement:            0.000ns  (txoutclk_out[0] rise@0.000ns - txoutclk_out[0] rise@0.000ns)
  Data Path Delay:        0.382ns  (logic 0.074ns (19.367%)  route 0.308ns (80.633%))
  Logic Levels:           1  (LUT3=1)
  Clock Path Skew:        0.047ns (DCD - SCD - CPR)
    Destination Clock Delay (DCD):    1.025ns
    Source Clock Delay      (SCD):    0.904ns
    Clock Pessimism Removal (CPR):    0.075ns
  Clock Net Delay (Source):      0.779ns (routing 0.306ns, distribution 0.473ns)
  Clock Net Delay (Destination): 0.886ns (routing 0.344ns, distribution 0.542ns)

    Location             Delay type                Incr(ns)  Path(ns)    Netlist Resource(s)
  -------------------------------------------------------------------    -------------------
                         (clock txoutclk_out[0] rise edge)
                                                      0.000     0.000 r  
    GTYE4_CHANNEL_X0Y4   GTYE4_CHANNEL                0.000     0.000 r  core_inst/cmac_inst/inst/cmac_usplus_0_gt_i/inst/gen_gtwizard_gtye4_top.cmac_usplus_0_gt_gtwizard_gtye4_inst/gen_gtwizard_gtye4.gen_channel_container[1].gen_enabled_channel.gtye4_channel_wrapper_inst/channel_inst/gtye4_channel_gen.gen_gtye4_channel_inst[0].GTYE4_CHANNEL_PRIM_INST/TXOUTCLK
                         net (fo=2, routed)           0.052     0.052    core_inst/cmac_inst/inst/cmac_gtwiz_userclk_tx_inst/txoutclk_out[0]
    BUFG_GT_X0Y102       BUFG_GT (Prop_BUFG_GT_I_O)
                                                      0.073     0.125 r  core_inst/cmac_inst/inst/cmac_gtwiz_userclk_tx_inst/gen_gtwiz_userclk_tx_main.bufg_gt_usrclk_inst/O
    X0Y3 (CLOCK_ROOT)    net (fo=2722, routed)        0.779     0.904    core_inst/cmac_inst/inst/i_cmac_usplus_0_cmac_cdc_sync_core_tx_reset/s_out_d3_reg_0
    SLICE_X18Y220        FDRE                                         r  core_inst/cmac_inst/inst/i_cmac_usplus_0_cmac_cdc_sync_core_tx_reset/s_out_d4_reg/C
  -------------------------------------------------------------------    -------------------
    SLICE_X18Y220        FDRE (Prop_EFF2_SLICEM_C_Q)
                                                      0.039     0.943 f  core_inst/cmac_inst/inst/i_cmac_usplus_0_cmac_cdc_sync_core_tx_reset/s_out_d4_reg/Q
                         net (fo=1, routed)           0.073     1.016    core_inst/cmac_inst/inst/i_cmac_usplus_0_cmac_cdc_sync_core_drp_reset_tx_clk/s_out_d4
    SLICE_X17Y220        LUT3 (Prop_G6LUT_SLICEL_I1_O)
                                                      0.035     1.051 f  core_inst/cmac_inst/inst/i_cmac_usplus_0_cmac_cdc_sync_core_drp_reset_tx_clk/usr_tx_reset_INST_0/O
                         net (fo=14, routed)          0.235     1.286    core_inst/tx_fifo/fifo_inst/usr_tx_reset
    SLICE_X17Y200        FDPE                                         f  core_inst/tx_fifo/fifo_inst/s_rst_sync1_reg_reg/PRE
  -------------------------------------------------------------------    -------------------

                         (clock txoutclk_out[0] rise edge)
                                                      0.000     0.000 r  
    GTYE4_CHANNEL_X0Y4   GTYE4_CHANNEL                0.000     0.000 r  core_inst/cmac_inst/inst/cmac_usplus_0_gt_i/inst/gen_gtwizard_gtye4_top.cmac_usplus_0_gt_gtwizard_gtye4_inst/gen_gtwizard_gtye4.gen_channel_container[1].gen_enabled_channel.gtye4_channel_wrapper_inst/channel_inst/gtye4_channel_gen.gen_gtye4_channel_inst[0].GTYE4_CHANNEL_PRIM_INST/TXOUTCLK
                         net (fo=2, routed)           0.057     0.057    core_inst/cmac_inst/inst/cmac_gtwiz_userclk_tx_inst/txoutclk_out[0]
    BUFG_GT_X0Y102       BUFG_GT (Prop_BUFG_GT_I_O)
                                                      0.082     0.139 r  core_inst/cmac_inst/inst/cmac_gtwiz_userclk_tx_inst/gen_gtwiz_userclk_tx_main.bufg_gt_usrclk_inst/O
    X0Y3 (CLOCK_ROOT)    net (fo=2722, routed)        0.886     1.025    core_inst/tx_fifo/fifo_inst/gt_txusrclk2
    SLICE_X17Y200        FDPE                                         r  core_inst/tx_fifo/fifo_inst/s_rst_sync1_reg_reg/C
                         clock pessimism             -0.075     0.950    
    SLICE_X17Y200        FDPE (Remov_EFF_SLICEL_C_PRE)
                                                     -0.020     0.930    core_inst/tx_fifo/fifo_inst/s_rst_sync1_reg_reg
  -------------------------------------------------------------------
                         required time                         -0.930    
                         arrival time                           1.286    
  -------------------------------------------------------------------
                         slack                                  0.355    





